#
# There is insufficient memory for the Java Runtime Environment to continue.
# Native memory allocation (mmap) failed to map 65536 bytes for Failed to commit metaspace.
# Possible reasons:
#   The system is out of physical RAM or swap space
#   The process is running with CompressedOops enabled, and the Java Heap may be blocking the growth of the native heap
# Possible solutions:
#   Reduce memory load on the system
#   Increase physical memory or swap space
#   Check if swap backing store is full
#   Decrease Java heap size (-Xmx/-Xms)
#   Decrease number of Java threads
#   Decrease Java thread stack sizes (-Xss)
#   Set larger code cache with -XX:ReservedCodeCacheSize=
#   JVM is running with Unscaled Compressed Oops mode in which the Java heap is
#     placed in the first 4GB address space. The Java Heap base address is the
#     maximum limit for the native heap growth. Please use -XX:HeapBaseMinAddress
#     to set the Java Heap base and to place the Java Heap above 4GB virtual address.
# This output file may be truncated or incomplete.
#
#  Out of Memory Error (virtualSpaceNode.cpp:112), pid=31672, tid=28560
#
# JRE version: Java(TM) SE Runtime Environment (21.0.5+9) (build 21.0.5+9-LTS-239)
# Java VM: Java HotSpot(TM) 64-Bit Server VM (21.0.5+9-LTS-239, mixed mode, sharing, tiered, compressed oops, compressed class ptrs, g1 gc, windows-amd64)
# No core dump will be written. Minidumps are not enabled by default on client versions of Windows
#

---------------  S U M M A R Y ------------

Command Line: -Dorg.gradle.internal.worker.tmpdir=C:\Users\asus\Desktop\projet_benazouz\projet - Copie\build\tmp\test\work -Xmx512m -Dfile.encoding=UTF-8 -Duser.country=FR -Duser.language=fr -Duser.variant -ea worker.org.gradle.process.internal.worker.GradleWorkerMain 'Gradle Test Executor 3'

Host: AMD Ryzen 5 3500U with Radeon Vega Mobile Gfx  , 8 cores, 5G,  Windows 11 , 64 bit Build 26100 (10.0.26100.7920)
Time: Thu Mar 12 17:06:11 2026 Paris, Madrid elapsed time: 63.795033 seconds (0d 0h 1m 3s)

---------------  T H R E A D  ---------------

Current thread (0x0000024909b557b0):  JavaThread "Test worker"        [_thread_in_vm, id=28560, stack(0x0000007bf9700000,0x0000007bf9800000) (1024K)]

Stack: [0x0000007bf9700000,0x0000007bf9800000]
Native frames: (J=compiled Java code, j=interpreted, Vv=VM code, C=native code)
V  [jvm.dll+0x6ca289]
V  [jvm.dll+0x854a51]
V  [jvm.dll+0x856f7e]
V  [jvm.dll+0x857653]
V  [jvm.dll+0x27dd26]
V  [jvm.dll+0x85066e]
V  [jvm.dll+0x66dfd5]
V  [jvm.dll+0x1e3efc]
V  [jvm.dll+0x1e3cce]
V  [jvm.dll+0x670903]
V  [jvm.dll+0x670722]
V  [jvm.dll+0x66e9ae]
V  [jvm.dll+0x2694f0]
V  [jvm.dll+0x215687]
V  [jvm.dll+0x20afde]
V  [jvm.dll+0x5aceac]
V  [jvm.dll+0x7cece6]
V  [jvm.dll+0x470806]
V  [jvm.dll+0x476688]
C  [java.dll+0x17ec]

Java frames: (J=compiled Java code, j=interpreted, Vv=VM code)
J 443  java.lang.ClassLoader.defineClass1(Ljava/lang/ClassLoader;Ljava/lang/String;[BIILjava/security/ProtectionDomain;Ljava/lang/String;)Ljava/lang/Class; java.base@21.0.5 (0 bytes) @ 0x000002491b5c49f1 [0x000002491b5c4920+0x00000000000000d1]
J 4768 c2 java.security.SecureClassLoader.defineClass(Ljava/lang/String;[BIILjava/security/CodeSource;)Ljava/lang/Class; java.base@21.0.5 (16 bytes) @ 0x000002491b69e540 [0x000002491b69d600+0x0000000000000f40]
J 4791 c2 jdk.internal.loader.BuiltinClassLoader.defineClass(Ljava/lang/String;Ljdk/internal/loader/Resource;)Ljava/lang/Class; java.base@21.0.5 (121 bytes) @ 0x000002491b813df8 [0x000002491b813020+0x0000000000000dd8]
J 4871 c2 jdk.internal.loader.BuiltinClassLoader.findClassOnClassPathOrNull(Ljava/lang/String;)Ljava/lang/Class; java.base@21.0.5 (64 bytes) @ 0x000002491b8325a8 [0x000002491b832020+0x0000000000000588]
J 2980 c2 jdk.internal.loader.BuiltinClassLoader.loadClassOrNull(Ljava/lang/String;Z)Ljava/lang/Class; java.base@21.0.5 (143 bytes) @ 0x000002491b715f48 [0x000002491b715780+0x00000000000007c8]
J 4758 c2 jdk.internal.loader.ClassLoaders$AppClassLoader.loadClass(Ljava/lang/String;Z)Ljava/lang/Class; java.base@21.0.5 (40 bytes) @ 0x000002491b6abf84 [0x000002491b6abf40+0x0000000000000044]
J 3475 c2 java.lang.ClassLoader.loadClass(Ljava/lang/String;)Ljava/lang/Class; java.base@21.0.5 (7 bytes) @ 0x000002491b7659ec [0x000002491b7659a0+0x000000000000004c]
v  ~StubRoutines::call_stub 0x000002491b00100d
j  net.bytebuddy.dynamic.scaffold.TypeWriter$Default$ForCreation.create(Lnet/bytebuddy/dynamic/scaffold/TypeInitializer;Lnet/bytebuddy/dynamic/scaffold/TypeWriter$Default$ClassDumpAction$Dispatcher;)Lnet/bytebuddy/dynamic/scaffold/TypeWriter$Default$UnresolvedType;+87
j  net.bytebuddy.dynamic.scaffold.TypeWriter$Default.make(Lnet/bytebuddy/dynamic/TypeResolutionStrategy$Resolved;)Lnet/bytebuddy/dynamic/DynamicType$Unloaded;+38
j  net.bytebuddy.dynamic.DynamicType$Builder$AbstractBase$UsingTypeWriter.make(Lnet/bytebuddy/dynamic/TypeResolutionStrategy;)Lnet/bytebuddy/dynamic/DynamicType$Unloaded;+10
j  net.bytebuddy.dynamic.DynamicType$Builder$AbstractBase.make()Lnet/bytebuddy/dynamic/DynamicType$Unloaded;+4
j  org.hibernate.bytecode.internal.bytebuddy.ByteBuddyState.make(Lnet/bytebuddy/pool/TypePool;Lnet/bytebuddy/dynamic/DynamicType$Builder;)Lnet/bytebuddy/dynamic/DynamicType$Unloaded;+5
j  org.hibernate.bytecode.internal.bytebuddy.ByteBuddyState.make(Lnet/bytebuddy/dynamic/DynamicType$Builder;)Lnet/bytebuddy/dynamic/DynamicType$Unloaded;+3
j  org.hibernate.bytecode.internal.bytebuddy.ByteBuddyState.load(Ljava/lang/Class;Ljava/lang/String;Ljava/util/function/BiFunction;)Ljava/lang/Class;+52
j  org.hibernate.bytecode.internal.bytebuddy.ByteBuddyState.loadProxy(Ljava/lang/Class;Ljava/lang/String;Ljava/util/function/BiFunction;)Ljava/lang/Class;+4
j  org.hibernate.proxy.pojo.bytebuddy.ByteBuddyProxyHelper.buildProxy(Ljava/lang/Class;[Ljava/lang/Class;)Ljava/lang/Class;+32
j  org.hibernate.proxy.pojo.bytebuddy.ByteBuddyProxyFactory.postInstantiate(Ljava/lang/String;Ljava/lang/Class;Ljava/util/Set;Ljava/lang/reflect/Method;Ljava/lang/reflect/Method;Lorg/hibernate/type/CompositeType;)V+55
j  org.hibernate.metamodel.internal.EntityRepresentationStrategyPojoStandard.instantiateProxyFactory(Lorg/hibernate/mapping/PersistentClass;Lorg/hibernate/bytecode/spi/BytecodeProvider;Lorg/hibernate/metamodel/spi/RuntimeModelCreationContext;Ljava/lang/reflect/Method;Ljava/lang/reflect/Method;Ljava/lang/Class;Ljava/util/Set;)Lorg/hibernate/proxy/ProxyFactory;+59
j  org.hibernate.metamodel.internal.EntityRepresentationStrategyPojoStandard.createProxyFactory(Lorg/hibernate/mapping/PersistentClass;Lorg/hibernate/bytecode/spi/BytecodeProvider;Lorg/hibernate/metamodel/spi/RuntimeModelCreationContext;)Lorg/hibernate/proxy/ProxyFactory;+264
j  org.hibernate.metamodel.internal.EntityRepresentationStrategyPojoStandard.resolveProxyFactory(Lorg/hibernate/mapping/PersistentClass;Lorg/hibernate/persister/entity/EntityPersister;Lorg/hibernate/type/descriptor/java/JavaType;Lorg/hibernate/bytecode/spi/BytecodeProvider;Lorg/hibernate/metamodel/spi/RuntimeModelCreationContext;)Lorg/hibernate/proxy/ProxyFactory;+68
j  org.hibernate.metamodel.internal.EntityRepresentationStrategyPojoStandard.<init>(Lorg/hibernate/mapping/PersistentClass;Lorg/hibernate/persister/entity/EntityPersister;Lorg/hibernate/metamodel/spi/RuntimeModelCreationContext;)V+236
j  org.hibernate.metamodel.internal.ManagedTypeRepresentationResolverStandard.resolveStrategy(Lorg/hibernate/mapping/PersistentClass;Lorg/hibernate/persister/entity/EntityPersister;Lorg/hibernate/metamodel/spi/RuntimeModelCreationContext;)Lorg/hibernate/metamodel/spi/EntityRepresentationStrategy;+24
j  org.hibernate.persister.entity.AbstractEntityPersister.<init>(Lorg/hibernate/mapping/PersistentClass;Lorg/hibernate/cache/spi/access/EntityDataAccess;Lorg/hibernate/cache/spi/access/NaturalIdDataAccess;Lorg/hibernate/metamodel/spi/RuntimeModelCreationContext;)V+267
j  org.hibernate.persister.entity.SingleTableEntityPersister.<init>(Lorg/hibernate/mapping/PersistentClass;Lorg/hibernate/cache/spi/access/EntityDataAccess;Lorg/hibernate/cache/spi/access/NaturalIdDataAccess;Lorg/hibernate/metamodel/spi/RuntimeModelCreationContext;)V+6
J 4730 c1 java.lang.invoke.LambdaForm$DMH+0x0000024928104000.newInvokeSpecial(Ljava/lang/Object;Ljava/lang/Object;Ljava/lang/Object;Ljava/lang/Object;Ljava/lang/Object;)Ljava/lang/Object; java.base@21.0.5 (30 bytes) @ 0x0000024913bfd40c [0x0000024913bfcf80+0x000000000000048c]
j  java.lang.invoke.LambdaForm$MH+0x0000024928834c00.invoke(Ljava/lang/Object;Ljava/lang/Object;)Ljava/lang/Object;+122 java.base@21.0.5
J 1595 c1 java.lang.invoke.Invokers$Holder.invokeExact_MT(Ljava/lang/Object;Ljava/lang/Object;Ljava/lang/Object;)Ljava/lang/Object; java.base@21.0.5 (23 bytes) @ 0x0000024913db7a64 [0x0000024913db7420+0x0000000000000644]
J 1606 c1 jdk.internal.reflect.DirectConstructorHandleAccessor.newInstance([Ljava/lang/Object;)Ljava/lang/Object; java.base@21.0.5 (130 bytes) @ 0x0000024913dbee2c [0x0000024913dbeb20+0x000000000000030c]
J 1629 c1 java.lang.reflect.Constructor.newInstanceWithCaller([Ljava/lang/Object;ZLjava/lang/Class;)Ljava/lang/Object; java.base@21.0.5 (51 bytes) @ 0x0000024913dcbfcc [0x0000024913dcbde0+0x00000000000001ec]
J 1604 c1 java.lang.reflect.Constructor.newInstance([Ljava/lang/Object;)Ljava/lang/Object; java.base@21.0.5 (34 bytes) @ 0x0000024913dbdab4 [0x0000024913dbd940+0x0000000000000174]
j  org.hibernate.persister.internal.PersisterFactoryImpl.createEntityPersister(Lorg/hibernate/mapping/PersistentClass;Lorg/hibernate/cache/spi/access/EntityDataAccess;Lorg/hibernate/cache/spi/access/NaturalIdDataAccess;Lorg/hibernate/metamodel/spi/RuntimeModelCreationContext;)Lorg/hibernate/persister/entity/EntityPersister;+43
j  org.hibernate.metamodel.model.domain.internal.MappingMetamodelImpl.processBootEntities(Ljava/util/Collection;Lorg/hibernate/cache/spi/CacheImplementor;Lorg/hibernate/persister/spi/PersisterFactory;Lorg/hibernate/metamodel/spi/RuntimeModelCreationContext;)V+68
j  org.hibernate.metamodel.model.domain.internal.MappingMetamodelImpl.finishInitialization(Lorg/hibernate/metamodel/spi/RuntimeModelCreationContext;)V+88
j  org.hibernate.internal.SessionFactoryImpl.<init>(Lorg/hibernate/boot/spi/MetadataImplementor;Lorg/hibernate/boot/spi/SessionFactoryOptions;Lorg/hibernate/boot/spi/BootstrapContext;)V+571
j  org.hibernate.internal.SessionFactoryRegistry.instantiateSessionFactory(Lorg/hibernate/boot/spi/MetadataImplementor;Lorg/hibernate/boot/spi/SessionFactoryOptions;Lorg/hibernate/boot/spi/BootstrapContext;)Lorg/hibernate/engine/spi/SessionFactoryImplementor;+7
j  org.hibernate.boot.internal.SessionFactoryBuilderImpl.build()Lorg/hibernate/SessionFactory;+12
j  org.hibernate.jpa.boot.internal.EntityManagerFactoryBuilderImpl.build()Ljakarta/persistence/EntityManagerFactory;+8
j  org.springframework.orm.jpa.vendor.SpringHibernateJpaPersistenceProvider.createContainerEntityManagerFactory(Ljakarta/persistence/spi/PersistenceUnitInfo;Ljava/util/Map;)Ljakarta/persistence/EntityManagerFactory;+59
j  org.springframework.orm.jpa.LocalContainerEntityManagerFactoryBean.createNativeEntityManagerFactory()Ljakarta/persistence/EntityManagerFactory;+111
j  org.springframework.orm.jpa.AbstractEntityManagerFactoryBean.buildNativeEntityManagerFactory()Ljakarta/persistence/EntityManagerFactory;+1
j  org.springframework.orm.jpa.AbstractEntityManagerFactoryBean.afterPropertiesSet()V+192
j  org.springframework.orm.jpa.LocalContainerEntityManagerFactoryBean.afterPropertiesSet()V+238
j  org.springframework.beans.factory.support.AbstractAutowireCapableBeanFactory.invokeInitMethods(Ljava/lang/String;Ljava/lang/Object;Lorg/springframework/beans/factory/support/RootBeanDefinition;)V+56
j  org.springframework.beans.factory.support.AbstractAutowireCapableBeanFactory.initializeBean(Ljava/lang/String;Ljava/lang/Object;Lorg/springframework/beans/factory/support/RootBeanDefinition;)Ljava/lang/Object;+46
j  org.springframework.beans.factory.support.AbstractAutowireCapableBeanFactory.doCreateBean(Ljava/lang/String;Lorg/springframework/beans/factory/support/RootBeanDefinition;[Ljava/lang/Object;)Ljava/lang/Object;+228
j  org.springframework.beans.factory.support.AbstractAutowireCapableBeanFactory.createBean(Ljava/lang/String;Lorg/springframework/beans/factory/support/RootBeanDefinition;[Ljava/lang/Object;)Ljava/lang/Object;+153
j  org.springframework.beans.factory.support.AbstractBeanFactory.lambda$doGetBean$0(Ljava/lang/String;Lorg/springframework/beans/factory/support/RootBeanDefinition;[Ljava/lang/Object;)Ljava/lang/Object;+4
j  org.springframework.beans.factory.support.AbstractBeanFactory$$Lambda+0x0000024928345d48.getObject()Ljava/lang/Object;+16
j  org.springframework.beans.factory.support.DefaultSingletonBeanRegistry.getSingleton(Ljava/lang/String;Lorg/springframework/beans/factory/ObjectFactory;)Ljava/lang/Object;+897
J 3554 c1 org.springframework.beans.factory.support.AbstractBeanFactory.doGetBean(Ljava/lang/String;Ljava/lang/Class;[Ljava/lang/Object;Z)Ljava/lang/Object; (791 bytes) @ 0x0000024914199124 [0x0000024914197000+0x0000000000002124]
J 3650 c1 org.springframework.beans.factory.support.AbstractBeanFactory.getBean(Ljava/lang/String;Ljava/lang/Class;)Ljava/lang/Object; (9 bytes) @ 0x00000249141d64cc [0x00000249141d63c0+0x000000000000010c]
j  org.springframework.context.support.AbstractApplicationContext.finishBeanFactoryInitialization(Lorg/springframework/beans/factory/config/ConfigurableListableBeanFactory;)V+226
j  org.springframework.context.support.AbstractApplicationContext.refresh()V+94
j  org.springframework.boot.SpringApplication.refresh(Lorg/springframework/context/ConfigurableApplicationContext;)V+1
j  org.springframework.boot.SpringApplication.refreshContext(Lorg/springframework/context/ConfigurableApplicationContext;)V+19
j  org.springframework.boot.SpringApplication.run([Ljava/lang/String;)Lorg/springframework/context/ConfigurableApplicationContext;+113
j  org.springframework.boot.test.context.SpringBootContextLoader.lambda$loadContext$2(Lorg/springframework/boot/SpringApplication;[Ljava/lang/String;)Ljava/lang/Object;+2
j  org.springframework.boot.test.context.SpringBootContextLoader$$Lambda+0x000002492827e0d0.getWithException()Ljava/lang/Object;+8
j  org.springframework.util.function.ThrowingSupplier.get(Ljava/util/function/BiFunction;)Ljava/lang/Object;+1
j  org.springframework.util.function.ThrowingSupplier.get()Ljava/lang/Object;+6
j  org.springframework.boot.SpringApplication.withHook(Lorg/springframework/boot/SpringApplicationHook;Lorg/springframework/util/function/ThrowingSupplier;)Ljava/lang/Object;+8
j  org.springframework.boot.test.context.SpringBootContextLoader$ContextLoaderHook.run(Lorg/springframework/util/function/ThrowingSupplier;)Lorg/springframework/context/ApplicationContext;+2
j  org.springframework.boot.test.context.SpringBootContextLoader.loadContext(Lorg/springframework/test/context/MergedContextConfiguration;Lorg/springframework/boot/test/context/SpringBootContextLoader$Mode;Lorg/springframework/context/ApplicationContextInitializer;Lorg/springframework/aot/hint/RuntimeHints;)Lorg/springframework/context/ApplicationContext;+129
j  org.springframework.boot.test.context.SpringBootContextLoader.loadContext(Lorg/springframework/test/context/MergedContextConfiguration;)Lorg/springframework/context/ApplicationContext;+7
j  org.springframework.test.context.cache.DefaultCacheAwareContextLoaderDelegate.loadContextInternal(Lorg/springframework/test/context/MergedContextConfiguration;)Lorg/springframework/context/ApplicationContext;+20
j  org.springframework.test.context.cache.DefaultCacheAwareContextLoaderDelegate.lambda$loadContext$0(Lorg/springframework/test/context/MergedContextConfiguration;)Lorg/springframework/context/ApplicationContext;+23
j  org.springframework.test.context.cache.DefaultCacheAwareContextLoaderDelegate$$Lambda+0x000002492826e618.loadContext(Lorg/springframework/test/context/MergedContextConfiguration;)Lorg/springframework/context/ApplicationContext;+5
j  org.springframework.test.context.cache.DefaultContextCache.put(Lorg/springframework/test/context/MergedContextConfiguration;Lorg/springframework/test/context/cache/ContextCache$LoadFunction;)Lorg/springframework/context/ApplicationContext;+23
j  org.springframework.test.context.cache.DefaultCacheAwareContextLoaderDelegate.loadContext(Lorg/springframework/test/context/MergedContextConfiguration;)Lorg/springframework/context/ApplicationContext;+150
j  org.springframework.test.context.support.DefaultTestContext.getApplicationContext()Lorg/springframework/context/ApplicationContext;+8
j  org.springframework.test.context.web.ServletTestExecutionListener.setUpRequestContextIfNecessary(Lorg/springframework/test/context/TestContext;)V+18
j  org.springframework.test.context.web.ServletTestExecutionListener.prepareTestInstance(Lorg/springframework/test/context/TestContext;)V+2
j  org.springframework.test.context.TestContextManager.prepareTestInstance(Ljava/lang/Object;)V+74
j  org.springframework.test.context.junit.jupiter.SpringExtension.postProcessTestInstance(Ljava/lang/Object;Lorg/junit/jupiter/api/extension/ExtensionContext;)V+31
j  org.junit.jupiter.engine.descriptor.ClassBasedTestDescriptor.lambda$invokeTestInstancePostProcessors$1(Lorg/junit/jupiter/api/extension/TestInstancePostProcessor;Ljava/lang/Object;Lorg/junit/jupiter/engine/execution/ExtensionContextSupplier;)V+9
j  org.junit.jupiter.engine.descriptor.ClassBasedTestDescriptor$$Lambda+0x000002492826a870.execute()V+12
j  org.junit.jupiter.engine.descriptor.ClassBasedTestDescriptor.executeAndMaskThrowable(Lorg/junit/jupiter/api/function/Executable;)V+1
j  org.junit.jupiter.engine.descriptor.ClassBasedTestDescriptor.lambda$invokeTestInstancePostProcessors$0(Ljava/lang/Object;Lorg/junit/jupiter/engine/execution/ExtensionContextSupplier;Lorg/junit/jupiter/api/extension/TestInstancePostProcessor;)V+9
j  org.junit.jupiter.engine.descriptor.ClassBasedTestDescriptor$$Lambda+0x000002492826a458.accept(Ljava/lang/Object;)V+16
J 1071 c1 java.util.stream.ForEachOps$ForEachOp$OfRef.accept(Ljava/lang/Object;)V java.base@21.0.5 (11 bytes) @ 0x0000024913cafacc [0x0000024913caf9c0+0x000000000000010c]
J 930 c1 java.util.stream.ReferencePipeline$3$1.accept(Ljava/lang/Object;)V java.base@21.0.5 (23 bytes) @ 0x0000024913c5f39c [0x0000024913c5f1c0+0x00000000000001dc]
J 1274 c1 java.util.stream.ReferencePipeline$2$1.accept(Ljava/lang/Object;)V java.base@21.0.5 (27 bytes) @ 0x0000024913d16954 [0x0000024913d16740+0x0000000000000214]
J 930 c1 java.util.stream.ReferencePipeline$3$1.accept(Ljava/lang/Object;)V java.base@21.0.5 (23 bytes) @ 0x0000024913c5f39c [0x0000024913c5f1c0+0x00000000000001dc]
j  java.util.ArrayList$ArrayListSpliterator.forEachRemaining(Ljava/util/function/Consumer;)V+95 java.base@21.0.5
J 2470 c1 java.util.stream.AbstractPipeline.copyInto(Ljava/util/stream/Sink;Ljava/util/Spliterator;)V java.base@21.0.5 (54 bytes) @ 0x0000024913f73bac [0x0000024913f737c0+0x00000000000003ec]
J 2117 c1 java.util.stream.AbstractPipeline.wrapAndCopyInto(Ljava/util/stream/Sink;Ljava/util/Spliterator;)Ljava/util/stream/Sink; java.base@21.0.5 (18 bytes) @ 0x0000024913ee3844 [0x0000024913ee3600+0x0000000000000244]
j  java.util.stream.ForEachOps$ForEachOp.evaluateSequential(Ljava/util/stream/PipelineHelper;Ljava/util/Spliterator;)Ljava/lang/Void;+3 java.base@21.0.5
j  java.util.stream.ForEachOps$ForEachOp$OfRef.evaluateSequential(Ljava/util/stream/PipelineHelper;Ljava/util/Spliterator;)Ljava/lang/Object;+3 java.base@21.0.5
J 2252 c1 java.util.stream.AbstractPipeline.evaluate(Ljava/util/stream/TerminalOp;)Ljava/lang/Object; java.base@21.0.5 (94 bytes) @ 0x0000024913f0c4d4 [0x0000024913f0c040+0x0000000000000494]
j  java.util.stream.ReferencePipeline.forEach(Ljava/util/function/Consumer;)V+6 java.base@21.0.5
j  org.junit.jupiter.engine.descriptor.ClassBasedTestDescriptor.invokeTestInstancePostProcessors(Ljava/lang/Object;Lorg/junit/jupiter/engine/extension/ExtensionRegistry;Lorg/junit/jupiter/engine/execution/ExtensionContextSupplier;)V+17
j  org.junit.jupiter.engine.descriptor.ClassBasedTestDescriptor.lambda$instantiateAndPostProcessTestInstance$0(Lorg/junit/jupiter/api/extension/TestInstances;Lorg/junit/jupiter/engine/extension/ExtensionRegistry;Lorg/junit/jupiter/engine/execution/ExtensionContextSupplier;Lorg/junit/jupiter/engine/execution/JupiterEngineExecutionContext;)V+9
j  org.junit.jupiter.engine.descriptor.ClassBasedTestDescriptor$$Lambda+0x000002492826a240.execute()V+20
j  org.junit.platform.engine.support.hierarchical.ThrowableCollector.execute(Lorg/junit/platform/engine/support/hierarchical/ThrowableCollector$Executable;)V+1
j  org.junit.jupiter.engine.descriptor.ClassBasedTestDescriptor.instantiateAndPostProcessTestInstance(Lorg/junit/jupiter/engine/execution/JupiterEngineExecutionContext;Lorg/junit/jupiter/engine/descriptor/ClassExtensionContext;Lorg/junit/jupiter/engine/extension/ExtensionRegistry;Lorg/junit/jupiter/engine/execution/JupiterEngineExecutionContext;)Lorg/junit/jupiter/api/extension/TestInstances;+45
j  org.junit.jupiter.engine.descriptor.ClassBasedTestDescriptor.lambda$testInstancesProvider$1(Lorg/junit/jupiter/engine/execution/JupiterEngineExecutionContext;Lorg/junit/jupiter/engine/descriptor/ClassExtensionContext;Lorg/junit/jupiter/engine/extension/ExtensionRegistry;Lorg/junit/jupiter/engine/execution/JupiterEngineExecutionContext;)Lorg/junit/jupiter/api/extension/TestInstances;+6
j  org.junit.jupiter.engine.descriptor.ClassBasedTestDescriptor$$Lambda+0x0000024928265800.get()Ljava/lang/Object;+20
j  java.util.Optional.orElseGet(Ljava/util/function/Supplier;)Ljava/lang/Object;+15 java.base@21.0.5
j  org.junit.jupiter.engine.descriptor.ClassBasedTestDescriptor.lambda$testInstancesProvider$0(Lorg/junit/jupiter/engine/descriptor/ClassExtensionContext;Lorg/junit/jupiter/engine/execution/JupiterEngineExecutionContext;Lorg/junit/jupiter/engine/extension/ExtensionRegistry;Lorg/junit/jupiter/engine/execution/JupiterEngineExecutionContext;)Lorg/junit/jupiter/api/extension/TestInstances;+15
j  org.junit.jupiter.engine.descriptor.ClassBasedTestDescriptor$$Lambda+0x000002492816c6f8.getTestInstances(Lorg/junit/jupiter/engine/extension/ExtensionRegistry;Lorg/junit/jupiter/engine/execution/JupiterEngineExecutionContext;)Lorg/junit/jupiter/api/extension/TestInstances;+14
j  org.junit.jupiter.engine.execution.TestInstancesProvider.getTestInstances(Lorg/junit/jupiter/engine/execution/JupiterEngineExecutionContext;)Lorg/junit/jupiter/api/extension/TestInstances;+6
j  org.junit.jupiter.engine.descriptor.TestMethodTestDescriptor.lambda$prepare$0(Lorg/junit/jupiter/engine/execution/JupiterEngineExecutionContext;Lorg/junit/jupiter/engine/descriptor/MethodExtensionContext;)V+5
j  org.junit.jupiter.engine.descriptor.TestMethodTestDescriptor$$Lambda+0x0000024928267da0.execute()V+12
j  org.junit.platform.engine.support.hierarchical.ThrowableCollector.execute(Lorg/junit/platform/engine/support/hierarchical/ThrowableCollector$Executable;)V+1
j  org.junit.jupiter.engine.descriptor.TestMethodTestDescriptor.prepare(Lorg/junit/jupiter/engine/execution/JupiterEngineExecutionContext;)Lorg/junit/jupiter/engine/execution/JupiterEngineExecutionContext;+71
j  org.junit.jupiter.engine.descriptor.TestMethodTestDescriptor.prepare(Lorg/junit/platform/engine/support/hierarchical/EngineExecutionContext;)Lorg/junit/platform/engine/support/hierarchical/EngineExecutionContext;+5
j  org.junit.platform.engine.support.hierarchical.NodeTestTask.lambda$prepare$0()V+15
j  org.junit.platform.engine.support.hierarchical.NodeTestTask$$Lambda+0x000002492815d548.execute()V+4
j  org.junit.platform.engine.support.hierarchical.ThrowableCollector.execute(Lorg/junit/platform/engine/support/hierarchical/ThrowableCollector$Executable;)V+1
j  org.junit.platform.engine.support.hierarchical.NodeTestTask.prepare()V+10
j  org.junit.platform.engine.support.hierarchical.NodeTestTask.execute()V+32
j  org.junit.platform.engine.support.hierarchical.SameThreadHierarchicalTestExecutorService$$Lambda+0x0000024928162460.accept(Ljava/lang/Object;)V+4
j  java.util.ArrayList.forEach(Ljava/util/function/Consumer;)V+46 java.base@21.0.5
j  org.junit.platform.engine.support.hierarchical.SameThreadHierarchicalTestExecutorService.invokeAll(Ljava/util/List;)V+6
j  org.junit.platform.engine.support.hierarchical.NodeTestTask.lambda$executeRecursively$2(Lorg/junit/platform/engine/support/hierarchical/ThrowableCollector;)V+115
j  org.junit.platform.engine.support.hierarchical.NodeTestTask$$Lambda+0x0000024928161998.execute()V+8
j  org.junit.platform.engine.support.hierarchical.ThrowableCollector.execute(Lorg/junit/platform/engine/support/hierarchical/ThrowableCollector$Executable;)V+1
j  org.junit.platform.engine.support.hierarchical.NodeTestTask.lambda$executeRecursively$1(Lorg/junit/platform/engine/support/hierarchical/ThrowableCollector;Lorg/junit/platform/engine/support/hierarchical/EngineExecutionContext;)V+13
j  org.junit.platform.engine.support.hierarchical.NodeTestTask$$Lambda+0x0000024928161780.invoke(Lorg/junit/platform/engine/support/hierarchical/EngineExecutionContext;)V+9
j  org.junit.platform.engine.support.hierarchical.Node.around(Lorg/junit/platform/engine/support/hierarchical/EngineExecutionContext;Lorg/junit/platform/engine/support/hierarchical/Node$Invocation;)V+2
j  org.junit.platform.engine.support.hierarchical.NodeTestTask.lambda$executeRecursively$0(Lorg/junit/platform/engine/support/hierarchical/ThrowableCollector;)V+15
j  org.junit.platform.engine.support.hierarchical.NodeTestTask$$Lambda+0x0000024928161378.execute()V+8
j  org.junit.platform.engine.support.hierarchical.ThrowableCollector.execute(Lorg/junit/platform/engine/support/hierarchical/ThrowableCollector$Executable;)V+1
j  org.junit.platform.engine.support.hierarchical.NodeTestTask.executeRecursively()V+34
j  org.junit.platform.engine.support.hierarchical.NodeTestTask.execute()V+79
j  org.junit.platform.engine.support.hierarchical.SameThreadHierarchicalTestExecutorService$$Lambda+0x0000024928162460.accept(Ljava/lang/Object;)V+4
j  java.util.ArrayList.forEach(Ljava/util/function/Consumer;)V+46 java.base@21.0.5
j  org.junit.platform.engine.support.hierarchical.SameThreadHierarchicalTestExecutorService.invokeAll(Ljava/util/List;)V+6
j  org.junit.platform.engine.support.hierarchical.NodeTestTask.lambda$executeRecursively$2(Lorg/junit/platform/engine/support/hierarchical/ThrowableCollector;)V+115
j  org.junit.platform.engine.support.hierarchical.NodeTestTask$$Lambda+0x0000024928161998.execute()V+8
j  org.junit.platform.engine.support.hierarchical.ThrowableCollector.execute(Lorg/junit/platform/engine/support/hierarchical/ThrowableCollector$Executable;)V+1
j  org.junit.platform.engine.support.hierarchical.NodeTestTask.lambda$executeRecursively$1(Lorg/junit/platform/engine/support/hierarchical/ThrowableCollector;Lorg/junit/platform/engine/support/hierarchical/EngineExecutionContext;)V+13
j  org.junit.platform.engine.support.hierarchical.NodeTestTask$$Lambda+0x0000024928161780.invoke(Lorg/junit/platform/engine/support/hierarchical/EngineExecutionContext;)V+9
j  org.junit.platform.engine.support.hierarchical.Node.around(Lorg/junit/platform/engine/support/hierarchical/EngineExecutionContext;Lorg/junit/platform/engine/support/hierarchical/Node$Invocation;)V+2
j  org.junit.platform.engine.support.hierarchical.NodeTestTask.lambda$executeRecursively$0(Lorg/junit/platform/engine/support/hierarchical/ThrowableCollector;)V+15
j  org.junit.platform.engine.support.hierarchical.NodeTestTask$$Lambda+0x0000024928161378.execute()V+8
j  org.junit.platform.engine.support.hierarchical.ThrowableCollector.execute(Lorg/junit/platform/engine/support/hierarchical/ThrowableCollector$Executable;)V+1
j  org.junit.platform.engine.support.hierarchical.NodeTestTask.executeRecursively()V+34
j  org.junit.platform.engine.support.hierarchical.NodeTestTask.execute()V+79
j  org.junit.platform.engine.support.hierarchical.SameThreadHierarchicalTestExecutorService.submit(Lorg/junit/platform/engine/support/hierarchical/HierarchicalTestExecutorService$TestTask;)Ljava/util/concurrent/Future;+1
j  org.junit.platform.engine.support.hierarchical.HierarchicalTestExecutor.execute()Ljava/util/concurrent/Future;+8
j  org.junit.platform.engine.support.hierarchical.HierarchicalTestEngine.execute(Lorg/junit/platform/engine/ExecutionRequest;)V+31
j  org.junit.platform.launcher.core.EngineExecutionOrchestrator.executeEngine(Lorg/junit/platform/engine/TestDescriptor;Lorg/junit/platform/engine/EngineExecutionListener;Lorg/junit/platform/engine/ConfigurationParameters;Lorg/junit/platform/engine/TestEngine;Lorg/junit/platform/engine/OutputDirectoryCreator;Lorg/junit/platform/launcher/core/DiscoveryIssueNotifier;Lorg/junit/platform/engine/support/store/NamespacedHierarchicalStore;Lorg/junit/platform/engine/CancellationToken;)V+26
j  org.junit.platform.launcher.core.EngineExecutionOrchestrator.failOrExecuteEngine(Lorg/junit/platform/launcher/core/LauncherDiscoveryResult;Lorg/junit/platform/engine/EngineExecutionListener;Lorg/junit/platform/engine/TestEngine;Lorg/junit/platform/engine/support/store/NamespacedHierarchicalStore;Lorg/junit/platform/engine/CancellationToken;)V+177
j  org.junit.platform.launcher.core.EngineExecutionOrchestrator.execute(Lorg/junit/platform/launcher/core/LauncherDiscoveryResult;Lorg/junit/platform/engine/EngineExecutionListener;Lorg/junit/platform/engine/support/store/NamespacedHierarchicalStore;Lorg/junit/platform/engine/CancellationToken;)V+70
j  org.junit.platform.launcher.core.EngineExecutionOrchestrator.execute(Lorg/junit/platform/launcher/core/InternalTestPlan;Lorg/junit/platform/engine/EngineExecutionListener;Lorg/junit/platform/launcher/TestExecutionListener;Lorg/junit/platform/engine/support/store/NamespacedHierarchicalStore;Lorg/junit/platform/engine/CancellationToken;)V+59
j  org.junit.platform.launcher.core.EngineExecutionOrchestrator.lambda$execute$0(Lorg/junit/platform/launcher/core/InternalTestPlan;Lorg/junit/platform/engine/support/store/NamespacedHierarchicalStore;Lorg/junit/platform/engine/CancellationToken;Lorg/junit/platform/launcher/TestExecutionListener;)V+9
j  org.junit.platform.launcher.core.EngineExecutionOrchestrator$$Lambda+0x000002492814f830.accept(Ljava/lang/Object;)V+20
j  org.junit.platform.launcher.core.EngineExecutionOrchestrator.withInterceptedStreams(Lorg/junit/platform/engine/ConfigurationParameters;Lorg/junit/platform/launcher/core/ListenerRegistry;Ljava/util/function/Consumer;)V+51
j  org.junit.platform.launcher.core.EngineExecutionOrchestrator.execute(Lorg/junit/platform/launcher/core/InternalTestPlan;Lorg/junit/platform/engine/support/store/NamespacedHierarchicalStore;Ljava/util/Collection;Lorg/junit/platform/engine/CancellationToken;)V+28
j  org.junit.platform.launcher.core.DefaultLauncher.execute(Lorg/junit/platform/launcher/core/InternalTestPlan;Ljava/util/Collection;Lorg/junit/platform/engine/CancellationToken;)V+15
j  org.junit.platform.launcher.core.DefaultLauncher.execute(Lorg/junit/platform/launcher/LauncherExecutionRequest;)V+42
j  org.junit.platform.launcher.core.DefaultLauncher.execute(Lorg/junit/platform/launcher/LauncherDiscoveryRequest;[Lorg/junit/platform/launcher/TestExecutionListener;)V+14
j  org.junit.platform.launcher.core.DelegatingLauncher.execute(Lorg/junit/platform/launcher/LauncherDiscoveryRequest;[Lorg/junit/platform/launcher/TestExecutionListener;)V+6
j  org.junit.platform.launcher.core.InterceptingLauncher.lambda$execute$0(Lorg/junit/platform/launcher/LauncherDiscoveryRequest;[Lorg/junit/platform/launcher/TestExecutionListener;)Ljava/lang/Object;+3
j  org.junit.platform.launcher.core.InterceptingLauncher$$Lambda+0x00000249280bf358.proceed()Ljava/lang/Object;+12
j  org.junit.platform.launcher.core.ClasspathAlignmentCheckingLauncherInterceptor.intercept(Lorg/junit/platform/launcher/LauncherInterceptor$Invocation;)Ljava/lang/Object;+1
j  org.junit.platform.launcher.core.InterceptingLauncher.execute(Lorg/junit/platform/launcher/LauncherDiscoveryRequest;[Lorg/junit/platform/launcher/TestExecutionListener;)V+12
j  org.junit.platform.launcher.core.DelegatingLauncher.execute(Lorg/junit/platform/launcher/LauncherDiscoveryRequest;[Lorg/junit/platform/launcher/TestExecutionListener;)V+6
j  org.gradle.api.internal.tasks.testing.junitplatform.JUnitPlatformTestDefinitionProcessor$CollectThenExecuteTestDefinitionConsumer.processAllTestClasses()V+85
j  org.gradle.api.internal.tasks.testing.junitplatform.JUnitPlatformTestDefinitionProcessor$CollectThenExecuteTestDefinitionConsumer.access$000(Lorg/gradle/api/internal/tasks/testing/junitplatform/JUnitPlatformTestDefinitionProcessor$CollectThenExecuteTestDefinitionConsumer;)V+1
j  org.gradle.api.internal.tasks.testing.junitplatform.JUnitPlatformTestDefinitionProcessor.stop()V+17
j  org.gradle.api.internal.tasks.testing.SuiteTestDefinitionProcessor.stop()V+4
j  java.lang.invoke.LambdaForm$DMH+0x00000249280a0800.invokeInterface(Ljava/lang/Object;Ljava/lang/Object;)V+21 java.base@21.0.5
j  java.lang.invoke.LambdaForm$MH+0x00000249280a1000.invoke(Ljava/lang/Object;Ljava/lang/Object;)Ljava/lang/Object;+31 java.base@21.0.5
j  java.lang.invoke.Invokers$Holder.invokeExact_MT(Ljava/lang/Object;Ljava/lang/Object;Ljava/lang/Object;)Ljava/lang/Object;+19 java.base@21.0.5
j  jdk.internal.reflect.DirectMethodHandleAccessor.invokeImpl(Ljava/lang/Object;[Ljava/lang/Object;)Ljava/lang/Object;+41 java.base@21.0.5
j  jdk.internal.reflect.DirectMethodHandleAccessor.invoke(Ljava/lang/Object;[Ljava/lang/Object;)Ljava/lang/Object;+23 java.base@21.0.5
j  java.lang.reflect.Method.invoke(Ljava/lang/Object;[Ljava/lang/Object;)Ljava/lang/Object;+102 java.base@21.0.5
j  org.gradle.internal.dispatch.MethodInvocation.invokeOn(Ljava/lang/Object;)V+17
j  org.gradle.internal.dispatch.ReflectionDispatch.dispatch(Lorg/gradle/internal/dispatch/MethodInvocation;)V+5
j  org.gradle.internal.dispatch.ReflectionDispatch.dispatch(Ljava/lang/Object;)V+5
j  org.gradle.internal.dispatch.ContextClassLoaderDispatch.dispatch(Ljava/lang/Object;)V+22
j  org.gradle.internal.dispatch.ProxyDispatchAdapter$DispatchingInvocationHandler.invoke(Ljava/lang/Object;Ljava/lang/reflect/Method;[Ljava/lang/Object;)Ljava/lang/Object;+259
j  jdk.proxy1.$Proxy4.stop()V+9 jdk.proxy1
j  org.gradle.api.internal.tasks.testing.worker.TestWorker$3.run()V+7
j  org.gradle.api.internal.tasks.testing.worker.TestWorker.executeAndMaintainThreadName(Ljava/lang/Runnable;)V+1
j  org.gradle.api.internal.tasks.testing.worker.TestWorker.execute(Lorg/gradle/process/internal/worker/WorkerProcessContext;)V+76
j  org.gradle.api.internal.tasks.testing.worker.TestWorker.execute(Ljava/lang/Object;)V+5
j  org.gradle.process.internal.worker.child.ActionExecutionWorker.execute(Lorg/gradle/process/internal/worker/WorkerProcessContext;)V+65
j  org.gradle.process.internal.worker.child.SystemApplicationClassLoaderWorker.call()Ljava/lang/Void;+270
j  org.gradle.process.internal.worker.child.SystemApplicationClassLoaderWorker.call()Ljava/lang/Object;+1
j  worker.org.gradle.process.internal.worker.GradleWorkerMain.run()V+250
j  worker.org.gradle.process.internal.worker.GradleWorkerMain.main([Ljava/lang/String;)V+7
v  ~StubRoutines::call_stub 0x000002491b00100d

Compiled method (n/a)   68052  443     n 0       java.lang.ClassLoader::defineClass1 (native)
 total in heap  [0x000002491b5c4790,0x000002491b5c4dd0] = 1600
 relocation     [0x000002491b5c48e8,0x000002491b5c4920] = 56
 main code      [0x000002491b5c4920,0x000002491b5c4dcf] = 1199
 stub code      [0x000002491b5c4dcf,0x000002491b5c4dd0] = 1

[Constant Pool (empty)]

[MachCode]
[Entry Point]
  # {method} {0x000002492743a770} 'defineClass1' '(Ljava/lang/ClassLoader;Ljava/lang/String;[BIILjava/security/ProtectionDomain;Ljava/lang/String;)Ljava/lang/Class;' in 'java/lang/ClassLoader'
  # parm0:    rdx:rdx   = 'java/lang/ClassLoader'
  # parm1:    r8:r8     = 'java/lang/String'
  # parm2:    r9:r9     = '[B'
  # parm3:    rdi       = int
  # parm4:    rsi       = int
  # parm5:    rcx:rcx   = 'java/security/ProtectionDomain'
  # parm6:    [sp+0xa0]   = 'java/lang/String'  (sp of caller)
  0x000002491b5c4920: 448b 5208 | 49bb 0000 | 0027 4902 | 0000 4d03 | d349 3bc2 | 0f84 0600 

  0x000002491b5c4938: ;   {runtime_call ic_miss_stub}
  0x000002491b5c4938: 0000 e941 | 9ea8 ff90 
[Verified Entry Point]
  0x000002491b5c4940: 8984 2400 | 80ff ff55 | 488b ec48 | 81ec 9000 | 0000 6690 | 4181 7f20 | 0700 0000 

  0x000002491b5c495c: ;   {runtime_call StubRoutines (final stubs)}
  0x000002491b5c495c: 7405 e8fd | 03a7 ff48 | 837d 1000 | 488d 4510 | 480f 4445 | 1048 8944 | 2440 4889 | 4c24 7048 
  0x000002491b5c497c: 83f9 0048 | 8d44 2470 | 480f 4444 | 2470 4889 | 4424 3848 | 8974 2430 | 4889 7c24 | 284c 894c 
  0x000002491b5c499c: 2458 4983 | f900 488d | 4424 5848 | 0f44 4424 | 5848 8944 | 2420 4c89 | 4424 5049 | 83f8 004c 
  0x000002491b5c49bc: 8d4c 2450 | 4c0f 444c | 2450 4889 | 5424 4848 | 83fa 004c | 8d44 2448 | 4c0f 4444 

  0x000002491b5c49d8: ;   {oop(a 'java/lang/Class'{0x00000000e0795310} = 'java/lang/ClassLoader')}
  0x000002491b5c49d8: 2448 49be | 1053 79e0 | 0000 0000 | 4c89 7424 | 784c 8d74 | 2478 498b | d6c5 f877 

  0x000002491b5c49f4: ;   {internal_word}
  0x000002491b5c49f4: 49ba f149 | 5c1b 4902 | 0000 4d89 | 97a0 0300 | 0049 89a7 | 9803 0000 

  0x000002491b5c4a0c: ;   {external_word}
  0x000002491b5c4a0c: 49ba e037 | 9e32 fa7f | 0000 4180 | 3a00 0f84 | 4e00 0000 | 5241 5041 

  0x000002491b5c4a24: ;   {metadata({method} {0x000002492743a770} 'defineClass1' '(Ljava/lang/ClassLoader;Ljava/lang/String;[BIILjava/security/ProtectionDomain;Ljava/lang/String;)Ljava/lang/Class;' in 'java/lang/ClassLoader')}
  0x000002491b5c4a24: 5148 ba68 | a743 2749 | 0200 0049 | 8bcf 4883 | ec20 40f6 | c40f 0f84 | 1900 0000 | 4883 ec08 
  0x000002491b5c4a44: ;   {runtime_call}
  0x000002491b5c4a44: 48b8 3001 | 4f32 fa7f | 0000 ffd0 | 4883 c408 | e90c 0000 

  0x000002491b5c4a58: ;   {runtime_call}
  0x000002491b5c4a58: 0048 b830 | 014f 32fa | 7f00 00ff | d048 83c4 | 2041 5941 | 585a 498d | 8fb8 0300 | 0041 c787 
  0x000002491b5c4a78: 4404 0000 | 0400 0000 

  0x000002491b5c4a80: ;   {runtime_call}
  0x000002491b5c4a80: 48b8 ac16 | 4433 fa7f | 0000 ffd0 | c5f8 7741 | c787 4404 | 0000 0500 | 0000 f083 | 4424 c000 
  0x000002491b5c4aa0: 493b af48 | 0400 000f | 870e 0000 | 0041 83bf | 4004 0000 | 000f 842b | 0000 00c5 | f877 4889 
  0x000002491b5c4ac0: 45f8 498b | cf4c 8be4 | 4883 ec20 | 4883 e4f0 

  0x000002491b5c4ad0: ;   {runtime_call}
  0x000002491b5c4ad0: 48b8 b0ae | 1a32 fa7f | 0000 ffd0 | 498b e44d | 33e4 488b | 45f8 41c7 | 8744 0400 | 0008 0000 
  0x000002491b5c4af0: 0041 83bf | c004 0000 | 020f 84a3 

  0x000002491b5c4afc: ;   {external_word}
  0x000002491b5c4afc: 0200 0049 | bae0 379e | 32fa 7f00 | 0041 803a | 000f 844c | 0000 0048 

  0x000002491b5c4b14: ;   {metadata({method} {0x000002492743a770} 'defineClass1' '(Ljava/lang/ClassLoader;Ljava/lang/String;[BIILjava/security/ProtectionDomain;Ljava/lang/String;)Ljava/lang/Class;' in 'java/lang/ClassLoader')}
  0x000002491b5c4b14: 8945 f848 | ba68 a743 | 2749 0200 | 0049 8bcf | 4883 ec20 | 40f6 c40f | 0f84 1900 | 0000 4883 
  0x000002491b5c4b34: ;   {runtime_call}
  0x000002491b5c4b34: ec08 48b8 | 3001 4f32 | fa7f 0000 | ffd0 4883 | c408 e90c 

  0x000002491b5c4b48: ;   {runtime_call}
  0x000002491b5c4b48: 0000 0048 | b830 014f | 32fa 7f00 | 00ff d048 | 83c4 2048 | 8b45 f849 | c787 9803 | 0000 0000 
  0x000002491b5c4b68: 0000 49c7 | 87a0 0300 | 0000 0000 | 00c5 f877 | 4885 c00f | 84fe 0100 | 00a8 030f | 8508 0000 
  0x000002491b5c4b88: 0048 8b00 | e9ee 0100 | 00a8 010f | 8509 0000 | 0048 8b40 | fee9 dd01 | 0000 488b | 40ff 4180 
  0x000002491b5c4ba8: 7f40 000f | 84ce 0100 | 0048 83f8 | 000f 84c4 | 0100 0049 | 8b4f 2848 | 83f9 000f | 8414 0000 
  0x000002491b5c4bc8: 0048 83e9 | 0849 894f | 2849 034f | 3848 8901 | e9a2 0100 | 0048 81ec | d000 0000 | 4889 0424 
  0x000002491b5c4be8: 4889 4c24 | 0848 8954 | 2410 4889 | 7424 1848 | 897c 2420 | 4c89 4424 | 284c 894c | 2430 4c89 
  0x000002491b5c4c08: 5424 384c | 895c 2440 | c5fb 1144 | 2450 c5fb | 114c 2458 | c5fb 1154 | 2460 c5fb | 115c 2468 
  0x000002491b5c4c28: c5fb 1164 | 2470 c5fb | 116c 2478 | c5fb 11b4 | 2480 0000 | 00c5 fb11 | bc24 8800 | 0000 c57b 
  0x000002491b5c4c48: ;   {no_reloc}
  0x000002491b5c4c48: 1184 2490 | 0000 00c5 | 7b11 8c24 | 9800 0000 | c57b 1194 | 24a0 0000 | 00c5 7b11 | 9c24 a800 
  0x000002491b5c4c68: 0000 c57b | 11a4 24b0 | 0000 00c5 | 7b11 ac24 | b800 0000 | c57b 11b4 | 24c0 0000 | 00c5 7b11 
  0x000002491b5c4c88: bc24 c800 | 0000 498b | d748 8bc8 | 4883 ec20 | 40f6 c40f | 0f84 1900 | 0000 4883 

  0x000002491b5c4ca4: ;   {runtime_call}
  0x000002491b5c4ca4: ec08 48b8 | d0ed 0d32 | fa7f 0000 | ffd0 4883 | c408 e90c 

  0x000002491b5c4cb8: ;   {runtime_call}
  0x000002491b5c4cb8: 0000 0048 | b8d0 ed0d | 32fa 7f00 | 00ff d048 | 83c4 20c5 | 7b10 bc24 | c800 0000 | c57b 10b4 
  0x000002491b5c4cd8: 24c0 0000 | 00c5 7b10 | ac24 b800 | 0000 c57b | 10a4 24b0 | 0000 00c5 | 7b10 9c24 | a800 0000 
  0x000002491b5c4cf8: c57b 1094 | 24a0 0000 | 00c5 7b10 | 8c24 9800 | 0000 c57b | 1084 2490 | 0000 00c5 | fb10 bc24 
  0x000002491b5c4d18: 8800 0000 | c5fb 10b4 | 2480 0000 | 00c5 fb10 | 6c24 78c5 | fb10 6424 | 70c5 fb10 | 5c24 68c5 
  0x000002491b5c4d38: fb10 5424 | 60c5 fb10 | 4c24 58c5 | fb10 4424 | 504c 8b5c | 2440 4c8b | 5424 384c | 8b4c 2430 
  0x000002491b5c4d58: 4c8b 4424 | 2848 8b7c | 2420 488b | 7424 1848 | 8b54 2410 | 488b 4c24 | 0848 8b04 | 2448 81c4 
  0x000002491b5c4d78: d000 0000 | c5f8 7749 | 8b8f 2804 | 0000 c781 | 0001 0000 | 0000 0000 | c949 837f | 0800 0f85 
  0x000002491b5c4d98: 0100 0000 

  0x000002491b5c4d9c: ;   {runtime_call StubRoutines (initial stubs)}
  0x000002491b5c4d9c: c3e9 5ec1 | a3ff c5f8 | 7748 8945 | f84c 8be4 | 4883 ec20 | 4883 e4f0 

  0x000002491b5c4db4: ;   {runtime_call}
  0x000002491b5c4db4: 48b8 2039 | 4f32 fa7f | 0000 ffd0 | 498b e44d | 33e4 488b | 45f8 e930 | fdff fff4 
[/MachCode]


Compiled method (c2)   68121 4768       4       java.security.SecureClassLoader::defineClass (16 bytes)
 total in heap  [0x000002491b69d090,0x000002491b6a3cb0] = 27680
 relocation     [0x000002491b69d1e8,0x000002491b69d600] = 1048
 main code      [0x000002491b69d600,0x000002491b6a1548] = 16200
 stub code      [0x000002491b6a1548,0x000002491b6a1670] = 296
 oops           [0x000002491b6a1670,0x000002491b6a1698] = 40
 metadata       [0x000002491b6a1698,0x000002491b6a1888] = 496
 scopes data    [0x000002491b6a1888,0x000002491b6a2e50] = 5576
 scopes pcs     [0x000002491b6a2e50,0x000002491b6a3780] = 2352
 dependencies   [0x000002491b6a3780,0x000002491b6a3798] = 24
 handler table  [0x000002491b6a3798,0x000002491b6a3bb8] = 1056
 nul chk table  [0x000002491b6a3bb8,0x000002491b6a3cb0] = 248

[Constant Pool (empty)]

[MachCode]
[Entry Point]
  # {method} {0x000002492704d350} 'defineClass' '(Ljava/lang/String;[BIILjava/security/CodeSource;)Ljava/lang/Class;' in 'java/security/SecureClassLoader'
  # this:     rdx:rdx   = 'java/security/SecureClassLoader'
  # parm0:    r8:r8     = 'java/lang/String'
  # parm1:    r9:r9     = '[B'
  # parm2:    rdi       = int
  # parm3:    rsi       = int
  # parm4:    rcx:rcx   = 'java/security/CodeSource'
  #           [sp+0xc0]  (sp of caller)
  0x000002491b69d600: 448b 5208 | 49bb 0000 | 0027 4902 | 0000 4d03 | d349 3bc2 

  0x000002491b69d614: ;   {runtime_call ic_miss_stub}
  0x000002491b69d614: 0f85 6611 | 9bff 6690 | 0f1f 4000 
[Verified Entry Point]
  0x000002491b69d620: 8984 2400 | 80ff ff55 | 4881 ecb0 | 0000 0090 | 4181 7f20 | 0700 0000 | 0f85 003f | 0000 8974 
  0x000002491b69d640: 2444 897c | 2440 4c89 | 4c24 384c | 8944 2430 | 4889 5424 | 2848 8be9 | 4885 c90f | 84b3 2f00 
  0x000002491b69d660: 004d 8b87 | b801 0000 | 4d8b d049 | 83c2 104d | 3b97 c801 | 0000 0f83 | 4b1f 0000 | 4d89 97b8 
  0x000002491b69d680: 0100 0041 | 0f18 8200 | 0100 0049 | c700 0100 

  0x000002491b69d690: ;   {metadata('java/security/SecureClassLoader$CodeSourceKey')}
  0x000002491b69d690: 0000 41c7 | 4008 d8dc | 1100 4c8b | dd45 8958 | 0c4d 8b8f | b801 0000 | 4c8b 5424 | 2841 8b6a 
  0x000002491b69d6b0: 504d 8bd1 | 4983 c210 | 4d3b 97c8 | 0100 000f | 8327 1f00 | 004d 8997 | b801 0000 | 410f 1882 
  0x000002491b69d6d0: 0001 0000 | 49c7 0101 

  0x000002491b69d6d8: ;   {metadata('java/security/SecureClassLoader$1')}
  0x000002491b69d6d8: 0000 0041 | c741 0860 | e211 004c | 8b54 2428 | 4d8b da45 | 8959 0c44 

  0x000002491b69d6f0: ;   {metadata('java/util/concurrent/ConcurrentHashMap')}
  0x000002491b69d6f0: 8b5d 0841 | 81fb 204f | 0600 0f85 | 2429 0000 | 488b d590 

  0x000002491b69d704: ;   {optimized virtual_call}
  0x000002491b69d704: c5f8 77e8 

  0x000002491b69d708: ; ImmutableOopMap {[40]=Oop [48]=Oop [56]=Oop }
                      ;*invokeinterface computeIfAbsent {reexecute=0 rethrow=0 return_oop=1}
                      ; - java.security.SecureClassLoader::getProtectionDomain@28 (line 222)
                      ; - java.security.SecureClassLoader::defineClass@9 (line 150)
  0x000002491b69d708: b4bf 0c00 

  0x000002491b69d70c: ;   {other}
  0x000002491b69d70c: 0f1f 8400 | 7c06 0000 

  0x000002491b69d714: ; implicit exception: dispatches to 0x000002491b6a10d0
  0x000002491b69d714: 448b 5008 

  0x000002491b69d718: ;   {metadata('java/security/ProtectionDomain')}
  0x000002491b69d718: 4181 faa8 | 5700 000f | 8517 3900 | 0048 8984 | 2490 0000 | 004c 8b54 | 2430 458b | 5214 458b 
  0x000002491b69d738: 5a0c 4585 | db0f 862d | 2900 004c | 8b44 2430 | 450f be48 | 1045 85c9 | 0f85 3e2d | 0000 c442 
  0x000002491b69d758: 32f7 c345 | 3bc3 418b | d841 0f4f | db4d 8bca | c4c1 f96e | c14d 8d4a | 1085 db0f | 8ecf 0000 
  0x000002491b69d778: 0044 3bdb | 0f82 fa2a | 0000 b82f | 0000 0049 | 8bf9 8bd3 | 488b df83 | fa10 0f8c | 7900 0000 
  0x000002491b69d798: 83fa 200f | 8c36 0000 | 00c5 f96e | d8c4 e27d | 78db c5ed | efd2 8bca | 83e1 e083 | e21f c5fe 
  0x000002491b69d7b8: 6f0b c5f5 | 74cb c4e2 | 7d17 d10f | 8369 0000 | 0048 83c3 | 2083 e920 | 75e4 e90d | 0000 00c5 
  0x000002491b69d7d8: f96e d8c5 | e9ef d2c4 | e261 00da | 83fa 100f | 8c24 0000 | 008b ca83 | e1f0 83e2 | 0fc5 fa6f 
  0x000002491b69d7f8: 0bc5 f174 | cbc4 e279 | 17d1 0f83 | 2a00 0000 | 4883 c310 | 83e9 1075 | e485 d20f 

  0x000002491b69d814: ;   {no_reloc}
  0x000002491b69d814: 8412 0000 | 000f b60b | 3bc1 741c | 4883 c301 | 83ea 0174 | 02eb eebb | ffff ffff | eb0d c5fd 
  0x000002491b69d834: d7c9 0fbc | c148 03d8 | 482b df83 | fbff 0f85 | ac2d 0000 | 410f b629 | 83fd 5b0f | 84f3 2d00 
  0x000002491b69d854: 0041 8d48 | fb85 c97c | 5341 0fbe | 1983 fb6a | 754a 4183 | fb04 0f86 | 2833 0000 | 4180 7a11 
  0x000002491b69d874: 6175 3941 | 807a 1276 | 7532 4180 | 7a13 6175 | 2b41 807a | 142e 7524 

  0x000002491b69d88c: ;   {oop(a 'jdk/internal/loader/ClassLoaders$PlatformClassLoader'{0x00000000e070c6d0})}
  0x000002491b69d88c: 48b9 d0c6 | 70e0 0000 | 0000 488b | 5c24 2848 | 3bd9 0f85 | 3537 0000 

  0x000002491b69d8a4: ;   {oop(a 'jdk/internal/loader/ClassLoaders$PlatformClassLoader'{0x00000000e070c6d0})}
  0x000002491b69d8a4: 48bb d0c6 | 70e0 0000 | 0000 eb05 | 488b 5c24 | 2848 8b8c | 2490 0000 | 008b 4910 | 894c 2460 
  0x000002491b69d8c4: 418d 78ff | 418d 4bff | 3bf9 0f4f | f985 ff0f | 8cb7 1600 | 0041 3bfb | 0f83 1e27 | 0000 85ff 
  0x000002491b69d8e4: 0f8e 6e29 | 0000 8d4f | ff45 33f6 | 410f be74 | 3a10 83fe | 2e0f 843e | 1600 00ff | cf3b f97f 
  0x000002491b69d904: eb83 ff02 | 0f8e 9800 | 0000 8d4f | fe83 ff02 | 410f 4cce | 81f9 a00f | 0000 baa0 | 0f00 000f 
  0x000002491b69d924: 47ca 8bd7 | 2bd1 660f | 1f44 0000 | 4863 f741 | 0fbe 4c32 | 1083 f92e | 0f84 6603 | 0000 410f 
  0x000002491b69d944: be74 320f | 83fe 2e0f | 845b 0300 | 008d 4ffe | 410f be74 | 0a10 83fe | 2e0f 844c | 0300 008d 
  0x000002491b69d964: 4ffd 410f | be44 0a10 | 83f8 2e0f | 843a 0300 | 0083 c7fc | 3bfa 7fb4 | 498b af50 | 0400 0048 
  0x000002491b69d984: 8b4c 2428 | 488b 5424 | 3048 8bb4 | 2490 0000 | 0044 8b6c 

  0x000002491b69d998: ; ImmutableOopMap {r10=NarrowOop rcx=Oop rbx=Oop rdx=Oop rsi=Oop r13=NarrowOop xmm0=Oop r9=Derived_oop_xmm0 [40]=Oop [48]=Oop [56]=Oop [96]=NarrowOop [144]=Oop }
                      ;*goto {reexecute=1 rethrow=0 return_oop=0}
                      ; - (reexecute) java.lang.StringLatin1::lastIndexOf@35 (line 285)
                      ; - java.lang.String::lastIndexOf@13 (line 2573)
                      ; - java.lang.String::lastIndexOf@8 (line 2535)
                      ; - java.lang.ClassLoader::checkCerts@3 (line 1163)
                      ; - java.lang.ClassLoader::preDefineClass@113 (line 917)
                      ; - java.lang.ClassLoader::defineClass@4 (line 1025)
                      ; - java.security.SecureClassLoader::defineClass@12 (line 150)
                      ;   {poll}
  0x000002491b69d998: 2460 8545 | 0083 ff02 | 0f8f 68ff | ffff 83ff | ff0f 8ee4 | 1500 0090 | 410f be54 | 3a10 83fa 
  0x000002491b69d9b8: 2e0f 8494 | 2500 00ff | cf83 ffff | 7fea e9c8 | 1500 0044 | 8bd3 eb04 | 448d 53ff | 4183 faff 
  0x000002491b69d9d8: 0f84 0633 | 0000 4585 | d20f 8ca9 | 3200 0045 | 3bd1 0f8f | 1833 0000 | 453b d10f | 842e 1100 
  0x000002491b69d9f8: 0045 85d2 | 0f84 2617 | 0000 498b | 9fb8 0100 | 004c 8bdb | 4983 c318 | 4d3b 9fc8 | 0100 000f 
  0x000002491b69da18: 8384 2300 | 004d 899f | b801 0000 | 410f 1883 | 0001 0000 | 48c7 0301 

  0x000002491b69da30: ;   {metadata('java/lang/String')}
  0x000002491b69da30: 0000 00c7 | 4308 40e7 | 0000 4489 | 630c 4c89 | 6310 4c8d | 5910 443b | d70f 8590 | 0000 004c 
  0x000002491b69da50: 63c7 81ff | 0000 1000 | 0f87 0324 | 0000 498b | b7b8 0100 | 004d 8d50 | 1749 83e2 | f84c 8bce 
  0x000002491b69da70: 4d03 ca4d | 3b8f c801 | 0000 0f83 | e123 0000 | 4d89 8fb8 | 0100 0041 | 0f18 8100 | 0100 0048 
  0x000002491b69da90: c706 0100 | 0000 410f | 1881 4001 

  0x000002491b69da9c: ;   {metadata({type array byte})}
  0x000002491b69da9c: 0000 c746 | 0868 2200 | 0089 7e0c | 410f 1881 | 8001 0000 | 488b d648 | 83c2 1049 | 83c0 0749 
  0x000002491b69dabc: c1e8 0349 | 8bcb c5f8 | 7749 ba60 | 3303 1b49 | 0200 0041 

  0x000002491b69dad0: ;   {other}
  0x000002491b69dad0: ffd2 0f1f | 8400 0000 | 0000 e9cf | 0000 0041 | 81fa 0000 | 1000 0f87 | d030 0000 | 4d63 ca41 
  0x000002491b69daf0: 3bfa 8bef | 410f 4fea | 3bfd 0f82 | 3031 0000 | 443b d50f | 8227 3100 | 0049 83c1 | 1749 8bf9 
  0x000002491b69db10: 4883 e7f8 | 4181 fa00 | 0010 000f | 87bc 2200 | 0049 8bb7 | b801 0000 | 4c8b c64c | 03c7 4d3b 
  0x000002491b69db30: 87c8 0100 | 000f 83a2 | 2200 004d | 8987 b801 | 0000 410f | 1880 0001 | 0000 48c7 | 0601 0000 
  0x000002491b69db50: 0041 0f18 | 8040 0100 

  0x000002491b69db58: ;   {metadata({type array byte})}
  0x000002491b69db58: 00c7 4608 | 6822 0000 | 4489 560c | 410f 1880 | 8001 0000 | 488b d648 | 83c2 1049 | c1e9 0385 
  0x000002491b69db78: ed0f 8445 | 3000 0041 | 3bea 0f8c | 3b19 0000 | 4883 c7f0 | 48c1 ef03 | 498b cb4c | 8bc7 c5f8 
  0x000002491b69db98: 7749 ba60 | 3303 1b49 | 0200 0041 

  0x000002491b69dba4: ;   {other}
  0x000002491b69dba4: ffd2 0f1f | 8400 0000 | 0000 4180 | 7f40 000f | 8586 1800 | 004c 8bd3 | 4c8b de44 | 895b 144c 
  0x000002491b69dbc4: 8bde 4d33 | da49 c1eb | 144d 85db | 741a 49c1 | ea09 48b9 | 0000 f522 | 4902 0000 | 4903 ca80 
  0x000002491b69dbe4: 3902 0f85 | 8618 0000 | 4488 6310 | 488b d390 

  0x000002491b69dbf4: ;   {optimized virtual_call}
  0x000002491b69dbf4: c5f8 77e8 

  0x000002491b69dbf8: ; ImmutableOopMap {[40]=Oop [56]=Oop [144]=Oop }
                      ;*invokevirtual intern {reexecute=0 rethrow=0 return_oop=1}
                      ; - java.lang.Class::getPackageName@65 (line 1169)
                      ; - java.lang.ClassLoader::postDefineClass@2 (line 934)
                      ; - java.lang.ClassLoader::defineClass@37 (line 1028)
                      ; - java.security.SecureClassLoader::defineClass@12 (line 150)
  0x000002491b69dbf8: c43a f1ff 

  0x000002491b69dbfc: ;   {other}
  0x000002491b69dbfc: 0f1f 8400 | 6c0b 0002 | 488b d841 | 807f 4000 | 0f85 f517 | 0000 4c8b | d34c 8b5c | 2438 4589 
  0x000002491b69dc1c: 533c 4d8b | d34c 8bdb | 4d33 da49 | c1eb 144d | 85db 0f84 | 9e0a 0000 | 4885 db0f | 8495 0a00 
  0x000002491b69dc3c: 0049 c1ea | 0948 b900 | 00f5 2249 | 0200 0049 | 03ca 8039 | 020f 847b | 0a00 004d | 8b57 584d 
  0x000002491b69dc5c: 8b5f 48f0 | 8344 24c0 | 0080 3900 | 0f84 640a | 0000 4488 | 214d 85db | 7520 498b | d7c5 f877 
  0x000002491b69dc7c: 49ba b0ed | 0d32 fa7f | 0000 41ff 

  0x000002491b69dc88: ;   {other}
  0x000002491b69dc88: d20f 1f84 | 0000 0000 | 00e9 3c0a | 0000 4b89 | 4c1a f849 | 83c3 f84d | 895f 48e9 | 2a0a 0000 
  0x000002491b69dca8: 8bcf eb03 | 8d4f ff83 | f9ff 0f84 | a829 0000 | 85c9 0f8c | 0428 0000 | 413b c80f | 8fbf 2900 
  0x000002491b69dcc8: 0041 3bc8 | 0f84 4b0e | 0000 85c9 | 0f84 c312 | 0000 498b | b7b8 0100 | 004c 8bc6 | 4983 c018 
  0x000002491b69dce8: 4d3b 87c8 | 0100 000f | 83c5 1900 | 004d 8987 | b801 0000 | 410f 1880 | 0001 0000 | 48c7 0601 
  0x000002491b69dd08: ;   {metadata('java/lang/String')}
  0x000002491b69dd08: 0000 00c7 | 4608 40e7 | 0000 4489 | 660c 4c89 | 6610 413b | cb0f 8591 | 0000 004d | 63c3 4181 
  0x000002491b69dd28: fb00 0010 | 000f 87d8 | 1f00 004d | 8baf b801 | 0000 498d | 4817 4883 | e1f8 498b | fd48 03f9 
  0x000002491b69dd48: 493b bfc8 | 0100 000f | 83b6 1f00 | 0049 89bf | b801 0000 | 0f18 8700 | 0100 0049 | c745 0001 
  0x000002491b69dd68: 0000 000f | 1887 4001 

  0x000002491b69dd70: ;   {metadata({type array byte})}
  0x000002491b69dd70: 0000 41c7 | 4508 6822 | 0000 4589 | 5d0c 0f18 | 8780 0100 | 0049 8bd5 | 4883 c210 | 4983 c007 
  0x000002491b69dd90: 49c1 e803 | 498b c9c5 | f877 49ba | 6033 031b | 4902 0000 

  0x000002491b69dda4: ;   {other}
  0x000002491b69dda4: 41ff d20f | 1f84 0000 | 0000 00e9 | ce00 0000 | 81f9 0000 | 1000 0f87 | 2026 0000 | 4863 d144 
  0x000002491b69ddc4: 3bd9 418b | eb0f 4fe9 | 443b dd0f | 827f 2600 | 003b cd0f | 8277 2600 | 0048 83c2 | 174c 8bc2 
  0x000002491b69dde4: 4983 e0f8 | 81f9 0000 | 1000 0f87 | e11a 0000 | 4d8b afb8 | 0100 004d | 8bd5 4d03 | d04d 3b97 
  0x000002491b69de04: c801 0000 | 0f83 c71a | 0000 4d89 | 97b8 0100 | 0041 0f18 | 8200 0100 | 0049 c745 | 0001 0000 
  0x000002491b69de24: 0041 0f18 | 8240 0100 

  0x000002491b69de2c: ;   {metadata({type array byte})}
  0x000002491b69de2c: 0041 c745 | 0868 2200 | 0041 894d | 0c41 0f18 | 8280 0100 | 004d 8bd5 | 4983 c210 | 48c1 ea03 
  0x000002491b69de4c: 85ed 0f84 | 9425 0000 | 3be9 0f8c | 8c14 0000 | 4983 c0f0 | 49c1 e803 | 498b c949 | 8bd2 c5f8 
  0x000002491b69de6c: 7749 ba60 | 3303 1b49 | 0200 0041 

  0x000002491b69de78: ;   {other}
  0x000002491b69de78: ffd2 0f1f | 8400 0000 | 0000 4180 | 7f40 000f | 8517 1200 | 004c 8bd6 | 4d8b dd44 | 895e 144d 
  0x000002491b69de98: 8bdd 4d33 | da49 c1eb | 144d 85db | 741a 49c1 | ea09 48b9 | 0000 f522 | 4902 0000 | 4903 ca80 
  0x000002491b69deb8: 3902 0f85 | 1712 0000 | 4488 6610 | 448b 5424 | 6041 8b6a | 1485 ed0f | 85df 2700 | 0041 8b6a 
  0x000002491b69ded8: 1085 ed0f | 85ff 2700 | 0044 8b53 | 2c45 85d2 | 0f84 7420 | 0000 4889 | 5c24 4844 | 8974 2420 
  0x000002491b69def8: 498b d2bf | 0100 0000 

  0x000002491b69df00: ;   {oop(a 'java/security/cert/Certificate'[0] {0x00000000e0766e20})}
  0x000002491b69df00: 49b9 206e | 76e0 0000 | 0000 4c8b | c666 6690 

  0x000002491b69df10: ;   {optimized virtual_call}
  0x000002491b69df10: c5f8 77e8 

  0x000002491b69df14: ; ImmutableOopMap {[40]=Oop [48]=Oop [56]=Oop [72]=Oop [144]=Oop }
                      ;*invokevirtual putVal {reexecute=0 rethrow=0 return_oop=1}
                      ; - java.util.concurrent.ConcurrentHashMap::putIfAbsent@4 (line 1541)
                      ; - java.lang.ClassLoader::checkCerts@62 (line 1171)
                      ; - java.lang.ClassLoader::preDefineClass@113 (line 917)
                      ; - java.lang.ClassLoader::defineClass@4 (line 1025)
                      ; - java.security.SecureClassLoader::defineClass@12 (line 150)
  0x000002491b69df14: a80f 0c00 

  0x000002491b69df18: ;   {other}
  0x000002491b69df18: 0f1f 8400 | 880e 0003 | 4885 c074 | 1c44 8b50 

  0x000002491b69df28: ;   {metadata('java/security/cert/Certificate'[])}
  0x000002491b69df28: 0841 81fa | 186c 1000 | 0f85 3a31 | 0000 8b68 | 0c85 ed0f | 877f 2a00 | 004c 8b94 | 2490 0000 
  0x000002491b69df48: 0045 8b52 | 1041 8b72 | 0c85 f60f | 84b3 2700 | 0044 3b66 | 380f 8419 | 2000 0049 | 8b87 b801 
  0x000002491b69df68: 0000 4c8b | d049 83c2 | 184c 8bf6 | 4d3b 97c8 | 0100 000f | 83da 1600 | 004d 8997 | b801 0000 
  0x000002491b69df88: 410f 1882 | 0001 0000 | 48c7 0001 

  0x000002491b69df94: ;   {metadata('java/lang/StringBuilder')}
  0x000002491b69df94: 0000 00c7 | 4008 1880 | 0000 4489 | 600c 4c89 | 6010 488b | d849 8b87 | b801 0000 | 4c8b d049 
  0x000002491b69dfb4: 83c2 204d | 3b97 c801 | 0000 0f83 | 5516 0000 | 4d89 97b8 | 0100 0041 | 0f18 8200 | 0100 0048 
  0x000002491b69dfd4: c700 0100 | 0000 410f | 1882 4001 

  0x000002491b69dfe0: ;   {metadata({type array byte})}
  0x000002491b69dfe0: 0000 c740 | 0868 2200 | 0041 0f18 | 8280 0100 | 00c7 400c | 1000 0000 | 4c89 6010 | 4c89 6018 
  0x000002491b69e000: 4c8b db4c | 8bd0 4489 | 5314 4c8b | c04d 33c3 | 49c1 e814 | 4d85 c00f | 84a9 0f00 | 0049 c1eb 
  0x000002491b69e020: 0948 b900 | 00f5 2249 | 0200 0049 | 03cb 8039 | 020f 85ca | 0f00 0045 | 33c0 448b | 4e14 4488 
  0x000002491b69e040: 6310 4585 | c90f 8445 | 1500 0045 | 8b59 1441 | 8b4b 0c45 | 8b5a 0c41 | 0fbe 5110 | c4e2 6af7 
  0x000002491b69e060: f944 03c7 | 418b d041 | 2bd3 85d2 | 0f8f 0b0e | 0000 440f | be53 1045 | 0fbe 5910 | 448b 430c 
  0x000002491b69e080: 453b d30f | 85d3 2800 | 008b 4b14 | 453b da0f | 85df 2400 | 0045 8b59 | 1445 8b4b | 0cc4 c229 
  0x000002491b69e0a0: f7e8 448b | 410c 85ed | 0f8c 4621 | 0000 418d | 1429 443b | c20f 8239 | 2100 0045 | 85c9 762a 
  0x000002491b69e0c0: 4c8b d148 | 8d54 2910 | 4d63 c14d | 8bd3 498d | 4b10 c5f8 | 7749 baa0 | 2d03 1b49 | 0200 0041 
  0x000002491b69e0e0: ;   {no_reloc}
  0x000002491b69e0e0: ffd2 0f1f | 8400 0000 | 0000 017b | 0c8b 7b14 

  0x000002491b69e0f0: ; implicit exception: dispatches to 0x000002491b6a110c
  0x000002491b69e0f0: 448b 570c | 448b 430c | 440f be5b | 10c4 4222 | f7d2 458b | c845 2bca | 41ff c145 | 85c9 0f8f 
  0x000002491b69e110: 1b0a 0000 | 807b 1000 | 0f85 6812 | 0000 8b6b | 0c44 8d55 | 0144 8953 | 0c44 8b57 | 0c41 3bea 
  0x000002491b69e130: 0f83 761e | 0000 c644 | 2f10 3a8b | 6e24 85ed | 7411 448b | 5514 458b | 5a0c 4585 | db0f 8745 
  0x000002491b69e150: 2100 008b | 6b14 448b | 550c 448b | 430c 440f | be4b 10c4 | 4232 f7d2 | 458b c845 | 2bca 4585 
  0x000002491b69e170: c90f 8f5e | 0a00 0044 | 0fbe 5310 | 448b 4b0c | 4585 d20f | 85bf 2500 | 008b 6b14 

  0x000002491b69e18c: ; implicit exception: dispatches to 0x000002491b6a113c
  0x000002491b69e18c: 448b 5d0c | 4585 c90f | 8cf3 1e00 | 0045 3bd9 | 0f82 ea1e | 0000 8b46 | 2844 8b58 | 1445 8b43 
  0x000002491b69e1ac: 0c44 8b6b | 1445 8b55 | 0c44 0fbe | 5810 448b | 4b0c c4c2 | 22f7 f80f | be4b 1046 | 8d04 0fc4 
  0x000002491b69e1cc: 4272 f7d2 | 418b d041 | 2bd2 85d2 | 0f8f 9a0a | 0000 413b 

  0x000002491b69e1e0: ;   {no_reloc}
  0x000002491b69e1e0: cb0f 85bd | 2500 0044 | 8b53 1444 | 3bd9 0f85 | f822 0000 | 8b40 1444 | 8b40 0cc4 | c271 f7e9 
  0x000002491b69e200: ; implicit exception: dispatches to 0x000002491b6a119c
  0x000002491b69e200: 458b 4a0c | 85ed 0f8c | d81e 0000 | 418d 0c28 | 443b c90f | 82cb 1e00 | 0045 85c0 | 762a 4d63 
  0x000002491b69e220: c04c 8bd8 | 488d 4810 | 4d8b da49 | 8d54 2a10 | c5f8 7749 | baa0 2d03 | 1b49 0200 | 0041 ffd2 
  0x000002491b69e240: ;   {other}
  0x000002491b69e240: 0f1f 8400 | 0000 0000 | 448b c744 | 0343 0c44 | 8943 0c8b | 6e20 85ed | 0f85 ae25 | 0000 8b6b 
  0x000002491b69e260: 1444 8b5d | 0c44 0fbe | 5310 c442 | 2af7 db45 | 8bd0 452b | d345 85d2 | 0f8f c70a | 0000 440f 
  0x000002491b69e280: be53 1044 | 8b5b 0c45 | 85d2 0f85 | cc25 0000 | 8b6b 1444 | 8b55 0c45 | 85db 0f8c | a81e 0000 
  0x000002491b69e2a0: 453b d30f | 829f 1e00 | 008b 6e30 | 85ed 0f85 | 0426 0000 | 448b 4b14 

  0x000002491b69e2b8: ; implicit exception: dispatches to 0x000002491b6a11ec
  0x000002491b69e2b8: 458b 510c | 0fbe 6b10 | 448b 430c | c442 52f7 | da45 8bd0 | 452b d345 | 85d2 0f8f | 0b0b 0000 
  0x000002491b69e2d8: 85ed 0f85 | 2426 0000 | 8b6b 1444 | 8b55 0c45 | 85c0 0f8c | b01e 0000 | 453b d00f | 82a7 1e00 
  0x000002491b69e2f8: 0049 8b87 | b801 0000 | 4c8b d049 | 83c2 184d | 3b97 c801 | 0000 0f83 | 7a13 0000 | 4d89 97b8 
  0x000002491b69e318: 0100 0041 | 0f18 8200 | 0100 0048 | c700 0100 

  0x000002491b69e328: ;   {metadata('java/lang/String')}
  0x000002491b69e328: 0000 c740 | 0840 e700 | 0044 8960 | 0c4c 8960 | 104c 8be8 | 448b 530c | 448b 5b14 | 807b 1000 
  0x000002491b69e348: 0f85 1014 | 0000 418b | 5b0c 4d8b | c34c 8944 | 2478 4d8d | 4b10 443b | d30f 8596 | 0000 0048 
  0x000002491b69e368: 63f3 81fb | 0000 1000 | 0f87 4d19 | 0000 498b | bfb8 0100 | 004c 8d56 | 1749 83e2 | f84c 8bc7 
  0x000002491b69e388: 4d03 c24d | 3b87 c801 | 0000 0f83 | 2b19 0000 | 4d89 87b8 | 0100 0041 | 0f18 8000 | 0100 0048 
  0x000002491b69e3a8: c707 0100 | 0000 410f | 1880 4001 

  0x000002491b69e3b4: ;   {metadata({type array byte})}
  0x000002491b69e3b4: 0000 c747 | 0868 2200 | 0089 5f0c | 410f 1880 | 8001 0000 | 488b d748 | 83c2 1048 | 83c6 0748 
  0x000002491b69e3d4: c1ee 0349 | 8bc9 4c8b | c6c5 f877 | 49ba 6033 | 031b 4902 | 0000 41ff 

  0x000002491b69e3ec: ;   {other}
  0x000002491b69e3ec: d20f 1f84 | 0000 0000 | 0048 8bdf | e9d8 0000 | 0045 85d2 | 0f8c b226 | 0000 4181 | fa00 0010 
  0x000002491b69e40c: 000f 87d5 | 1e00 0049 | 63ca 413b | da8b eb41 | 0f4f ea3b | dd0f 8232 | 1f00 0044 | 3bd5 0f82 
  0x000002491b69e42c: 291f 0000 | 4883 c117 | 4c8b c149 | 83e0 f841 | 81fa 0000 | 1000 0f87 | 0814 0000 | 498b 9fb8 
  0x000002491b69e44c: 0100 004c | 8bdb 4d03 | d84d 3b9f | c801 0000 | 0f83 ee13 | 0000 4d89 | 9fb8 0100 | 0041 0f18 
  0x000002491b69e46c: 8300 0100 | 0048 c703 | 0100 0000 | 410f 1883 | 4001 0000 

  0x000002491b69e480: ;   {metadata({type array byte})}
  0x000002491b69e480: c743 0868 | 2200 0044 | 8953 0c41 | 0f18 8380 | 0100 004c | 8bdb 4983 | c310 48c1 | e903 85ed 
  0x000002491b69e4a0: 0f84 4a1e | 0000 413b | ea0f 8c88 | 0c00 0049 | 83c0 f049 | c1e8 0349 | 8bc9 498b | d3c5 f877 
  0x000002491b69e4c0: 49ba 6033 | 031b 4902 | 0000 41ff 

  0x000002491b69e4cc: ;   {other}
  0x000002491b69e4cc: d20f 1f84 | 0000 0000 | 0041 807f | 4000 0f85 | ee0a 0000 | 4d8b d54c | 8bdb 4589 | 5d14 4c8b 
  0x000002491b69e4ec: db4d 33da | 49c1 eb14 | 4d85 db74 | 1a49 c1ea | 0948 b900 | 00f5 2249 | 0200 0049 | 03ca 8039 
  0x000002491b69e50c: 020f 8540 | 0b00 0048 | 8b54 2428 | 4c8b 4424 | 304c 8b4c | 2438 8b7c | 2440 8b74 | 2444 488b 
  0x000002491b69e52c: 8c24 9000 | 0000 4c89 | 2c24 6690 

  0x000002491b69e538: ;   {static_call}
  0x000002491b69e538: c5f8 77e8 

  0x000002491b69e53c: ; ImmutableOopMap {[40]=Oop [144]=Oop }
                      ;*invokestatic defineClass1 {reexecute=0 rethrow=0 return_oop=1}
                      ; - java.lang.ClassLoader::defineClass@27 (line 1027)
                      ; - java.security.SecureClassLoader::defineClass@12 (line 150)
  0x000002491b69e53c: 0064 f2ff 

  0x000002491b69e540: ;   {other}
  0x000002491b69e540: 0f1f 8400 | b014 0004 | 4889 4424 | 3844 8b58 | 3c45 85db | 0f85 6601 | 0000 4c8b | 5010 458b 
  0x000002491b69e560: 4208 4585 | c00f 8c05 | 2500 0044 | 8b58 2c45 | 85db 0f84 | db09 0000 | 4d8b c341 | 8b48 148b 
  0x000002491b69e580: 790c 410f | be50 10c4 | 626a f7cf | 458d 59ff | 85d2 0f85 | c426 0000 | 4c8b d14c | 8994 2488 
  0x000002491b69e5a0: 0000 008d | 5fff 413b | db41 0f4f | db85 db0f | 8cf7 0900 | 0085 ff0f | 8687 2400 | 003b df0f 
  0x000002491b69e5c0: 837f 2400 | 0085 db0f | 8ebf 2400 | 0044 8d53 | ff49 bb00 | 00f5 2249 | 0200 004c | 895c 2468 
  0x000002491b69e5e0: 440f be5c | 1910 4183 | fb2e 0f84 | 5409 0000 | ffcb 413b | da7f e983 | fb02 0f8e | 9900 0000 
  0x000002491b69e600: 448d 5bfe | 83fb 0244 | 0f4c 5c24 | 2041 81fb | a00f 0000 | baa0 0f00 | 0044 0f47 | da8b f341 
  0x000002491b69e620: 2bf3 0f1f | 8000 0000 | 000f 1f80 | 0000 0000 | 4c63 d346 | 0fbe 5c11 | 1041 83fb 

  0x000002491b69e63c: ;   {no_reloc}
  0x000002491b69e63c: 2e0f 8488 | f3ff ff46 | 0fbe 5c11 | 0f41 83fb | 2e0f 847d | f3ff ff44 | 8d53 fe46 | 0fbe 5c11 
  0x000002491b69e65c: 1041 83fb | 2e0f 846d | f3ff ff44 | 8d53 fd42 | 0fbe 5411 | 1083 fa2e | 0f84 5af3 | ffff 83c3 
  0x000002491b69e67c: fc3b de7f | af49 8baf | 5004 0000 | 4c8b 5424 

  0x000002491b69e68c: ; ImmutableOopMap {r10=Oop r8=Oop rcx=NarrowOop [40]=Oop [56]=Oop [136]=Oop [144]=Oop }
                      ;*goto {reexecute=1 rethrow=0 return_oop=0}
                      ; - (reexecute) java.lang.StringLatin1::lastIndexOf@35 (line 285)
                      ; - java.lang.String::lastIndexOf@13 (line 2573)
                      ; - java.lang.String::lastIndexOf@8 (line 2535)
                      ; - java.lang.Class::getPackageName@47 (line 1168)
                      ; - java.lang.ClassLoader::postDefineClass@2 (line 934)
                      ; - java.lang.ClassLoader::defineClass@37 (line 1028)
                      ; - java.security.SecureClassLoader::defineClass@12 (line 150)
                      ;   {poll}
  0x000002491b69e68c: 3885 4500 | 83fb 020f | 8f67 ffff | ff83 fbff | 0f8e 1909 | 0000 6690 | 440f be5c | 1910 4183 
  0x000002491b69e6ac: fb2e 0f84 | a618 0000 | ffcb 83fb | ff7f e9e9 | fb08 0000 | 498b db49 | ba00 00f5 | 2249 0200 
  0x000002491b69e6cc: 004c 8954 | 2468 4c8b | 5424 2841 | 8b4a 3885 | c90f 84b1 | 1800 004c | 8bcb 8b43 | 0c4c 8b54 
  0x000002491b69e6ec: 2438 458b | 4230 85c0 | 7560 440f | b65b 1145 | 85db 0f85 | 4808 0000 | 440f be5b | 1045 85db 
  0x000002491b69e70c: 0f85 8226 | 0000 4489 | 4424 3448 | 895c 2420 | 448b 5b14 | 488b e989 | 4c24 3049 | 8bd3 6690 
  0x000002491b69e72c: ;   {static_call}
  0x000002491b69e72c: c5f8 77e8 

  0x000002491b69e730: ; ImmutableOopMap {rbp=Oop [32]=Oop [40]=Oop [48]=NarrowOop [52]=NarrowOop [56]=Oop [144]=Oop }
                      ;*invokestatic hashCode {reexecute=0 rethrow=0 return_oop=0}
                      ; - java.lang.String::hashCode@27 (line 2369)
                      ; - java.util.concurrent.ConcurrentHashMap::get@1 (line 936)
                      ; - java.lang.ClassLoader::getNamedPackage@5 (line 341)
                      ; - java.lang.ClassLoader::postDefineClass@9 (line 934)
                      ; - java.lang.ClassLoader::defineClass@37 (line 1028)
                      ; - java.security.SecureClassLoader::defineClass@12 (line 150)
  0x000002491b69e730: 4c09 9bff 

  0x000002491b69e734: ;   {other}
  0x000002491b69e734: 0f1f 8400 | a416 0006 | 85c0 0f84 | 1a0e 0000 | 4c8b 4c24 | 2041 8941 | 0c8b 4c24 | 3044 8b44 
  0x000002491b69e754: 2434 8b59 | 2885 db0f | 8428 0100 | 0044 8b5b | 0c45 85db | 0f86 7222 | 0000 8bc8 | c1e9 1033 
  0x000002491b69e774: c841 ffcb | 81e1 ffff | ff7f 4423 | d94d 63d3 | 468b 5493 | 1045 85d2 | 0f84 f700 | 0000 418b 
  0x000002491b69e794: 6a0c 3be9 | 0f84 b202 | 0000 85ed | 0f8c ba25 | 0000 458b | 5a18 4585 | db0f 84d6 | 0000 0049 
  0x000002491b69e7b4: 8bfb 6666 | 0f1f 8400 | 0000 0000 | 448b 5f0c | 498b 9750 

  0x000002491b69e7c8: ; ImmutableOopMap {r8=NarrowOop r9=Oop rdi=Oop [40]=Oop [56]=Oop [144]=Oop }
                      ;*if_icmpne {reexecute=1 rethrow=0 return_oop=0}
                      ; - (reexecute) java.util.concurrent.ConcurrentHashMap::get@127 (line 946)
                      ; - java.lang.ClassLoader::getNamedPackage@5 (line 341)
                      ; - java.lang.ClassLoader::postDefineClass@9 (line 934)
                      ; - java.lang.ClassLoader::defineClass@37 (line 1028)
                      ; - java.security.SecureClassLoader::defineClass@12 (line 150)
                      ;   {poll}
  0x000002491b69e7c8: 0400 0085 | 0244 3bd9 | 0f85 a200 | 0000 8b6f | 104c 8bd5 | 4d3b d10f | 8487 0000 | 0085 ed0f 
  0x000002491b69e7e8: 8453 2600 | 0048 897c | 2458 894c | 2454 4489 | 4424 504c | 894c 2448 | 4c8b 5424 | 384c 8954 
  0x000002491b69e808: 2440 4c8b | 5424 684c | 8954 2438 | 4c8b 5424 | 284c 8954 | 2420 4c8b | c549 8bd1 | 488b 6c24 
  0x000002491b69e828: 4066 6690 

  0x000002491b69e82c: ;   {optimized virtual_call}
  0x000002491b69e82c: c5f8 77e8 

  0x000002491b69e830: ; ImmutableOopMap {rbp=Oop [32]=Oop [72]=Oop [80]=NarrowOop [88]=Oop [144]=Oop }
                      ;*invokevirtual equals {reexecute=0 rethrow=0 return_oop=0}
                      ; - java.util.concurrent.ConcurrentHashMap::get@149 (line 947)
                      ; - java.lang.ClassLoader::getNamedPackage@5 (line 341)
                      ; - java.lang.ClassLoader::postDefineClass@9 (line 934)
                      ; - java.lang.ClassLoader::defineClass@37 (line 1028)
                      ; - java.security.SecureClassLoader::defineClass@12 (line 150)
  0x000002491b69e830: 4c02 9bff 

  0x000002491b69e834: ;   {other}
  0x000002491b69e834: 0f1f 8400 | a417 0008 | 85c0 0f84 | 3026 0000 | 4c8b 5424 | 204c 8954 | 2428 4c8b | 5424 384c 
  0x000002491b69e854: 8954 2468 | 4889 6c24 | 384c 8b4c | 2448 448b | 4424 5048 | 8b7c 2458 | 8b6f 1485 | ed74 16e9 
  0x000002491b69e874: 3b02 0000 | 448b 5f18 | 4585 db74 | 0849 8bfb | e937 ffff | ff49 8b87 | b801 0000 | 4c8b d049 
  0x000002491b69e894: 83c2 184d | 3b97 c801 | 0000 0f83 | 0510 0000 | 4d89 97b8 | 0100 0041 | 0f18 8200 | 0100 0048 
  0x000002491b69e8b4: c700 0100 

  0x000002491b69e8b8: ;   {metadata('java/lang/NamedPackage')}
  0x000002491b69e8b8: 0000 c740 | 08a8 bc01 | 0044 8960 | 0c4c 8960 | 104c 894c | 2420 4489 | 4424 3048 | 8944 2440 
  0x000002491b69e8d8: 488b 5424 | 2066 6690 

  0x000002491b69e8e0: ;   {optimized virtual_call}
  0x000002491b69e8e0: c5f8 77e8 

  0x000002491b69e8e4: ; ImmutableOopMap {[32]=Oop [40]=Oop [48]=NarrowOop [56]=Oop [64]=Oop [144]=Oop }
                      ;*invokevirtual isEmpty {reexecute=0 rethrow=0 return_oop=0}
                      ; - java.lang.NamedPackage::<init>@5 (line 48)
                      ; - java.lang.ClassLoader::getNamedPackage@22 (line 343)
                      ; - java.lang.ClassLoader::postDefineClass@9 (line 934)
                      ; - java.lang.ClassLoader::defineClass@37 (line 1028)
                      ; - java.security.SecureClassLoader::defineClass@12 (line 150)
  0x000002491b69e8e4: 9801 9bff 

  0x000002491b69e8e8: ;   {other}
  0x000002491b69e8e8: 0f1f 8400 | 5818 0009 | 85c0 742c | 448b 5c24 | 3045 85db | 0f84 7a1b | 0000 498b | d366 6690 
  0x000002491b69e908: ;   {optimized virtual_call}
  0x000002491b69e908: c5f8 77e8 

  0x000002491b69e90c: ; ImmutableOopMap {[32]=Oop [40]=Oop [48]=NarrowOop [56]=Oop [64]=Oop [144]=Oop }
                      ;*invokevirtual isNamed {reexecute=0 rethrow=0 return_oop=0}
                      ; - java.lang.NamedPackage::<init>@12 (line 48)
                      ; - java.lang.ClassLoader::getNamedPackage@22 (line 343)
                      ; - java.lang.ClassLoader::postDefineClass@9 (line 934)
                      ; - java.lang.ClassLoader::defineClass@37 (line 1028)
                      ; - java.security.SecureClassLoader::defineClass@12 (line 150)
  0x000002491b69e90c: 7001 9bff 

  0x000002491b69e910: ;   {other}
  0x000002491b69e910: 0f1f 8400 | 8018 000a | 85c0 0f85 | bc1c 0000 | 448b 5c24 | 3049 8beb | 488b 5424 | 2066 6690 
  0x000002491b69e930: ;   {optimized virtual_call}
  0x000002491b69e930: c5f8 77e8 

  0x000002491b69e934: ; ImmutableOopMap {rbp=Oop [32]=Oop [40]=Oop [48]=NarrowOop [56]=Oop [64]=Oop [144]=Oop }
                      ;*invokevirtual intern {reexecute=0 rethrow=0 return_oop=1}
                      ; - java.lang.NamedPackage::<init>@47 (line 51)
                      ; - java.lang.ClassLoader::getNamedPackage@22 (line 343)
                      ; - java.lang.ClassLoader::postDefineClass@9 (line 934)
                      ; - java.lang.ClassLoader::defineClass@37 (line 1028)
                      ; - java.security.SecureClassLoader::defineClass@12 (line 150)
  0x000002491b69e934: 4801 9bff 

  0x000002491b69e938: ;   {other}
  0x000002491b69e938: 0f1f 8400 | a818 000b | 488b d841 | 807f 4000 | 0f85 8408 | 0000 4c8b | db4c 8b54 | 2440 4589 
  0x000002491b69e958: 5a0c 4c8b | db4d 33da | 49c1 eb14 | 4d85 db74 | 1f48 85db | 741a 49c1 | ea09 48b9 | 0000 f522 
  0x000002491b69e978: 4902 0000 | 4903 ca80 | 3902 0f85 | 0f09 0000 | 4180 7f40 | 000f 8577 | 0800 004c | 8b54 2440 
  0x000002491b69e998: 448b 5c24 | 3045 895a | 104c 8bd5 | 4c8b 5c24 | 404d 33d3 | 49c1 ea14 | 4d85 d274 | 2044 8b44 
  0x000002491b69e9b8: 2430 4585 | c074 1649 | c1eb 094c | 8b44 2468 | 4d03 c341 | 8038 020f | 856d 0800 | 004c 8b54 
  0x000002491b69e9d8: 2428 458b | 5a38 4585 | db0f 84c5 | 1900 0049 | 8bd3 4c8b | 4424 204c | 8b4c 2440 

  0x000002491b69e9f4: ;   {optimized virtual_call}
  0x000002491b69e9f4: c5f8 77e8 

  0x000002491b69e9f8: ; ImmutableOopMap {[40]=Oop [48]=NarrowOop [56]=Oop [64]=Oop [144]=Oop }
                      ;*invokevirtual putIfAbsent {reexecute=0 rethrow=0 return_oop=1}
                      ; - java.lang.ClassLoader::getNamedPackage@32 (line 345)
                      ; - java.lang.ClassLoader::postDefineClass@9 (line 934)
                      ; - java.lang.ClassLoader::defineClass@37 (line 1028)
                      ; - java.security.SecureClassLoader::defineClass@12 (line 150)
  0x000002491b69e9f8: 8400 9bff 

  0x000002491b69e9fc: ;   {other}
  0x000002491b69e9fc: 0f1f 8400 | 6c19 000c | 4885 c00f | 84ce 0000 | 0044 8b58 | 0849 ba00 | 0000 2749 | 0200 004d 
  0x000002491b69ea1c: 03d3 4d8b 

  0x000002491b69ea20: ;   {metadata('java/lang/NamedPackage')}
  0x000002491b69ea20: 5238 49bb | a8bc 0127 | 4902 0000 | 4d3b d30f | 8493 1900 | 00ba deff | ffff 488b | e866 6690 
  0x000002491b69ea40: ;   {runtime_call UncommonTrapBlob}
  0x000002491b69ea40: c5f8 77e8 

  0x000002491b69ea44: ; ImmutableOopMap {rbp=Oop }
                      ;*checkcast {reexecute=0 rethrow=0 return_oop=0}
                      ; - java.lang.ClassLoader::getNamedPackage@35 (line 345)
                      ; - java.lang.ClassLoader::postDefineClass@9 (line 934)
                      ; - java.lang.ClassLoader::defineClass@37 (line 1028)
                      ; - java.security.SecureClassLoader::defineClass@12 (line 150)
  0x000002491b69ea44: b85b 9bff 

  0x000002491b69ea48: ;   {other}
  0x000002491b69ea48: 0f1f 8400 | b819 000d | 418b 6a10 | 4c8b dd4d | 3bd9 744b | 85ed 0f84 | 7023 0000 | 894c 2434 
  0x000002491b69ea68: 4489 4424 | 304c 894c | 2420 4c8b | c549 8bea | 4489 5424 | 4049 8bd1 

  0x000002491b69ea80: ;   {optimized virtual_call}
  0x000002491b69ea80: c5f8 77e8 

  0x000002491b69ea84: ; ImmutableOopMap {rbp=Oop [32]=Oop [40]=Oop [48]=NarrowOop [56]=Oop [64]=NarrowOop [144]=Oop }
                      ;*invokevirtual equals {reexecute=0 rethrow=0 return_oop=0}
                      ; - java.util.concurrent.ConcurrentHashMap::get@73 (line 940)
                      ; - java.lang.ClassLoader::getNamedPackage@5 (line 341)
                      ; - java.lang.ClassLoader::postDefineClass@9 (line 934)
                      ; - java.lang.ClassLoader::defineClass@37 (line 1028)
                      ; - java.security.SecureClassLoader::defineClass@12 (line 150)
  0x000002491b69ea84: f8ff 9aff 

  0x000002491b69ea88: ;   {other}
  0x000002491b69ea88: 0f1f 8400 | f819 000e | 85c0 0f84 | e00a 0000 | 4c8b 4c24 | 2044 8b44 | 2430 448b | 5424 4041 
  0x000002491b69eaa8: 8b6a 1485 | ed0f 84d6 | fdff ff44 | 8b5d 0849 | ba00 0000 | 2749 0200 | 004d 03d3 | 4d8b 5238 
  0x000002491b69eac8: ;   {metadata('java/lang/NamedPackage')}
  0x000002491b69eac8: 49bb a8bc | 0127 4902 | 0000 4d3b | d30f 8531 | 1f00 004c | 8b94 2490 | 0000 0045 | 8b5a 1041 
  0x000002491b69eae8: 8b6b 1485 | ed0f 855d | 2000 0041 | 8b6b 1085 | ed0f 8575 | 2000 0048 | 8b44 2438 | c5f8 7748 
  0x000002491b69eb08: 81c4 b000 

  0x000002491b69eb0c: ;   {poll_return}
  0x000002491b69eb0c: 0000 5d49 | 3ba7 4804 | 0000 0f87 | 0c2a 0000 | c348 8b74 | 2430 e99d | f3ff ff49 | 8bd8 e9c1 
  0x000002491b69eb2c: f0ff ff89 | 7c24 5848 | 8beb 4c89 | 7424 5089 | 7424 2441 | ffc0 488b | d366 6690 

  0x000002491b69eb48: ;   {optimized virtual_call}
  0x000002491b69eb48: c5f8 77e8 

  0x000002491b69eb4c: ; ImmutableOopMap {rbp=Oop [36]=NarrowOop [40]=Oop [48]=Oop [56]=Oop [80]=Oop [88]=NarrowOop [144]=Oop }
                      ;*invokevirtual newCapacity {reexecute=0 rethrow=0 return_oop=0}
                      ; - java.lang.AbstractStringBuilder::ensureCapacityInternal@24 (line 243)
                      ; - java.lang.AbstractStringBuilder::append@7 (line 806)
                      ; - java.lang.StringBuilder::append@2 (line 246)
                      ; - java.net.URLStreamHandler::toExternalForm@16 (line 480)
                      ; - java.net.URL::toExternalForm@5 (line 1203)
                      ; - java.net.URL::toString@1 (line 1189)
                      ; - java.lang.ClassLoader::defineClassSourceLocation@22 (line 927)
                      ; - java.lang.ClassLoader::defineClass@12 (line 1026)
                      ; - java.security.SecureClassLoader::defineClass@12 (line 150)
  0x000002491b69eb4c: 30ff 9aff 

  0x000002491b69eb50: ;   {other}
  0x000002491b69eb50: 0f1f 8400 | c01a 000f | 440f be5d | 10c4 6221 | f7c0 448b | 5424 5849 | 8bd2 6690 

  0x000002491b69eb6c: ;   {static_call}
  0x000002491b69eb6c: c5f8 77e8 

  0x000002491b69eb70: ; ImmutableOopMap {rbp=Oop [36]=NarrowOop [40]=Oop [48]=Oop [56]=Oop [80]=Oop [144]=Oop }
                      ;*invokestatic copyOf {reexecute=0 rethrow=0 return_oop=1}
                      ; - java.lang.AbstractStringBuilder::ensureCapacityInternal@32 (line 242)
                      ; - java.lang.AbstractStringBuilder::append@7 (line 806)
                      ; - java.lang.StringBuilder::append@2 (line 246)
                      ; - java.net.URLStreamHandler::toExternalForm@16 (line 480)
                      ; - java.net.URL::toExternalForm@5 (line 1203)
                      ; - java.net.URL::toString@1 (line 1189)
                      ; - java.lang.ClassLoader::defineClassSourceLocation@22 (line 927)
                      ; - java.lang.ClassLoader::defineClass@12 (line 1026)
                      ; - java.security.SecureClassLoader::defineClass@12 (line 150)
  0x000002491b69eb70: 0c05 9bff 

  0x000002491b69eb74: ;   {other}
  0x000002491b69eb74: 0f1f 8400 | e41a 0010 | 488b f841 | 807f 4000 | 0f85 0b0e | 0000 488b | dd4c 8bc7 | 498b f889 
  0x000002491b69eb94: 7b14 4c8b | d34d 8bd8 | 4d33 da49 | c1eb 144d | 85db 741f | 4d85 c074 | 1a49 c1ea | 0948 b900 
  0x000002491b69ebb4: 00f5 2249 | 0200 0049 | 03ca 8039 | 020f 851a | 0f00 008b | 7424 244c | 8b74 2450 | e93f f5ff 
  0x000002491b69ebd4: ff48 895c | 2458 4c89 | 7424 5089 | 7424 2448 | 8bd3 6690 

  0x000002491b69ebe8: ;   {optimized virtual_call}
  0x000002491b69ebe8: c5f8 77e8 

  0x000002491b69ebec: ; ImmutableOopMap {rbp=NarrowOop [36]=NarrowOop [40]=Oop [48]=Oop [56]=Oop [80]=Oop [88]=Oop [144]=Oop }
                      ;*invokevirtual newCapacity {reexecute=0 rethrow=0 return_oop=0}
                      ; - java.lang.AbstractStringBuilder::ensureCapacityInternal@24 (line 243)
                      ; - java.lang.AbstractStringBuilder::append@21 (line 587)
                      ; - java.lang.StringBuilder::append@2 (line 179)
                      ; - java.net.URLStreamHandler::toExternalForm@59 (line 483)
                      ; - java.net.URL::toExternalForm@5 (line 1203)
                      ; - java.net.URL::toString@1 (line 1189)
                      ; - java.lang.ClassLoader::defineClassSourceLocation@22 (line 927)
                      ; - java.lang.ClassLoader::defineClass@12 (line 1026)
                      ; - java.security.SecureClassLoader::defineClass@12 (line 150)
  0x000002491b69ebec: 90fe 9aff 

  0x000002491b69ebf0: ;   {other}
  0x000002491b69ebf0: 0f1f 8400 | 601b 0011 | 4c8b 5424 | 5845 0fbe | 5a10 c462 | 21f7 c048 | 8bd5 6690 

  0x000002491b69ec0c: ;   {static_call}
  0x000002491b69ec0c: c5f8 77e8 

  0x000002491b69ec10: ; ImmutableOopMap {[36]=NarrowOop [40]=Oop [48]=Oop [56]=Oop [80]=Oop [88]=Oop [144]=Oop }
                      ;*invokestatic copyOf {reexecute=0 rethrow=0 return_oop=1}
                      ; - java.lang.AbstractStringBuilder::ensureCapacityInternal@32 (line 242)
                      ; - java.lang.AbstractStringBuilder::append@21 (line 587)
                      ; - java.lang.StringBuilder::append@2 (line 179)
                      ; - java.net.URLStreamHandler::toExternalForm@59 (line 483)
                      ; - java.net.URL::toExternalForm@5 (line 1203)
                      ; - java.net.URL::toString@1 (line 1189)
                      ; - java.lang.ClassLoader::defineClassSourceLocation@22 (line 927)
                      ; - java.lang.ClassLoader::defineClass@12 (line 1026)
                      ; - java.security.SecureClassLoader::defineClass@12 (line 150)
  0x000002491b69ec10: 6c04 9bff 

  0x000002491b69ec14: ;   {other}
  0x000002491b69ec14: 0f1f 8400 | 841b 0012 | 488b f841 | 807f 4000 | 0f85 a10d | 0000 488b | 5c24 584c | 8bc7 4d8b 
  0x000002491b69ec34: d844 895b | 144c 8bd3 | 4d8b d84d | 33da 49c1 | eb14 4d85 | db74 1f4d | 85c0 741a | 49c1 ea09 
  0x000002491b69ec54: 48b9 0000 | f522 4902 | 0000 4903 | ca80 3902 | 0f85 c40e | 0000 8b74 | 2424 4c8b | 7424 50e9 
  0x000002491b69ec74: fff4 ffff | 897c 2468 | 4489 6c24 | 6448 895c | 2458 4c89 | 7424 5089 | 7424 2448 | 8be8 8944 
  0x000002491b69ec94: 2460 488b | d366 6690 

  0x000002491b69ec9c: ;   {optimized virtual_call}
  0x000002491b69ec9c: c5f8 77e8 

  0x000002491b69eca0: ; ImmutableOopMap {rbp=Oop [36]=NarrowOop [40]=Oop [48]=Oop [56]=Oop [80]=Oop [88]=Oop [96]=NarrowOop [100]=NarrowOop [144]=Oop }
                      ;*invokevirtual newCapacity {reexecute=0 rethrow=0 return_oop=0}
                      ; - java.lang.AbstractStringBuilder::ensureCapacityInternal@24 (line 243)
                      ; - java.lang.AbstractStringBuilder::append@21 (line 587)
                      ; - java.lang.StringBuilder::append@2 (line 179)
                      ; - java.net.URLStreamHandler::toExternalForm@77 (line 484)
                      ; - java.net.URL::toExternalForm@5 (line 1203)
                      ; - java.net.URL::toString@1 (line 1189)
                      ; - java.lang.ClassLoader::defineClassSourceLocation@22 (line 927)
                      ; - java.lang.ClassLoader::defineClass@12 (line 1026)
                      ; - java.security.SecureClassLoader::defineClass@12 (line 150)
  0x000002491b69eca0: 9cc1 f6ff 

  0x000002491b69eca4: ;   {other}
  0x000002491b69eca4: 0f1f 8400 | 141c 0013 | 4c8b 5424 | 5845 0fbe | 5210 c462 | 29f7 c044 | 8b5c 2464 | 498b d390 
  0x000002491b69ecc4: ;   {static_call}
  0x000002491b69ecc4: c5f8 77e8 

  0x000002491b69ecc8: ; ImmutableOopMap {rbp=Oop [36]=NarrowOop [40]=Oop [48]=Oop [56]=Oop [80]=Oop [88]=Oop [96]=NarrowOop [144]=Oop }
                      ;*invokestatic copyOf {reexecute=0 rethrow=0 return_oop=1}
                      ; - java.lang.AbstractStringBuilder::ensureCapacityInternal@32 (line 242)
                      ; - java.lang.AbstractStringBuilder::append@21 (line 587)
                      ; - java.lang.StringBuilder::append@2 (line 179)
                      ; - java.net.URLStreamHandler::toExternalForm@77 (line 484)
                      ; - java.net.URL::toExternalForm@5 (line 1203)
                      ; - java.net.URL::toString@1 (line 1189)
                      ; - java.lang.ClassLoader::defineClassSourceLocation@22 (line 927)
                      ; - java.lang.ClassLoader::defineClass@12 (line 1026)
                      ; - java.security.SecureClassLoader::defineClass@12 (line 150)
  0x000002491b69ecc8: 54e3 0200 

  0x000002491b69eccc: ;   {other}
  0x000002491b69eccc: 0f1f 8400 | 3c1c 0014 | 488b f841 | 807f 4000 | 0f85 210d | 0000 488b | 5c24 584c | 8bc7 4d8b 
  0x000002491b69ecec: d044 8953 | 144c 8bd3 | 4d8b d84d | 33da 49c1 | eb14 4d85 | db74 1f4d | 85c0 741a | 49c1 ea09 
  0x000002491b69ed0c: 48b9 0000 | f522 4902 | 0000 4903 | ca80 3902 | 0f85 5d0e | 0000 0fbe | 4b10 8b44 | 2460 440f 
  0x000002491b69ed2c: be58 1044 | 8b4b 0c8b | 7424 244c | 8b74 2450 | 8b7c 2468 | e999 f4ff | ff48 895c | 2458 4c89 
  0x000002491b69ed4c: 7424 5089 | 7424 2448 | 8bd3 6690 

  0x000002491b69ed58: ;   {optimized virtual_call}
  0x000002491b69ed58: c5f8 77e8 

  0x000002491b69ed5c: ; ImmutableOopMap {rbp=NarrowOop [36]=NarrowOop [40]=Oop [48]=Oop [56]=Oop [80]=Oop [88]=Oop [144]=Oop }
                      ;*invokevirtual newCapacity {reexecute=0 rethrow=0 return_oop=0}
                      ; - java.lang.AbstractStringBuilder::ensureCapacityInternal@24 (line 243)
                      ; - java.lang.AbstractStringBuilder::append@21 (line 587)
                      ; - java.lang.StringBuilder::append@2 (line 179)
                      ; - java.net.URLStreamHandler::toExternalForm@113 (line 485)
                      ; - java.net.URL::toExternalForm@5 (line 1203)
                      ; - java.net.URL::toString@1 (line 1189)
                      ; - java.lang.ClassLoader::defineClassSourceLocation@22 (line 927)
                      ; - java.lang.ClassLoader::defineClass@12 (line 1026)
                      ; - java.security.SecureClassLoader::defineClass@12 (line 150)
  0x000002491b69ed5c: 20fd 9aff 

  0x000002491b69ed60: ;   {other}
  0x000002491b69ed60: 0f1f 8400 | d01c 0015 | 4c8b 5424 | 5845 0fbe | 5210 c462 | 29f7 c048 | 8bd5 6690 

  0x000002491b69ed7c: ;   {static_call}
  0x000002491b69ed7c: c5f8 77e8 

  0x000002491b69ed80: ; ImmutableOopMap {[36]=NarrowOop [40]=Oop [48]=Oop [56]=Oop [80]=Oop [88]=Oop [144]=Oop }
                      ;*invokestatic copyOf {reexecute=0 rethrow=0 return_oop=1}
                      ; - java.lang.AbstractStringBuilder::ensureCapacityInternal@32 (line 242)
                      ; - java.lang.AbstractStringBuilder::append@21 (line 587)
                      ; - java.lang.StringBuilder::append@2 (line 179)
                      ; - java.net.URLStreamHandler::toExternalForm@113 (line 485)
                      ; - java.net.URL::toExternalForm@5 (line 1203)
                      ; - java.net.URL::toString@1 (line 1189)
                      ; - java.lang.ClassLoader::defineClassSourceLocation@22 (line 927)
                      ; - java.lang.ClassLoader::defineClass@12 (line 1026)
                      ; - java.security.SecureClassLoader::defineClass@12 (line 150)
  0x000002491b69ed80: fc02 9bff 

  0x000002491b69ed84: ;   {other}
  0x000002491b69ed84: 0f1f 8400 | f41c 0016 | 488b f841 | 807f 4000 | 0f85 a10c | 0000 488b | 5c24 584c | 8bc7 4d8b 
  0x000002491b69eda4: d044 8953 | 144c 8bd3 | 4d8b d84d | 33da 49c1 | eb14 4d85 | db74 1f4d | 85c0 741a | 49c1 ea09 
  0x000002491b69edc4: 48b9 0000 | f522 4902 | 0000 4903 | ca80 3902 | 0f85 f60d | 0000 8b74 | 2424 e99b | f4ff ff44 
  0x000002491b69ede4: 894c 2424 | 488b eb48 | 8bd3 6690 

  0x000002491b69edf0: ;   {optimized virtual_call}
  0x000002491b69edf0: c5f8 77e8 

  0x000002491b69edf4: ; ImmutableOopMap {rbp=Oop [36]=NarrowOop [40]=Oop [48]=Oop [56]=Oop [144]=Oop }
                      ;*invokevirtual newCapacity {reexecute=0 rethrow=0 return_oop=0}
                      ; - java.lang.AbstractStringBuilder::ensureCapacityInternal@24 (line 243)
                      ; - java.lang.AbstractStringBuilder::append@21 (line 587)
                      ; - java.lang.StringBuilder::append@2 (line 179)
                      ; - java.net.URLStreamHandler::toExternalForm@149 (line 486)
                      ; - java.net.URL::toExternalForm@5 (line 1203)
                      ; - java.net.URL::toString@1 (line 1189)
                      ; - java.lang.ClassLoader::defineClassSourceLocation@22 (line 927)
                      ; - java.lang.ClassLoader::defineClass@12 (line 1026)
                      ; - java.security.SecureClassLoader::defineClass@12 (line 150)
  0x000002491b69edf4: 88fc 9aff 

  0x000002491b69edf8: ;   {other}
  0x000002491b69edf8: 0f1f 8400 | 681d 0017 | 440f be55 | 10c4 6229 | f7c0 448b | 5424 2449 | 8bd2 6690 

  0x000002491b69ee14: ;   {static_call}
  0x000002491b69ee14: c5f8 77e8 

  0x000002491b69ee18: ; ImmutableOopMap {rbp=Oop [40]=Oop [48]=Oop [56]=Oop [144]=Oop }
                      ;*invokestatic copyOf {reexecute=0 rethrow=0 return_oop=1}
                      ; - java.lang.AbstractStringBuilder::ensureCapacityInternal@32 (line 242)
                      ; - java.lang.AbstractStringBuilder::append@21 (line 587)
                      ; - java.lang.StringBuilder::append@2 (line 179)
                      ; - java.net.URLStreamHandler::toExternalForm@149 (line 486)
                      ; - java.net.URL::toExternalForm@5 (line 1203)
                      ; - java.net.URL::toString@1 (line 1189)
                      ; - java.lang.ClassLoader::defineClassSourceLocation@22 (line 927)
                      ; - java.lang.ClassLoader::defineClass@12 (line 1026)
                      ; - java.security.SecureClassLoader::defineClass@12 (line 150)
  0x000002491b69ee18: 6402 9bff 

  0x000002491b69ee1c: ;   {other}
  0x000002491b69ee1c: 0f1f 8400 | 8c1d 0018 | 488b f841 | 807f 4000 | 0f85 410c | 0000 488b | dd4c 8bc7 | 4d8b d044 
  0x000002491b69ee3c: 8953 144c | 8bd3 4d8b | d84d 33da | 49c1 eb14 | 4d85 db74 | 1f4d 85c0 | 741a 49c1 | ea09 48b9 
  0x000002491b69ee5c: 0000 f522 | 4902 0000 | 4903 ca80 | 3902 0f85 | b10d 0000 | 0fbe 6b10 | 448b 430c | e95b f4ff 
  0x000002491b69ee7c: ff89 7c24 | 6844 8954 | 2460 4889 | 5c24 584c | 8974 2450 | 8974 2424 | 498b e944 | 894c 2464 
  0x000002491b69ee9c: 488b d390 

  0x000002491b69eea0: ;   {optimized virtual_call}
  0x000002491b69eea0: c5f8 77e8 

  0x000002491b69eea4: ; ImmutableOopMap {rbp=Oop [36]=NarrowOop [40]=Oop [48]=Oop [56]=Oop [80]=Oop [88]=Oop [96]=NarrowOop [100]=NarrowOop [144]=Oop }
                      ;*invokevirtual newCapacity {reexecute=0 rethrow=0 return_oop=0}
                      ; - java.lang.AbstractStringBuilder::ensureCapacityInternal@24 (line 243)
                      ; - java.lang.AbstractStringBuilder::append@21 (line 587)
                      ; - java.lang.StringBuilder::append@2 (line 179)
                      ; - java.net.URLStreamHandler::toExternalForm@11 (line 480)
                      ; - java.net.URL::toExternalForm@5 (line 1203)
                      ; - java.net.URL::toString@1 (line 1189)
                      ; - java.lang.ClassLoader::defineClassSourceLocation@22 (line 927)
                      ; - java.lang.ClassLoader::defineClass@12 (line 1026)
                      ; - java.security.SecureClassLoader::defineClass@12 (line 150)
  0x000002491b69eea4: d8fb 9aff 

  0x000002491b69eea8: ;   {other}
  0x000002491b69eea8: 0f1f 8400 | 181e 0019 | 4c8b 5424 | 5845 0fbe | 5210 c462 | 29f7 c044 | 8b54 2460 | 498b d290 
  0x000002491b69eec8: ;   {static_call}
  0x000002491b69eec8: c5f8 77e8 

  0x000002491b69eecc: ; ImmutableOopMap {rbp=Oop [36]=NarrowOop [40]=Oop [48]=Oop [56]=Oop [80]=Oop [88]=Oop [100]=NarrowOop [144]=Oop }
                      ;*invokestatic copyOf {reexecute=0 rethrow=0 return_oop=1}
                      ; - java.lang.AbstractStringBuilder::ensureCapacityInternal@32 (line 242)
                      ; - java.lang.AbstractStringBuilder::append@21 (line 587)
                      ; - java.lang.StringBuilder::append@2 (line 179)
                      ; - java.net.URLStreamHandler::toExternalForm@11 (line 480)
                      ; - java.net.URL::toExternalForm@5 (line 1203)
                      ; - java.net.URL::toString@1 (line 1189)
                      ; - java.lang.ClassLoader::defineClassSourceLocation@22 (line 927)
                      ; - java.lang.ClassLoader::defineClass@12 (line 1026)
                      ; - java.security.SecureClassLoader::defineClass@12 (line 150)
  0x000002491b69eecc: b001 9bff 

  0x000002491b69eed0: ;   {other}
  0x000002491b69eed0: 0f1f 8400 | 401e 001a | 488b f841 | 807f 4000 | 0f85 c30b | 0000 488b | 5c24 584c | 8bc7 4d8b 
  0x000002491b69eef0: d044 8953 | 144c 8bd3 | 4d8b d84d | 33da 49c1 | eb14 4d85 | db74 1f4d | 85c0 741a | 49c1 ea09 
  0x000002491b69ef10: 48b9 0000 | f522 4902 | 0000 4903 | ca80 3902 | 0f85 4c0d | 0000 8b74 | 2424 4c8b | 7424 5044 
  0x000002491b69ef30: 8b4c 2464 | 8b7c 2468 | e935 f1ff | ff8b cfe9 | 6bed ffff | 448b d3e9 | 88ea ffff | 33c0 e903 
  0x000002491b69ef50: f8ff ff48 | 8bd0 4889 | 4424 4890 

  0x000002491b69ef5c: ;   {optimized virtual_call}
  0x000002491b69ef5c: c5f8 77e8 

  0x000002491b69ef60: ; ImmutableOopMap {[40]=Oop [56]=Oop [72]=Oop [144]=Oop }
                      ;*invokevirtual initClassName {reexecute=0 rethrow=0 return_oop=1}
                      ; - java.lang.Class::getName@14 (line 948)
                      ; - java.lang.Class::getPackageName@40 (line 1167)
                      ; - java.lang.ClassLoader::postDefineClass@2 (line 934)
                      ; - java.lang.ClassLoader::defineClass@37 (line 1028)
                      ; - java.security.SecureClassLoader::defineClass@12 (line 150)
  0x000002491b69ef60: 5c02 f2ff 

  0x000002491b69ef64: ;   {other}
  0x000002491b69ef64: 0f1f 8400 | d41e 001b | 4c8b c048 | 85c0 0f85 | 03f6 ffff | baf6 ffff | ff66 6690 

  0x000002491b69ef80: ;   {runtime_call UncommonTrapBlob}
  0x000002491b69ef80: c5f8 77e8 

  0x000002491b69ef84: ; ImmutableOopMap {}
                      ;*invokevirtual lastIndexOf {reexecute=0 rethrow=0 return_oop=0}
                      ; - java.lang.Class::getPackageName@47 (line 1168)
                      ; - java.lang.ClassLoader::postDefineClass@2 (line 934)
                      ; - java.lang.ClassLoader::defineClass@37 (line 1028)
                      ; - java.security.SecureClassLoader::defineClass@12 (line 150)
  0x000002491b69ef84: 7856 9bff 

  0x000002491b69ef88: ;   {other}
  0x000002491b69ef88: 0f1f 8400 | f81e 001c | 4533 f6b9 | ffff ffff | e912 edff 

  0x000002491b69ef9c: ;   {oop(""{0x00000000e0700068})}
  0x000002491b69ef9c: ff48 be68 | 0070 e000 | 0000 00e9 | 18ef ffff | 49ba 0000 | f522 4902 | 0000 4c89 | 5424 6841 
  0x000002491b69efbc: baff ffff | ffe9 0eea | ffff 4533 | c0e9 6cf0 | ffff 458b | 5d14 4585 | db0f 8405 | f5ff ff4d 
  0x000002491b69efdc: 8b57 2849 | 8bcb 4d85 | d20f 8469 | 1500 004d | 8b5f 384b | 894c 13f8 | 4983 c2f8 | 4d89 5728 
  0x000002491b69effc: e9df f4ff | ff4d 8b57 | 484d 8b5f | 58f0 8344 | 24c0 0080 | 3900 7432 | 4488 214d | 85d2 740f 
  0x000002491b69f01c: 4b89 4c13 | f849 83c2 | f84d 8957 | 48eb 1b49 | 8bd7 c5f8 | 7749 bab0 | ed0d 32fa | 7f00 0041 
  0x000002491b69f03c: ;   {other}
  0x000002491b69f03c: ffd2 0f1f | 8400 0000 | 0000 448b | 430c 448b | 5314 e9e7 | efff ff4d | 8b57 484d | 8b5f 58f0 
  0x000002491b69f05c: 8344 24c0 | 0080 3900 | 0f84 a9f4 | ffff 4488 | 214d 85d2 | 7520 498b | d7c5 f877 | 49ba b0ed 
  0x000002491b69f07c: 0d32 fa7f | 0000 41ff 

  0x000002491b69f084: ;   {other}
  0x000002491b69f084: d20f 1f84 | 0000 0000 | 00e9 81f4 | ffff 4b89 | 4c13 f849 | 83c2 f84d | 8957 48e9 | 6ff4 ffff 
  0x000002491b69f0a4: 448b 5e14 | 4585 db0f | 84dc edff | ff4d 8b57 | 2849 8bcb | 4d85 d20f | 8463 1900 | 004d 8b5f 
  0x000002491b69f0c4: 384b 894c | 13f8 4983 | c2f8 4d89 | 5728 e9b6 | edff ff4d | 8b57 484d | 8b5f 58f0 | 8344 24c0 
  0x000002491b69f0e4: 0080 3900 | 0f84 d2ed | ffff 4488 | 214d 85d2 | 7520 498b | d7c5 f877 | 49ba b0ed | 0d32 fa7f 
  0x000002491b69f104: 0000 41ff 

  0x000002491b69f108: ;   {other}
  0x000002491b69f108: d20f 1f84 | 0000 0000 | 00e9 aaed | ffff 4b89 | 4c13 f849 | 83c2 f84d | 8957 48e9 | 98ed ffff 
  0x000002491b69f128: ;   {oop(""{0x00000000e0700068})}
  0x000002491b69f128: 48bb 6800 | 70e0 0000 | 0000 e9b9 | eaff ff4c | 63c5 4d8d | 5010 498b | d248 83e2 | f848 8bfb 
  0x000002491b69f148: 4803 fa49 | c1ea 0349 | 2bca 4833 | c048 83f9 | 087f 1048 | ffc9 784f | 4889 04cf | 48ff c97d 
  0x000002491b69f168: f7eb 44c5 | fdef c0e9 | 0d00 0000 | c5fe 7f07 | c5fe 7f47 | 2048 83c7 | 4048 83e9 | 087d ed48 
  0x000002491b69f188: 83c1 047c | 0cc5 fe7f | 0748 83c7 | 2048 83e9 | 0448 83c1 | 047e 1048 | ffc9 c5f9 | d607 4883 
  0x000002491b69f1a8: c708 48ff | c97d f349 | 8bc9 498b | d3c5 f877 | 49ba c02c | 031b 4902 | 0000 41ff 

  0x000002491b69f1c4: ;   {other}
  0x000002491b69f1c4: d20f 1f84 | 0000 0000 | 00e9 03f3 | ffff 4c8b | 5424 4045 | 8b52 0c45 | 85d2 0f84 | 6af7 ffff 
  0x000002491b69f1e4: 4d8b 5f28 | 498b ca4d | 85db 0f84 | 3c19 0000 | 4d8b 5738 | 4b89 4c1a | f849 83c3 | f84d 895f 
  0x000002491b69f204: 28e9 44f7 | ffff 4c8b | 5424 4045 | 8b5a 1045 | 85db 0f84 | 77f7 ffff | 4d8b 5728 | 498b cb4d 
  0x000002491b69f224: 85d2 0f84 | e418 0000 | 4d8b 5f38 | 4b89 4c13 | f849 83c2 | f84d 8957 | 28e9 51f7 | ffff 4d8b 
  0x000002491b69f244: 5748 4d8b | 5f58 f083 | 4424 c000 | 4180 3800 | 0f84 7bf7 | ffff 4588 | 204d 85d2 | 7523 498b 
  0x000002491b69f264: c849 8bd7 | c5f8 7749 | bab0 ed0d | 32fa 7f00 | 0041 ffd2 

  0x000002491b69f278: ;   {other}
  0x000002491b69f278: 0f1f 8400 | 0000 0000 | e950 f7ff | ff4f 8944 | 13f8 4983 | c2f8 4d89 | 5748 e93e | f7ff ff4d 
  0x000002491b69f298: 8b57 584d | 8b5f 48f0 | 8344 24c0 | 0080 3900 | 0f84 daf6 | ffff 4488 | 214d 85db | 7520 498b 
  0x000002491b69f2b8: d7c5 f877 | 49ba b0ed | 0d32 fa7f | 0000 41ff 

  0x000002491b69f2c8: ;   {other}
  0x000002491b69f2c8: d20f 1f84 | 0000 0000 | 00e9 b2f6 | ffff 4b89 | 4c1a f849 | 83c3 f84d | 895f 48e9 | a0f6 ffff 
  0x000002491b69f2e8: 4c63 c54d | 8d58 1049 | 8bcb 4883 | e1f8 498b | fd48 03f9 | 49c1 eb03 | 492b d348 | 8bca 4833 
  0x000002491b69f308: c048 83f9 | 087f 1048 | ffc9 784f | 4889 04cf | 48ff c97d | f7eb 44c5 | fdef c0e9 | 0d00 0000 
  0x000002491b69f328: c5fe 7f07 | c5fe 7f47 | 2048 83c7 | 4048 83e9 | 087d ed48 | 83c1 047c | 0cc5 fe7f | 0748 83c7 
  0x000002491b69f348: 2048 83e9 | 0448 83c1 | 047e 1048 | ffc9 c5f9 | d607 4883 | c708 48ff | c97d f349 | 8bc9 498b 
  0x000002491b69f368: d2c5 f877 | 49ba c02c | 031b 4902 | 0000 41ff 

  0x000002491b69f378: ;   {other}
  0x000002491b69f378: d20f 1f84 | 0000 0000 | 00e9 fcea | ffff 4889 | 5c24 504c | 8974 2448 | 8974 2424 | 488b d390 
  0x000002491b69f398: ;   {optimized virtual_call}
  0x000002491b69f398: c5f8 77e8 

  0x000002491b69f39c: ; ImmutableOopMap {[36]=NarrowOop [40]=Oop [48]=Oop [56]=Oop [72]=Oop [80]=Oop [144]=Oop }
                      ;*invokevirtual isLatin1 {reexecute=0 rethrow=0 return_oop=0}
                      ; - java.lang.AbstractStringBuilder::append@46 (line 810)
                      ; - java.lang.StringBuilder::append@2 (line 246)
                      ; - java.net.URLStreamHandler::toExternalForm@16 (line 480)
                      ; - java.net.URL::toExternalForm@5 (line 1203)
                      ; - java.net.URL::toString@1 (line 1189)
                      ; - java.lang.ClassLoader::defineClassSourceLocation@22 (line 927)
                      ; - java.lang.ClassLoader::defineClass@12 (line 1026)
                      ; - java.security.SecureClassLoader::defineClass@12 (line 150)
  0x000002491b69f39c: e0f6 9aff 

  0x000002491b69f3a0: ;   {other}
  0x000002491b69f3a0: 0f1f 8400 | 1023 001d | 85c0 7418 | 488b 5424 | 5066 6690 

  0x000002491b69f3b4: ;   {optimized virtual_call}
  0x000002491b69f3b4: c5f8 77e8 

  0x000002491b69f3b8: ; ImmutableOopMap {[36]=NarrowOop [40]=Oop [48]=Oop [56]=Oop [72]=Oop [80]=Oop [144]=Oop }
                      ;*invokevirtual inflate {reexecute=0 rethrow=0 return_oop=0}
                      ; - java.lang.AbstractStringBuilder::append@53 (line 811)
                      ; - java.lang.StringBuilder::append@2 (line 246)
                      ; - java.net.URLStreamHandler::toExternalForm@16 (line 480)
                      ; - java.net.URL::toExternalForm@5 (line 1203)
                      ; - java.net.URL::toString@1 (line 1189)
                      ; - java.lang.ClassLoader::defineClassSourceLocation@22 (line 927)
                      ; - java.lang.ClassLoader::defineClass@12 (line 1026)
                      ; - java.security.SecureClassLoader::defineClass@12 (line 150)
  0x000002491b69f3b8: c4f6 9aff 

  0x000002491b69f3bc: ;   {other}
  0x000002491b69f3bc: 0f1f 8400 | 2c23 001e | 4c8b 5424 | 5045 8b5a | 1445 8b42 | 0c49 8bd3 | 458d 5801 | 4589 5a0c 
  0x000002491b69f3dc: 41b9 3a00 | 0000 6690 

  0x000002491b69f3e4: ;   {static_call}
  0x000002491b69f3e4: c5f8 77e8 

  0x000002491b69f3e8: ; ImmutableOopMap {[36]=NarrowOop [40]=Oop [48]=Oop [56]=Oop [72]=Oop [80]=Oop [144]=Oop }
                      ;*invokestatic putCharSB {reexecute=0 rethrow=0 return_oop=0}
                      ; - java.lang.AbstractStringBuilder::append@72 (line 813)
                      ; - java.lang.StringBuilder::append@2 (line 246)
                      ; - java.net.URLStreamHandler::toExternalForm@16 (line 480)
                      ; - java.net.URL::toExternalForm@5 (line 1203)
                      ; - java.net.URL::toString@1 (line 1189)
                      ; - java.lang.ClassLoader::defineClassSourceLocation@22 (line 927)
                      ; - java.lang.ClassLoader::defineClass@12 (line 1026)
                      ; - java.security.SecureClassLoader::defineClass@12 (line 150)
  0x000002491b69f3e8: 94fc 9aff 

  0x000002491b69f3ec: ;   {other}
  0x000002491b69f3ec: 0f1f 8400 | 5c23 001f | 8b74 2424 | 4c8b 7424 | 4848 8b5c | 2450 e934 | edff ff4c | 8b54 2438 
  0x000002491b69f40c: 458b 5a3c | 4585 db0f | 84f9 e7ff | ff4d 8b57 | 2849 8bcb | 4d85 d20f | 849b 1800 | 004d 8b5f 
  0x000002491b69f42c: 384b 894c | 13f8 4983 | c2f8 4d89 | 5728 e9d3 | e7ff ff44 | 8b5b 1445 | 85db 0f84 | 6de7 ffff 
  0x000002491b69f44c: 4d8b 5728 | 498b cb4d | 85d2 0f84 | e418 0000 | 4d8b 5f38 | 4b89 4c13 | f849 83c2 | f84d 8957 
  0x000002491b69f46c: 28e9 47e7 | ffff 4d8b | 5748 4d8b | 5f58 f083 | 4424 c000 | 8039 000f | 8463 e7ff | ff44 8821 
  0x000002491b69f48c: 4d85 d275 | 2049 8bd7 | c5f8 7749 | bab0 ed0d | 32fa 7f00 | 0041 ffd2 

  0x000002491b69f4a4: ;   {other}
  0x000002491b69f4a4: 0f1f 8400 | 0000 0000 | e93b e7ff | ff4b 894c | 13f8 4983 | c2f8 4d89 | 5748 e929 | e7ff ff4c 
  0x000002491b69f4c4: 63c5 4d8d | 5010 498b | ca48 83e1 | f848 8bfe | 4803 f949 | c1ea 034d | 2bca 498b | c948 33c0 
  0x000002491b69f4e4: 4883 f908 | 7f10 48ff | c978 4f48 | 8904 cf48 | ffc9 7df7 | eb44 c5fd | efc0 e90d | 0000 00c5 
  0x000002491b69f504: fe7f 07c5 | fe7f 4720 | 4883 c740 | 4883 e908 | 7ded 4883 | c104 7c0c | c5fe 7f07 | 4883 c720 
  0x000002491b69f524: 4883 e904 | 4883 c104 | 7e10 48ff | c9c5 f9d6 | 0748 83c7 | 0848 ffc9 | 7df3 498b | cbc5 f877 
  0x000002491b69f544: 49ba c02c | 031b 4902 | 0000 41ff 

  0x000002491b69f550: ;   {other}
  0x000002491b69f550: d20f 1f84 | 0000 0000 | 00e9 50e6 | ffff 4c8b | 4c24 2041 | c641 1101 | 33c0 8b4c | 2430 448b 
  0x000002491b69f570: 4424 34e9 | def1 ffff | 4c8b 4c24 | 2044 8b44 | 2430 8b4c | 2434 448b | 5424 40e9 | 16f2 ffff 
  0x000002491b69f590: 4889 5c24 | 504c 8974 | 2448 8974 | 2424 488b | d366 6690 

  0x000002491b69f5a4: ;   {optimized virtual_call}
  0x000002491b69f5a4: c5f8 77e8 

  0x000002491b69f5a8: ; ImmutableOopMap {[36]=NarrowOop [40]=Oop [48]=Oop [56]=Oop [72]=Oop [80]=Oop [144]=Oop }
                      ;*invokevirtual appendNull {reexecute=0 rethrow=0 return_oop=1}
                      ; - java.lang.AbstractStringBuilder::append@5 (line 584)
                      ; - java.lang.StringBuilder::append@2 (line 179)
                      ; - java.net.URLStreamHandler::toExternalForm@11 (line 480)
                      ; - java.net.URL::toExternalForm@5 (line 1203)
                      ; - java.net.URL::toString@1 (line 1189)
                      ; - java.lang.ClassLoader::defineClassSourceLocation@22 (line 927)
                      ; - java.lang.ClassLoader::defineClass@12 (line 1026)
                      ; - java.security.SecureClassLoader::defineClass@12 (line 150)
  0x000002491b69f5a8: d4f4 9aff 

  0x000002491b69f5ac: ;   {other}
  0x000002491b69f5ac: 0f1f 8400 | 1c25 0020 | 8b74 2424 | 4c8b 7424 | 4848 8b5c | 2450 e926 

  0x000002491b69f5c4: ;   {metadata('java/security/SecureClassLoader$CodeSourceKey')}
  0x000002491b69f5c4: ebff ff48 | bad8 dc11 | 2749 0200 | 0066 6690 

  0x000002491b69f5d4: ;   {runtime_call _new_instance_Java}
  0x000002491b69f5d4: c5f8 77e8 

  0x000002491b69f5d8: ; ImmutableOopMap {rbp=Oop [40]=Oop [48]=Oop [56]=Oop }
                      ;*new {reexecute=0 rethrow=0 return_oop=1}
                      ; - java.security.SecureClassLoader::getProtectionDomain@6 (line 221)
                      ; - java.security.SecureClassLoader::defineClass@9 (line 150)
  0x000002491b69f5d8: 24c8 a7ff 

  0x000002491b69f5dc: ;   {other}
  0x000002491b69f5dc: 0f1f 8400 | 4c25 0021 | 4c8b c0e9 | aee0 ffff 

  0x000002491b69f5ec: ;   {metadata('java/security/SecureClassLoader$1')}
  0x000002491b69f5ec: 48ba 60e2 | 1127 4902 | 0000 4c89 | 4424 5090 

  0x000002491b69f5fc: ;   {runtime_call _new_instance_Java}
  0x000002491b69f5fc: c5f8 77e8 

  0x000002491b69f600: ; ImmutableOopMap {rbp=NarrowOop [40]=Oop [48]=Oop [56]=Oop [80]=Oop }
                      ;*new {reexecute=0 rethrow=0 return_oop=1}
                      ; - java.security.SecureClassLoader::getProtectionDomain@20 (line 222)
                      ; - java.security.SecureClassLoader::defineClass@9 (line 150)
  0x000002491b69f600: fcc7 a7ff 

  0x000002491b69f604: ;   {other}
  0x000002491b69f604: 0f1f 8400 | 7425 0022 | 4c8b c84c | 8b44 2450 | e9ca e0ff | ff48 895c | 2450 4c89 | 7424 4889 
  0x000002491b69f624: 7424 2441 | b810 0000 

  0x000002491b69f62c: ;   {metadata({type array byte})}
  0x000002491b69f62c: 0048 ba68 | 2200 2749 | 0200 0090 

  0x000002491b69f638: ;   {runtime_call _new_array_Java}
  0x000002491b69f638: c5f8 77e8 

  0x000002491b69f63c: ; ImmutableOopMap {[36]=NarrowOop [40]=Oop [48]=Oop [56]=Oop [72]=Oop [80]=Oop [144]=Oop }
                      ;*newarray {reexecute=0 rethrow=0 return_oop=1}
                      ; - java.lang.AbstractStringBuilder::<init>@12 (line 101)
                      ; - java.lang.StringBuilder::<init>@3 (line 106)
                      ; - java.net.URLStreamHandler::toExternalForm@4 (line 480)
                      ; - java.net.URL::toExternalForm@5 (line 1203)
                      ; - java.net.URL::toString@1 (line 1189)
                      ; - java.lang.ClassLoader::defineClassSourceLocation@22 (line 927)
                      ; - java.lang.ClassLoader::defineClass@12 (line 1026)
                      ; - java.security.SecureClassLoader::defineClass@12 (line 150)
  0x000002491b69f63c: c0e1 a7ff 

  0x000002491b69f640: ;   {other}
  0x000002491b69f640: 0f1f 8400 | b025 0023 | 8b74 2424 | 4c8b 7424 | 4848 8b5c | 2450 e9a5 | e9ff ff4c | 8974 2448 
  0x000002491b69f660: 8974 2424 

  0x000002491b69f664: ;   {metadata('java/lang/StringBuilder')}
  0x000002491b69f664: 48ba 1880 | 0027 4902 | 0000 6690 

  0x000002491b69f670: ;   {runtime_call _new_instance_Java}
  0x000002491b69f670: c5f8 77e8 

  0x000002491b69f674: ; ImmutableOopMap {[36]=NarrowOop [40]=Oop [48]=Oop [56]=Oop [72]=Oop [144]=Oop }
                      ;*new {reexecute=0 rethrow=0 return_oop=1}
                      ; - java.net.URLStreamHandler::toExternalForm@0 (line 480)
                      ; - java.net.URL::toExternalForm@5 (line 1203)
                      ; - java.net.URL::toString@1 (line 1189)
                      ; - java.lang.ClassLoader::defineClassSourceLocation@22 (line 927)
                      ; - java.lang.ClassLoader::defineClass@12 (line 1026)
                      ; - java.security.SecureClassLoader::defineClass@12 (line 150)
  0x000002491b69f674: 88c7 a7ff 

  0x000002491b69f678: ;   {other}
  0x000002491b69f678: 0f1f 8400 | e825 0024 | 8b74 2424 | 4c8b 7424 | 48e9 18e9 | ffff 4889 

  0x000002491b69f690: ;   {metadata('java/lang/String')}
  0x000002491b69f690: 5c24 4848 | ba40 e700 | 2749 0200 | 0066 6690 

  0x000002491b69f6a0: ;   {runtime_call _new_instance_Java}
  0x000002491b69f6a0: c5f8 77e8 

  0x000002491b69f6a4: ; ImmutableOopMap {[40]=Oop [48]=Oop [56]=Oop [72]=Oop [144]=Oop }
                      ;*new {reexecute=0 rethrow=0 return_oop=1}
                      ; - java.lang.StringBuilder::toString@0 (line 475)
                      ; - java.net.URLStreamHandler::toExternalForm@152 (line 486)
                      ; - java.net.URL::toExternalForm@5 (line 1203)
                      ; - java.net.URL::toString@1 (line 1189)
                      ; - java.lang.ClassLoader::defineClassSourceLocation@22 (line 927)
                      ; - java.lang.ClassLoader::defineClass@12 (line 1026)
                      ; - java.security.SecureClassLoader::defineClass@12 (line 150)
  0x000002491b69f6a4: 58c7 a7ff 

  0x000002491b69f6a8: ;   {other}
  0x000002491b69f6a8: 0f1f 8400 | 1826 0025 | 488b 5c24 | 48e9 7fec | ffff 894c | 2478 8b4c | 2460 894c | 245c 4889 
  0x000002491b69f6c8: 5c24 704c | 894c 2468 | c5fb 1144 | 2460 4489 | 7424 5844 | 895c 2454 | 4489 5424 | 504c 8b94 
  0x000002491b69f6e8: 2490 0000 | 004c 8954 | 2448 4c8b | 5424 304c | 8954 2420 | 488b 6c24 

  0x000002491b69f700: ;   {metadata('java/lang/String')}
  0x000002491b69f700: 2848 ba40 | e700 2749 | 0200 0090 

  0x000002491b69f70c: ;   {runtime_call _new_instance_Java}
  0x000002491b69f70c: c5f8 77e8 

  0x000002491b69f710: ; ImmutableOopMap {rbp=Oop [32]=Oop [56]=Oop [72]=Oop [80]=NarrowOop [92]=NarrowOop [96]=Oop [104]=Derived_oop_[96] [112]=Oop [144]=Oop }
                      ;*new {reexecute=0 rethrow=0 return_oop=1}
                      ; - java.lang.StringLatin1::newString@7 (line 752)
                      ; - java.lang.String::substring@41 (line 2839)
                      ; - java.lang.ClassLoader::checkCerts@21 (line 1164)
                      ; - java.lang.ClassLoader::preDefineClass@113 (line 917)
                      ; - java.lang.ClassLoader::defineClass@4 (line 1025)
                      ; - java.security.SecureClassLoader::defineClass@12 (line 150)
  0x000002491b69f710: ecc6 a7ff 

  0x000002491b69f714: ;   {other}
  0x000002491b69f714: 0f1f 8400 | 8426 0026 | 4889 6c24 | 284c 8b54 | 2420 4c89 | 5424 3044 | 8b54 2450 | 448b 5c24 
  0x000002491b69f734: 5444 8b74 | 2458 c5fb | 1044 2460 | 4c8b 4c24 | 6848 8b5c | 2470 8b4c | 245c 894c | 2460 8b4c 
  0x000002491b69f754: 2478 488b | f0e9 bce5 | ffff 440f | b64b 114d | 8bc3 4585 | c90f 8445 | 0700 004c | 8944 2450 
  0x000002491b69f774: 4489 5424 | 244c 896c | 2448 488b | ac24 9000 | 0000 498b | d044 8b44 | 2420 458b | ca44 895c 
  0x000002491b69f794: 2460 6690 

  0x000002491b69f798: ;   {static_call}
  0x000002491b69f798: c5f8 77e8 

  0x000002491b69f79c: ; ImmutableOopMap {rbp=Oop [40]=Oop [48]=Oop [56]=Oop [72]=Oop [80]=Oop [96]=NarrowOop [144]=Oop }
                      ;*invokestatic compress {reexecute=0 rethrow=0 return_oop=1}
                      ; - java.lang.String::<init>@58 (line 4792)
                      ; - java.lang.String::<init>@3 (line 1507)
                      ; - java.lang.StringBuilder::toString@5 (line 475)
                      ; - java.net.URLStreamHandler::toExternalForm@152 (line 486)
                      ; - java.net.URL::toExternalForm@5 (line 1203)
                      ; - java.net.URL::toString@1 (line 1189)
                      ; - java.lang.ClassLoader::defineClassSourceLocation@22 (line 927)
                      ; - java.lang.ClassLoader::defineClass@12 (line 1026)
                      ; - java.security.SecureClassLoader::defineClass@12 (line 150)
  0x000002491b69f79c: e0f8 9aff 

  0x000002491b69f7a0: ;   {other}
  0x000002491b69f7a0: 0f1f 8400 | 1027 0027 | 488b d848 | 85c0 0f84 | 0f07 0000 | 4180 7f40 | 000f 8549 | 1600 004c 
  0x000002491b69f7c0: 8b6c 2448 | 4588 6510 | 4c8b db45 | 895d 144c | 8bd3 4d8b | dd4d 33d3 | 49c1 ea14 | 4d85 d20f 
  0x000002491b69f7e0: 842e edff | ff49 c1eb | 0948 b900 | 00f5 2249 | 0200 0049 | 03cb 8039 | 020f 8414 | edff ff4d 
  0x000002491b69f800: 8b57 484d | 8b5f 58f0 | 8344 24c0 | 0080 3900 | 0f84 fdec | ffff 4488 | 214d 85d2 | 7520 498b 
  0x000002491b69f820: d7c5 f877 | 49ba b0ed | 0d32 fa7f | 0000 41ff 

  0x000002491b69f830: ;   {other}
  0x000002491b69f830: d20f 1f84 | 0000 0000 | 00e9 d5ec | ffff 4b89 | 4c13 f849 | 83c2 f84d | 8957 48e9 | c3ec ffff 
  0x000002491b69f850: 4c89 4424 | 6848 894c | 2460 4c89 | 4c24 5844 | 8954 2424 | 4c89 6c24 

  0x000002491b69f868: ;   {metadata({type array byte})}
  0x000002491b69f868: 5048 ba68 | 2200 2749 | 0200 0044 | 8b44 2424 

  0x000002491b69f878: ;   {runtime_call _new_array_nozero_Java}
  0x000002491b69f878: c5f8 77e8 

  0x000002491b69f87c: ; ImmutableOopMap {[40]=Oop [48]=Oop [56]=Oop [80]=Oop [120]=Oop [88]=Derived_oop_[120] [144]=Oop }
                      ;*newarray {reexecute=0 rethrow=0 return_oop=1}
                      ; - java.util.Arrays::copyOfRangeByte@10 (line 3863)
                      ; - java.util.Arrays::copyOfRange@13 (line 3854)
                      ; - java.lang.String::<init>@32 (line 4788)
                      ; - java.lang.String::<init>@3 (line 1507)
                      ; - java.lang.StringBuilder::toString@5 (line 475)
                      ; - java.net.URLStreamHandler::toExternalForm@152 (line 486)
                      ; - java.net.URL::toExternalForm@5 (line 1203)
                      ; - java.net.URL::toString@1 (line 1189)
                      ; - java.lang.ClassLoader::defineClassSourceLocation@22 (line 927)
                      ; - java.lang.ClassLoader::defineClass@12 (line 1026)
                      ; - java.security.SecureClassLoader::defineClass@12 (line 150)
  0x000002491b69f87c: 80dc a7ff 

  0x000002491b69f880: ;   {other}
  0x000002491b69f880: 0f1f 8400 | f027 0028 | 4c8b 6c24 | 5044 8b54 | 2424 4c8b | 4c24 5848 | 8b4c 2460 | 4c8b 4424 
  0x000002491b69f8a0: 6848 8bd8 | e9ea ebff | ff44 8944 | 2430 4c89 

  0x000002491b69f8b0: ;   {metadata('java/lang/NamedPackage')}
  0x000002491b69f8b0: 4c24 2048 | baa8 bc01 | 2749 0200 | 0066 6690 

  0x000002491b69f8c0: ;   {runtime_call _new_instance_Java}
  0x000002491b69f8c0: c5f8 77e8 

  0x000002491b69f8c4: ; ImmutableOopMap {[32]=Oop [40]=Oop [48]=NarrowOop [56]=Oop [144]=Oop }
                      ;*new {reexecute=0 rethrow=0 return_oop=1}
                      ; - java.lang.ClassLoader::getNamedPackage@16 (line 343)
                      ; - java.lang.ClassLoader::postDefineClass@9 (line 934)
                      ; - java.lang.ClassLoader::defineClass@37 (line 1028)
                      ; - java.security.SecureClassLoader::defineClass@12 (line 150)
  0x000002491b69f8c4: 38c5 a7ff 

  0x000002491b69f8c8: ;   {other}
  0x000002491b69f8c8: 0f1f 8400 | 3828 0029 | e9fe efff | ff4c 8984 | 2488 0000 | 0048 8994 | 2480 0000 | 0048 8974 
  0x000002491b69f8e8: 2478 894c | 2470 448b | 5424 6044 | 8954 2454 | 4889 5c24 | 684c 894c | 2460 c5fb | 1144 2458 
  0x000002491b69f908: 4489 7424 | 504c 8b94 | 2490 0000 | 004c 8954 | 2448 4c8b | 5424 284c | 8954 2420 

  0x000002491b69f924: ;   {metadata({type array byte})}
  0x000002491b69f924: 48ba 6822 | 0027 4902 | 0000 448b | c166 6690 

  0x000002491b69f934: ;   {runtime_call _new_array_nozero_Java}
  0x000002491b69f934: c5f8 77e8 

  0x000002491b69f938: ; ImmutableOopMap {[32]=Oop [48]=Oop [56]=Oop [72]=Oop [84]=NarrowOop [88]=Oop [96]=Derived_oop_[88] [104]=Oop [120]=Oop }
                      ;*newarray {reexecute=0 rethrow=0 return_oop=1}
                      ; - java.util.Arrays::copyOfRangeByte@10 (line 3863)
                      ; - java.util.Arrays::copyOfRange@13 (line 3854)
                      ; - java.lang.StringLatin1::newString@16 (line 752)
                      ; - java.lang.String::substring@41 (line 2839)
                      ; - java.lang.ClassLoader::checkCerts@21 (line 1164)
                      ; - java.lang.ClassLoader::preDefineClass@113 (line 917)
                      ; - java.lang.ClassLoader::defineClass@4 (line 1025)
                      ; - java.security.SecureClassLoader::defineClass@12 (line 150)
  0x000002491b69f938: c4db a7ff 

  0x000002491b69f93c: ;   {other}
  0x000002491b69f93c: 0f1f 8400 | ac28 002a | 4c8b 5c24 | 204c 895c | 2428 4c8b | 5c24 484c | 899c 2490 | 0000 0044 
  0x000002491b69f95c: 8b74 2450 | 4c8b 4c24 | 6048 8b5c | 2468 448b | 5c24 5444 | 895c 2460 | 8b4c 2470 | 488b 7424 
  0x000002491b69f97c: 7848 8b94 | 2480 0000 | 004c 8b84 | 2488 0000 | 004c 8be8 | e9ac e4ff | ff48 8bdd | 448b 5314 
  0x000002491b69f99c: 4585 d20f | 84e8 f1ff | ff4d 8b5f | 2849 8bca | 4d85 db0f | 84db 1400 | 004d 8b57 | 384b 894c 
  0x000002491b69f9bc: 1af8 4983 | c3f8 4d89 | 5f28 e9c2 | f1ff ff48 | 8b5c 2458 | 448b 5314 | 4585 d20f | 8452 f2ff 
  0x000002491b69f9dc: ff4d 8b5f | 2849 8bca | 4d85 db0f | 84c3 1400 | 004d 8b57 | 384b 894c | 1af8 4983 | c3f8 4d89 
  0x000002491b69f9fc: 5f28 e92c | f2ff ff48 | 8b5c 2458 | 448b 5b14 | 4585 db0f | 84d2 f2ff | ff4d 8b57 | 2849 8bcb 
  0x000002491b69fa1c: 4d85 d20f | 84ab 1400 | 004d 8b5f | 384b 894c | 13f8 4983 | c2f8 4d89 | 5728 e9ac 

  0x000002491b69fa38: ;   {no_reloc}
  0x000002491b69fa38: f2ff ff48 | 8b5c 2458 | 448b 5b14 | 4585 db0f | 8452 f3ff | ff4d 8b57 | 2849 8bcb | 4d85 d20f 
  0x000002491b69fa58: 8493 1400 | 004d 8b5f | 384b 894c | 13f8 4983 | c2f8 4d89 | 5728 e92c | f3ff ff48 | 8bdd 448b 
  0x000002491b69fa78: 5b14 4585 | db0f 84b2 | f3ff ff4d | 8b57 2849 | 8bcb 4d85 | d20f 847d | 1400 004d | 8b5f 384b 
  0x000002491b69fa98: 894c 13f8 | 4983 c2f8 | 4d89 5728 | e98c f3ff | ff48 8b5c | 2458 448b | 5b14 4585 | db0f 8430 
  0x000002491b69fab8: f4ff ff4d | 8b57 2849 | 8bcb 4d85 | d20f 8465 | 1400 004d | 8b5f 384b | 894c 13f8 | 4983 c2f8 
  0x000002491b69fad8: 4d89 5728 | e90a f4ff | ff4d 8b57 | 584d 8b5f | 48f0 8344 | 24c0 0080 | 3900 7432 | 4488 214d 
  0x000002491b69faf8: 85db 740f | 4b89 4c1a | f849 83c3 | f84d 895f | 48eb 1b49 | 8bd7 c5f8 | 7749 bab0 | ed0d 32fa 
  0x000002491b69fb18: 7f00 0041 

  0x000002491b69fb1c: ;   {other}
  0x000002491b69fb1c: ffd2 0f1f | 8400 0000 | 0000 8b7b | 14e9 99f0 | ffff 4d8b | 5758 4d8b | 5f48 f083 | 4424 c000 
  0x000002491b69fb3c: 8039 000f | 8425 f1ff | ff44 8821 | 4d85 db75 | 2049 8bd7 | c5f8 7749 | bab0 ed0d | 32fa 7f00 
  0x000002491b69fb5c: 0041 ffd2 

  0x000002491b69fb60: ;   {other}
  0x000002491b69fb60: 0f1f 8400 | 0000 0000 | e9fd f0ff | ff4b 894c | 1af8 4983 | c3f8 4d89 | 5f48 e9eb | f0ff ff4d 
  0x000002491b69fb80: 8b57 584d | 8b5f 48f0 | 8344 24c0 | 0080 3900 | 0f84 8cf1 | ffff 4488 | 214d 85db | 7520 498b 
  0x000002491b69fba0: d7c5 f877 | 49ba b0ed | 0d32 fa7f | 0000 41ff 

  0x000002491b69fbb0: ;   {other}
  0x000002491b69fbb0: d20f 1f84 | 0000 0000 | 00e9 64f1 | ffff 4b89 | 4c1a f849 | 83c3 f84d | 895f 48e9 | 52f1 ffff 
  0x000002491b69fbd0: 4d8b 5758 | 4d8b 5f48 | f083 4424 | c000 8039 | 000f 84f3 | f1ff ff44 | 8821 4d85 | db75 2049 
  0x000002491b69fbf0: 8bd7 c5f8 | 7749 bab0 | ed0d 32fa | 7f00 0041 

  0x000002491b69fc00: ;   {other}
  0x000002491b69fc00: ffd2 0f1f | 8400 0000 | 0000 e9cb | f1ff ff4b | 894c 1af8 | 4983 c3f8 | 4d89 5f48 | e9b9 f1ff 
  0x000002491b69fc20: ff4d 8b57 | 584d 8b5f | 48f0 8344 | 24c0 0080 | 3900 0f84 | 38f2 ffff | 4488 214d | 85db 7520 
  0x000002491b69fc40: 498b d7c5 | f877 49ba | b0ed 0d32 | fa7f 0000 

  0x000002491b69fc50: ;   {other}
  0x000002491b69fc50: 41ff d20f | 1f84 0000 | 0000 00e9 | 10f2 ffff | 4b89 4c1a | f849 83c3 | f84d 895f | 48e9 fef1 
  0x000002491b69fc70: ffff 4d8b | 5758 4d8b | 5f48 f083 | 4424 c000 | 8039 000f | 849d f2ff | ff44 8821 | 4d85 db75 
  0x000002491b69fc90: 2049 8bd7 | c5f8 7749 | bab0 ed0d | 32fa 7f00 | 0041 ffd2 

  0x000002491b69fca4: ;   {other}
  0x000002491b69fca4: 0f1f 8400 | 0000 0000 | e975 f2ff | ff4b 894c | 1af8 4983 | c3f8 4d89 | 5f48 e963 | f2ff ff48 
  0x000002491b69fcc4: 8974 2458 | 4c89 4c24 | 5044 895c | 2424 4c89 

  0x000002491b69fcd4: ;   {metadata({type array byte})}
  0x000002491b69fcd4: 6c24 4848 | ba68 2200 | 2749 0200 | 0044 8bc3 

  0x000002491b69fce4: ;   {runtime_call _new_array_nozero_Java}
  0x000002491b69fce4: c5f8 77e8 

  0x000002491b69fce8: ; ImmutableOopMap {[36]=NarrowOop [40]=Oop [48]=Oop [56]=Oop [72]=Oop [120]=Oop [80]=Derived_oop_[120] [144]=Oop }
                      ;*invokevirtual clone {reexecute=1 rethrow=0 return_oop=1}
                      ; - (reexecute) java.util.Arrays::copyOfRange@18 (line 3856)
                      ; - java.lang.String::<init>@32 (line 4788)
                      ; - java.lang.String::<init>@3 (line 1507)
                      ; - java.lang.StringBuilder::toString@5 (line 475)
                      ; - java.net.URLStreamHandler::toExternalForm@152 (line 486)
                      ; - java.net.URL::toExternalForm@5 (line 1203)
                      ; - java.net.URL::toString@1 (line 1189)
                      ; - java.lang.ClassLoader::defineClassSourceLocation@22 (line 927)
                      ; - java.lang.ClassLoader::defineClass@12 (line 1026)
                      ; - java.security.SecureClassLoader::defineClass@12 (line 150)
  0x000002491b69fce8: 14d8 a7ff 

  0x000002491b69fcec: ;   {other}
  0x000002491b69fcec: 0f1f 8400 | 5c2c 002b | 4c8b 6c24 | 484c 8b4c | 2450 488b | 7424 5848 | 8bf8 e9bd | e6ff ff4c 
  0x000002491b69fd0c: 8944 2478 | 4889 7424 | 7044 8b44 | 2460 4489 | 4424 5448 | 895c 2468 | 4c89 4c24 | 60c5 fb11 
  0x000002491b69fd2c: 4424 5844 | 8974 2450 | 418b ea4c | 8b94 2490 | 0000 004c | 8954 2448 | 4c8b 5424 | 284c 8954 
  0x000002491b69fd4c: ;   {metadata({type array byte})}
  0x000002491b69fd4c: 2420 48ba | 6822 0027 | 4902 0000 | 458b c390 

  0x000002491b69fd5c: ;   {runtime_call _new_array_nozero_Java}
  0x000002491b69fd5c: c5f8 77e8 

  0x000002491b69fd60: ; ImmutableOopMap {rbp=NarrowOop [32]=Oop [48]=Oop [56]=Oop [72]=Oop [84]=NarrowOop [88]=Oop [96]=Derived_oop_[88] [104]=Oop [112]=Oop [144]=Oop }
                      ;*invokevirtual clone {reexecute=1 rethrow=0 return_oop=1}
                      ; - (reexecute) java.util.Arrays::copyOfRange@18 (line 3856)
                      ; - java.lang.StringLatin1::newString@16 (line 752)
                      ; - java.lang.String::substring@41 (line 2839)
                      ; - java.lang.ClassLoader::checkCerts@21 (line 1164)
                      ; - java.lang.ClassLoader::preDefineClass@113 (line 917)
                      ; - java.lang.ClassLoader::defineClass@4 (line 1025)
                      ; - java.security.SecureClassLoader::defineClass@12 (line 150)
  0x000002491b69fd60: 9cd7 a7ff 

  0x000002491b69fd64: ;   {other}
  0x000002491b69fd64: 0f1f 8400 | d42c 002c | 4c8b 5c24 | 204c 895c | 2428 448b | 7424 504c | 8b4c 2460 | 488b 5c24 
  0x000002491b69fd84: 6844 8b44 | 2454 4489 | 4424 6048 | 8b74 2470 | 4c8b 4424 | 784c 8be8 | e9e4 dfff | ff44 8954 
  0x000002491b69fda4: 2444 897c | 2440 894c 

  0x000002491b69fdac: ;   {metadata('java/lang/String')}
  0x000002491b69fdac: 2424 48ba | 40e7 0027 | 4902 0000 

  0x000002491b69fdb8: ;   {runtime_call _new_instance_Java}
  0x000002491b69fdb8: c5f8 77e8 

  0x000002491b69fdbc: ; ImmutableOopMap {[36]=NarrowOop [40]=Oop [56]=Oop [136]=Oop [144]=Oop }
                      ;*new {reexecute=0 rethrow=0 return_oop=1}
                      ; - java.lang.StringLatin1::newString@7 (line 752)
                      ; - java.lang.String::substring@41 (line 2839)
                      ; - java.lang.Class::getPackageName@62 (line 1169)
                      ; - java.lang.ClassLoader::postDefineClass@2 (line 934)
                      ; - java.lang.ClassLoader::defineClass@37 (line 1028)
                      ; - java.security.SecureClassLoader::defineClass@12 (line 150)
  0x000002491b69fdbc: 40c0 a7ff 

  0x000002491b69fdc0: ;   {other}
  0x000002491b69fdc0: 0f1f 8400 | 302d 002d | 8b4c 2424 | 8b7c 2440 | 448b 5424 | 4448 8bd8 | e965 dcff | ff48 897c 
  0x000002491b69fde0: 2460 4c89 | 4c24 584c | 895c 2450 | 4889 5c24 | 4844 8954 | 2424 4c8b | 5424 384c | 8954 2440 
  0x000002491b69fe00: 4c8b 5424 | 684c 8954 

  0x000002491b69fe08: ;   {metadata({type array byte})}
  0x000002491b69fe08: 2438 48ba | 6822 0027 | 4902 0000 | 448b 4424 | 2466 6690 

  0x000002491b69fe1c: ;   {runtime_call _new_array_nozero_Java}
  0x000002491b69fe1c: c5f8 77e8 

  0x000002491b69fe20: ; ImmutableOopMap {[40]=Oop [64]=Oop [72]=Oop [136]=Oop [80]=Derived_oop_[136] [144]=Oop }
                      ;*newarray {reexecute=0 rethrow=0 return_oop=1}
                      ; - java.util.Arrays::copyOfRangeByte@10 (line 3863)
                      ; - java.util.Arrays::copyOfRange@13 (line 3854)
                      ; - java.lang.StringLatin1::newString@16 (line 752)
                      ; - java.lang.String::substring@41 (line 2839)
                      ; - java.lang.Class::getPackageName@62 (line 1169)
                      ; - java.lang.ClassLoader::postDefineClass@2 (line 934)
                      ; - java.lang.ClassLoader::defineClass@37 (line 1028)
                      ; - java.security.SecureClassLoader::defineClass@12 (line 150)
  0x000002491b69fe20: dcd6 a7ff 

  0x000002491b69fe24: ;   {other}
  0x000002491b69fe24: 0f1f 8400 | 942d 002e | 4c8b 5424 | 384c 8954 | 2468 4c8b | 5424 404c | 8954 2438 | 448b 5424 
  0x000002491b69fe44: 2448 8b5c | 2448 4c8b | 5c24 504c | 8b4c 2458 | 488b 7c24 | 6048 8bf0 | e90b ddff | ff4c 8944 
  0x000002491b69fe64: 2450 4c89 | 5c24 4848 | 895c 2440 | 894c 2424 | 488b 6c24 

  0x000002491b69fe78: ;   {metadata({type array byte})}
  0x000002491b69fe78: 6848 ba68 | 2200 2749 | 0200 0044 | 8bc7 6690 

  0x000002491b69fe88: ;   {runtime_call _new_array_nozero_Java}
  0x000002491b69fe88: c5f8 77e8 

  0x000002491b69fe8c: ; ImmutableOopMap {[36]=NarrowOop [40]=Oop [56]=Oop [64]=Oop [136]=Oop [72]=Derived_oop_[136] [144]=Oop }
                      ;*invokevirtual clone {reexecute=1 rethrow=0 return_oop=1}
                      ; - (reexecute) java.util.Arrays::copyOfRange@18 (line 3856)
                      ; - java.lang.StringLatin1::newString@16 (line 752)
                      ; - java.lang.String::substring@41 (line 2839)
                      ; - java.lang.Class::getPackageName@62 (line 1169)
                      ; - java.lang.ClassLoader::postDefineClass@2 (line 934)
                      ; - java.lang.ClassLoader::defineClass@37 (line 1028)
                      ; - java.security.SecureClassLoader::defineClass@12 (line 150)
  0x000002491b69fe8c: 70d6 a7ff 

  0x000002491b69fe90: ;   {other}
  0x000002491b69fe90: 0f1f 8400 | 002e 002f | 4889 6c24 | 6848 8b5c | 2440 4c8b | 5c24 484c | 8b44 2450 | 488b f0e9 
  0x000002491b69feb0: fcdb ffff | 488b ac24 | 9000 0000 | 4c89 4424 | 50eb 0a4c | 8b6c 2448 | 448b 5424 | 2441 c645 
  0x000002491b69fed0: 1001 4c89 | 6c24 4841 | d1e2 488b | 5424 5044 | 8b44 2420 | 458b ca90 

  0x000002491b69fee8: ;   {static_call}
  0x000002491b69fee8: c5f8 77e8 

  0x000002491b69feec: ; ImmutableOopMap {rbp=Oop [40]=Oop [48]=Oop [56]=Oop [72]=Oop }
                      ;*invokestatic copyOfRange {reexecute=0 rethrow=0 return_oop=1}
                      ; - java.lang.String::<init>@92 (line 4800)
                      ; - java.lang.String::<init>@3 (line 1507)
                      ; - java.lang.StringBuilder::toString@5 (line 475)
                      ; - java.net.URLStreamHandler::toExternalForm@152 (line 486)
                      ; - java.net.URL::toExternalForm@5 (line 1203)
                      ; - java.net.URL::toString@1 (line 1189)
                      ; - java.lang.ClassLoader::defineClassSourceLocation@22 (line 927)
                      ; - java.lang.ClassLoader::defineClass@12 (line 1026)
                      ; - java.security.SecureClassLoader::defineClass@12 (line 150)
  0x000002491b69feec: 90f1 9aff 

  0x000002491b69fef0: ;   {other}
  0x000002491b69fef0: 0f1f 8400 | 602e 0030 | 488b d841 | 807f 4000 | 0f85 4a10 | 0000 4c8b | 6c24 484c | 8bc3 4d8b 
  0x000002491b69ff10: d045 8955 | 144d 8bd5 | 4d8b d84d | 33da 49c1 | eb14 4d85 | db74 1f4d | 85c0 741a | 49c1 ea09 
  0x000002491b69ff30: 48b9 0000 | f522 4902 | 0000 4903 | ca80 3902 | 0f85 4210 | 0000 4889 | ac24 9000 | 0000 e9c0 
  0x000002491b69ff50: e5ff ff8b | cfe9 55dd | ffff 448b | d3e9 72da | ffff baf6 | ffff ff48 | 8bee 6690 

  0x000002491b69ff6c: ;   {runtime_call UncommonTrapBlob}
  0x000002491b69ff6c: c5f8 77e8 

  0x000002491b69ff70: ; ImmutableOopMap {rbp=Oop }
                      ;*invokevirtual putIfAbsent {reexecute=0 rethrow=0 return_oop=0}
                      ; - java.lang.ClassLoader::checkCerts@62 (line 1171)
                      ; - java.lang.ClassLoader::preDefineClass@113 (line 917)
                      ; - java.lang.ClassLoader::defineClass@4 (line 1025)
                      ; - java.security.SecureClassLoader::defineClass@12 (line 150)
  0x000002491b69ff70: 8c46 9bff 

  0x000002491b69ff74: ;   {other}
  0x000002491b69ff74: 0f1f 8400 | e42e 0031 | baf6 ffff | ff8b ee90 

  0x000002491b69ff84: ;   {runtime_call UncommonTrapBlob}
  0x000002491b69ff84: c5f8 77e8 

  0x000002491b69ff88: ; ImmutableOopMap {rbp=NarrowOop }
                      ;*invokevirtual toExternalForm {reexecute=0 rethrow=0 return_oop=0}
                      ; - java.net.URL::toExternalForm@5 (line 1203)
                      ; - java.net.URL::toString@1 (line 1189)
                      ; - java.lang.ClassLoader::defineClassSourceLocation@22 (line 927)
                      ; - java.lang.ClassLoader::defineClass@12 (line 1026)
                      ; - java.security.SecureClassLoader::defineClass@12 (line 150)
  0x000002491b69ff88: 7446 9bff 

  0x000002491b69ff8c: ;   {other}
  0x000002491b69ff8c: 0f1f 8400 | fc2e 0032 | baf6 ffff | ff48 8beb 

  0x000002491b69ff9c: ;   {runtime_call UncommonTrapBlob}
  0x000002491b69ff9c: c5f8 77e8 

  0x000002491b69ffa0: ; ImmutableOopMap {rbp=Oop }
                      ;*invokevirtual get {reexecute=0 rethrow=0 return_oop=0}
                      ; - java.lang.ClassLoader::getNamedPackage@5 (line 341)
                      ; - java.lang.ClassLoader::postDefineClass@9 (line 934)
                      ; - java.lang.ClassLoader::defineClass@37 (line 1028)
                      ; - java.security.SecureClassLoader::defineClass@12 (line 150)
  0x000002491b69ffa0: 5c46 9bff 

  0x000002491b69ffa4: ;   {other}
  0x000002491b69ffa4: 0f1f 8400 | 142f 0033 | bae4 ffff | ff4c 8b54 | 2428 4c89 | 5424 204c | 8b54 2430 | 4c89 5424 
  0x000002491b69ffc4: 284c 8b54 | 2438 4c89 | 5424 3044 | 8b54 2440 | 4489 5424 | 3844 8b54 | 2444 4489 | 5424 3c89 
  0x000002491b69ffe4: 7424 4848 | 895c 2458 | 897c 244c 

  0x000002491b69fff0: ;   {runtime_call UncommonTrapBlob}
  0x000002491b69fff0: c5f8 77e8 

  0x000002491b69fff4: ; ImmutableOopMap {[32]=Oop [40]=Oop [48]=Oop [72]=NarrowOop [76]=NarrowOop [88]=Oop [144]=Oop }
                      ;*bastore {reexecute=0 rethrow=0 return_oop=0}
                      ; - java.lang.AbstractStringBuilder::append@41 (line 808)
                      ; - java.lang.StringBuilder::append@2 (line 246)
                      ; - java.net.URLStreamHandler::toExternalForm@16 (line 480)
                      ; - java.net.URL::toExternalForm@5 (line 1203)
                      ; - java.net.URL::toString@1 (line 1189)
                      ; - java.lang.ClassLoader::defineClassSourceLocation@22 (line 927)
                      ; - java.lang.ClassLoader::defineClass@12 (line 1026)
                      ; - java.security.SecureClassLoader::defineClass@12 (line 150)
  0x000002491b69fff4: 0846 9bff 

  0x000002491b69fff8: ;   {other}
  0x000002491b69fff8: 0f1f 8400 | 682f 0034 | ba76 ffff | ff41 8bea | 897c 2424 | 4889 5c24 | 5066 6690 

  0x000002491b6a0014: ;   {runtime_call UncommonTrapBlob}
  0x000002491b6a0014: c5f8 77e8 

  0x000002491b6a0018: ; ImmutableOopMap {rbp=NarrowOop [40]=Oop [48]=Oop [56]=Oop [80]=Oop [96]=NarrowOop [144]=Oop }
                      ;*iflt {reexecute=1 rethrow=0 return_oop=0}
                      ; - (reexecute) java.lang.StringLatin1::lastIndexOf@19 (line 285)
                      ; - java.lang.String::lastIndexOf@13 (line 2573)
                      ; - java.lang.String::lastIndexOf@8 (line 2535)
                      ; - java.lang.ClassLoader::checkCerts@3 (line 1163)
                      ; - java.lang.ClassLoader::preDefineClass@113 (line 917)
                      ; - java.lang.ClassLoader::defineClass@4 (line 1025)
                      ; - java.security.SecureClassLoader::defineClass@12 (line 150)
  0x000002491b6a0018: e445 9bff 

  0x000002491b6a001c: ;   {other}
  0x000002491b6a001c: 0f1f 8400 | 8c2f 0035 | bade ffff | ff4c 8954 | 2420 4c8b | 5424 304c | 8954 2428 | 4c8b 5424 
  0x000002491b6a003c: 384c 8954 | 2430 448b | 5424 4044 | 8954 2438 | 448b 5c24 | 4444 895c | 243c 4c89 | 4424 404c 
  0x000002491b6a005c: 894c 2448 

  0x000002491b6a0060: ;   {runtime_call UncommonTrapBlob}
  0x000002491b6a0060: c5f8 77e8 

  0x000002491b6a0064: ; ImmutableOopMap {rbp=NarrowOop [32]=Oop [40]=Oop [48]=Oop [64]=Oop [72]=Oop }
                      ;*invokeinterface computeIfAbsent {reexecute=0 rethrow=0 return_oop=0}
                      ; - java.security.SecureClassLoader::getProtectionDomain@28 (line 222)
                      ; - java.security.SecureClassLoader::defineClass@9 (line 150)
  0x000002491b6a0064: 9845 9bff 

  0x000002491b6a0068: ;   {other}
  0x000002491b6a0068: 0f1f 8400 | d82f 0036 | ba45 ffff | ff48 8b6c | 2428 6690 

  0x000002491b6a007c: ;   {runtime_call UncommonTrapBlob}
  0x000002491b6a007c: c5f8 77e8 

  0x000002491b6a0080: ; ImmutableOopMap {rbp=Oop [48]=Oop [56]=Oop [144]=Oop }
                      ;*ifeq {reexecute=1 rethrow=0 return_oop=0}
                      ; - (reexecute) java.lang.ClassLoader::checkName@8 (line 1155)
                      ; - java.lang.ClassLoader::preDefineClass@1 (line 900)
                      ; - java.lang.ClassLoader::defineClass@4 (line 1025)
                      ; - java.security.SecureClassLoader::defineClass@12 (line 150)
  0x000002491b6a0080: 7c45 9bff 

  0x000002491b6a0084: ;   {other}
  0x000002491b6a0084: 0f1f 8400 | f42f 0037 | bacc ffff | ff4c 8b54 | 2428 4c89 | 5424 204c | 8b54 2430 | 4c89 5424 
  0x000002491b6a00a4: 284c 8b54 | 2438 4c89 | 5424 3044 | 8b54 2440 | 4489 5424 | 3844 8b54 | 2444 4489 | 5424 3c89 
  0x000002491b6a00c4: 7424 4848 | 895c 2458 | 4489 4c24 | 4c66 6690 

  0x000002491b6a00d4: ;   {runtime_call UncommonTrapBlob}
  0x000002491b6a00d4: c5f8 77e8 

  0x000002491b6a00d8: ; ImmutableOopMap {rbp=NarrowOop [32]=Oop [40]=Oop [48]=Oop [72]=NarrowOop [88]=Oop [144]=Oop }
                      ;*invokestatic arraycopy {reexecute=0 rethrow=0 return_oop=0}
                      ; - java.lang.String::getBytes@22 (line 4726)
                      ; - java.lang.AbstractStringBuilder::putStringAt@15 (line 1751)
                      ; - java.lang.AbstractStringBuilder::append@30 (line 588)
                      ; - java.lang.StringBuilder::append@2 (line 179)
                      ; - java.net.URLStreamHandler::toExternalForm@59 (line 483)
                      ; - java.net.URL::toExternalForm@5 (line 1203)
                      ; - java.net.URL::toString@1 (line 1189)
                      ; - java.lang.ClassLoader::defineClassSourceLocation@22 (line 927)
                      ; - java.lang.ClassLoader::defineClass@12 (line 1026)
                      ; - java.security.SecureClassLoader::defineClass@12 (line 150)
  0x000002491b6a00d8: 2445 9bff 

  0x000002491b6a00dc: ;   {other}
  0x000002491b6a00dc: 0f1f 8400 | 4c30 0038 | bacc ffff | ff4c 8b5c | 2428 4c89 | 5c24 204c | 8b5c 2430 | 4c89 5c24 
  0x000002491b6a00fc: 284c 8b5c | 2438 4c89 | 5c24 3044 | 8b5c 2440 | 4489 5c24 | 3844 8b4c | 2444 4489 | 4c24 3c89 
  0x000002491b6a011c: 7424 4848 | 895c 2458 | 897c 244c | 8944 2460 | 4489 5424 | 6444 8944 | 2468 6690 

  0x000002491b6a0138: ;   {runtime_call UncommonTrapBlob}
  0x000002491b6a0138: c5f8 77e8 

  0x000002491b6a013c: ; ImmutableOopMap {[32]=Oop [40]=Oop [48]=Oop [72]=NarrowOop [88]=Oop [96]=NarrowOop [100]=NarrowOop [144]=Oop }
                      ;*invokestatic arraycopy {reexecute=0 rethrow=0 return_oop=0}
                      ; - java.lang.String::getBytes@22 (line 4726)
                      ; - java.lang.AbstractStringBuilder::putStringAt@15 (line 1751)
                      ; - java.lang.AbstractStringBuilder::append@30 (line 588)
                      ; - java.lang.StringBuilder::append@2 (line 179)
                      ; - java.net.URLStreamHandler::toExternalForm@77 (line 484)
                      ; - java.net.URL::toExternalForm@5 (line 1203)
                      ; - java.net.URL::toString@1 (line 1189)
                      ; - java.lang.ClassLoader::defineClassSourceLocation@22 (line 927)
                      ; - java.lang.ClassLoader::defineClass@12 (line 1026)
                      ; - java.security.SecureClassLoader::defineClass@12 (line 150)
  0x000002491b6a013c: c044 9bff 

  0x000002491b6a0140: ;   {other}
  0x000002491b6a0140: 0f1f 8400 | b030 0039 | bacc ffff | ff4c 8b54 | 2428 4c89 | 5424 204c | 8b54 2430 | 4c89 5424 
  0x000002491b6a0160: 284c 8b54 | 2438 4c89 | 5424 3044 | 8b54 2440 | 4489 5424 | 3844 8b54 | 2444 4489 | 5424 3c89 
  0x000002491b6a0180: 7424 4848 | 895c 2458 | 4489 5c24 | 4c66 6690 

  0x000002491b6a0190: ;   {runtime_call UncommonTrapBlob}
  0x000002491b6a0190: c5f8 77e8 

  0x000002491b6a0194: ; ImmutableOopMap {rbp=NarrowOop [32]=Oop [40]=Oop [48]=Oop [72]=NarrowOop [88]=Oop [144]=Oop }
                      ;*invokestatic arraycopy {reexecute=0 rethrow=0 return_oop=0}
                      ; - java.lang.String::getBytes@22 (line 4726)
                      ; - java.lang.AbstractStringBuilder::putStringAt@15 (line 1751)
                      ; - java.lang.AbstractStringBuilder::append@30 (line 588)
                      ; - java.lang.StringBuilder::append@2 (line 179)
                      ; - java.net.URLStreamHandler::toExternalForm@113 (line 485)
                      ; - java.net.URL::toExternalForm@5 (line 1203)
                      ; - java.net.URL::toString@1 (line 1189)
                      ; - java.lang.ClassLoader::defineClassSourceLocation@22 (line 927)
                      ; - java.lang.ClassLoader::defineClass@12 (line 1026)
                      ; - java.security.SecureClassLoader::defineClass@12 (line 150)
  0x000002491b6a0194: 6844 9bff 

  0x000002491b6a0198: ;   {other}
  0x000002491b6a0198: 0f1f 8400 | 0831 003a | bacc ffff | ff4c 8b54 | 2428 4c89 | 5424 204c | 8b54 2430 | 4c89 5424 
  0x000002491b6a01b8: 284c 8b54 | 2438 4c89 | 5424 3044 | 8b54 2440 | 4489 5424 | 3844 8b5c | 2444 4489 | 5c24 3c48 
  0x000002491b6a01d8: 895c 2450 | 4489 4424 | 5866 6690 

  0x000002491b6a01e4: ;   {runtime_call UncommonTrapBlob}
  0x000002491b6a01e4: c5f8 77e8 

  0x000002491b6a01e8: ; ImmutableOopMap {rbp=NarrowOop [32]=Oop [40]=Oop [48]=Oop [80]=Oop [144]=Oop }
                      ;*invokestatic arraycopy {reexecute=0 rethrow=0 return_oop=0}
                      ; - java.lang.String::getBytes@22 (line 4726)
                      ; - java.lang.AbstractStringBuilder::putStringAt@15 (line 1751)
                      ; - java.lang.AbstractStringBuilder::append@30 (line 588)
                      ; - java.lang.StringBuilder::append@2 (line 179)
                      ; - java.net.URLStreamHandler::toExternalForm@149 (line 486)
                      ; - java.net.URL::toExternalForm@5 (line 1203)
                      ; - java.net.URL::toString@1 (line 1189)
                      ; - java.lang.ClassLoader::defineClassSourceLocation@22 (line 927)
                      ; - java.lang.ClassLoader::defineClass@12 (line 1026)
                      ; - java.security.SecureClassLoader::defineClass@12 (line 150)
  0x000002491b6a01e8: 1444 9bff 

  0x000002491b6a01ec: ;   {other}
  0x000002491b6a01ec: 0f1f 8400 | 5c31 003b | bacc ffff | ff4c 8b54 | 2428 4c89 | 5424 204c | 8b54 2430 | 4c89 5424 
  0x000002491b6a020c: 284c 8b54 | 2438 4c89 | 5424 3044 | 8b44 2440 | 4489 4424 | 3844 8b54 | 2444 4489 | 5424 3c89 
  0x000002491b6a022c: 7424 4848 | 895c 2458 | 897c 244c | 4489 5c24 | 6089 4c24 | 6444 894c | 2468 6690 

  0x000002491b6a0248: ;   {runtime_call UncommonTrapBlob}
  0x000002491b6a0248: c5f8 77e8 

  0x000002491b6a024c: ; ImmutableOopMap {[32]=Oop [40]=Oop [48]=Oop [72]=NarrowOop [88]=Oop [96]=NarrowOop [100]=NarrowOop [144]=Oop }
                      ;*invokestatic arraycopy {reexecute=0 rethrow=0 return_oop=0}
                      ; - java.lang.String::getBytes@22 (line 4726)
                      ; - java.lang.AbstractStringBuilder::putStringAt@15 (line 1751)
                      ; - java.lang.AbstractStringBuilder::append@30 (line 588)
                      ; - java.lang.StringBuilder::append@2 (line 179)
                      ; - java.net.URLStreamHandler::toExternalForm@11 (line 480)
                      ; - java.net.URL::toExternalForm@5 (line 1203)
                      ; - java.net.URL::toString@1 (line 1189)
                      ; - java.lang.ClassLoader::defineClassSourceLocation@22 (line 927)
                      ; - java.lang.ClassLoader::defineClass@12 (line 1026)
                      ; - java.security.SecureClassLoader::defineClass@12 (line 150)
  0x000002491b6a024c: b043 9bff 

  0x000002491b6a0250: ;   {other}
  0x000002491b6a0250: 0f1f 8400 | c031 003c | ba6e ffff | ff41 8bea | 897c 2424 | 4889 5c24 | 5066 6690 

  0x000002491b6a026c: ;   {runtime_call UncommonTrapBlob}
  0x000002491b6a026c: c5f8 77e8 

  0x000002491b6a0270: ; ImmutableOopMap {rbp=NarrowOop [40]=Oop [48]=Oop [56]=Oop [80]=Oop [96]=NarrowOop [144]=Oop }
                      ;*iflt {reexecute=1 rethrow=0 return_oop=0}
                      ; - (reexecute) java.lang.StringLatin1::lastIndexOf@19 (line 285)
                      ; - java.lang.String::lastIndexOf@13 (line 2573)
                      ; - java.lang.String::lastIndexOf@8 (line 2535)
                      ; - java.lang.ClassLoader::checkCerts@3 (line 1163)
                      ; - java.lang.ClassLoader::preDefineClass@113 (line 917)
                      ; - java.lang.ClassLoader::defineClass@4 (line 1025)
                      ; - java.security.SecureClassLoader::defineClass@12 (line 150)
  0x000002491b6a0270: 8c43 9bff 

  0x000002491b6a0274: ;   {other}
  0x000002491b6a0274: 0f1f 8400 | e431 003d | bace ffff | ff41 8bea | 895c 2460 

  0x000002491b6a0288: ;   {runtime_call UncommonTrapBlob}
  0x000002491b6a0288: c5f8 77e8 

  0x000002491b6a028c: ; ImmutableOopMap {rbp=NarrowOop [40]=Oop [48]=Oop [56]=Oop [144]=Oop }
                      ;*invokestatic indexOfChar {reexecute=0 rethrow=0 return_oop=0}
                      ; - java.lang.StringLatin1::indexOf@33 (line 204)
                      ; - java.lang.String::indexOf@17 (line 2461)
                      ; - java.lang.String::indexOf@3 (line 2405)
                      ; - java.lang.ClassLoader::checkName@16 (line 1157)
                      ; - java.lang.ClassLoader::preDefineClass@1 (line 900)
                      ; - java.lang.ClassLoader::defineClass@4 (line 1025)
                      ; - java.security.SecureClassLoader::defineClass@12 (line 150)
  0x000002491b6a028c: 7043 9bff 

  0x000002491b6a0290: ;   {other}
  0x000002491b6a0290: 0f1f 8400 | 0032 003e | ba45 ffff | ff4c 8b54 | 2428 4c89 | 5424 204c | 8b54 2430 | 4c89 5424 
  0x000002491b6a02b0: 284c 8b54 | 2438 4c89 | 5424 3044 | 8b54 2440 | 4489 5424 | 3844 8b5c | 2444 4489 | 5c24 3c89 
  0x000002491b6a02d0: 7424 4848 | 895c 2450 

  0x000002491b6a02d8: ;   {runtime_call UncommonTrapBlob}
  0x000002491b6a02d8: c5f8 77e8 

  0x000002491b6a02dc: ; ImmutableOopMap {rbp=NarrowOop [32]=Oop [40]=Oop [48]=Oop [72]=NarrowOop [80]=Oop [144]=Oop }
                      ;*ifne {reexecute=1 rethrow=0 return_oop=0}
                      ; - (reexecute) java.net.URLStreamHandler::toExternalForm@32 (line 482)
                      ; - java.net.URL::toExternalForm@5 (line 1203)
                      ; - java.net.URL::toString@1 (line 1189)
                      ; - java.lang.ClassLoader::defineClassSourceLocation@22 (line 927)
                      ; - java.lang.ClassLoader::defineClass@12 (line 1026)
                      ; - java.security.SecureClassLoader::defineClass@12 (line 150)
  0x000002491b6a02dc: 2043 9bff 

  0x000002491b6a02e0: ;   {other}
  0x000002491b6a02e0: 0f1f 8400 | 5032 003f | 4963 cae9 | 26e1 ffff | 4883 c1fe | 498b fb48 | 33c0 4883 | f908 7f10 
  0x000002491b6a0300: 48ff c978 | 4f48 8904 | cf48 ffc9 | 7df7 eb44 | c5fd efc0 | e90d 0000 | 00c5 fe7f | 07c5 fe7f 
  0x000002491b6a0320: 4720 4883 | c740 4883 | e908 7ded | 4883 c104 | 7c0c c5fe | 7f07 4883 | c720 4883 | e904 4883 
  0x000002491b6a0340: c104 7e10 | 48ff c9c5 | f9d6 0748 | 83c7 0848 | ffc9 7df3 | e97c e1ff | ffba ccff | ffff 488b 
  0x000002491b6a0360: 6c24 284c | 8b44 2430 | 4c89 4424 | 204c 8b44 | 2438 4c89 | 4424 2844 | 8b44 2440 | 4489 4424 
  0x000002491b6a0380: 3044 8b4c | 2444 4489 | 4c24 344c | 896c 2448 | 4489 5c24 | 5044 8954 | 2458 6690 

  0x000002491b6a039c: ;   {runtime_call UncommonTrapBlob}
  0x000002491b6a039c: c5f8 77e8 

  0x000002491b6a03a0: ; ImmutableOopMap {rbp=Oop [32]=Oop [40]=Oop [72]=Oop [80]=NarrowOop [144]=Oop }
                      ;*newarray {reexecute=1 rethrow=0 return_oop=0}
                      ; - (reexecute) java.util.Arrays::copyOfRangeByte@10 (line 3863)
                      ; - java.util.Arrays::copyOfRange@13 (line 3854)
                      ; - java.lang.String::<init>@32 (line 4788)
                      ; - java.lang.String::<init>@3 (line 1507)
                      ; - java.lang.StringBuilder::toString@5 (line 475)
                      ; - java.net.URLStreamHandler::toExternalForm@152 (line 486)
                      ; - java.net.URL::toExternalForm@5 (line 1203)
                      ; - java.net.URL::toString@1 (line 1189)
                      ; - java.lang.ClassLoader::defineClassSourceLocation@22 (line 927)
                      ; - java.lang.ClassLoader::defineClass@12 (line 1026)
                      ; - java.security.SecureClassLoader::defineClass@12 (line 150)
  0x000002491b6a03a0: 5c42 9bff 

  0x000002491b6a03a4: ;   {other}
  0x000002491b6a03a4: 0f1f 8400 | 1433 0040 | baf6 ffff | ff48 8b6c | 2420 6690 

  0x000002491b6a03b8: ;   {runtime_call UncommonTrapBlob}
  0x000002491b6a03b8: c5f8 77e8 

  0x000002491b6a03bc: ; ImmutableOopMap {rbp=Oop [64]=Oop }
                      ;*invokevirtual putIfAbsent {reexecute=0 rethrow=0 return_oop=0}
                      ; - java.lang.ClassLoader::getNamedPackage@32 (line 345)
                      ; - java.lang.ClassLoader::postDefineClass@9 (line 934)
                      ; - java.lang.ClassLoader::defineClass@37 (line 1028)
                      ; - java.security.SecureClassLoader::defineClass@12 (line 150)
  0x000002491b6a03bc: 4042 9bff 

  0x000002491b6a03c0: ;   {other}
  0x000002491b6a03c0: 0f1f 8400 | 3033 0041 | 488b e8ba | 54ff ffff 

  0x000002491b6a03d0: ;   {runtime_call UncommonTrapBlob}
  0x000002491b6a03d0: c5f8 77e8 

  0x000002491b6a03d4: ; ImmutableOopMap {rbp=Oop [40]=Oop [48]=NarrowOop [56]=Oop [64]=Oop [144]=Oop }
                      ;*ifnull {reexecute=1 rethrow=0 return_oop=0}
                      ; - (reexecute) java.lang.ClassLoader::getNamedPackage@42 (line 346)
                      ; - java.lang.ClassLoader::postDefineClass@9 (line 934)
                      ; - java.lang.ClassLoader::defineClass@37 (line 1028)
                      ; - java.security.SecureClassLoader::defineClass@12 (line 150)
  0x000002491b6a03d4: 2842 9bff 

  0x000002491b6a03d8: ;   {other}
  0x000002491b6a03d8: 0f1f 8400 | 4833 0042 | 4863 d1e9 | dbd9 ffff | 4883 c2fe | 488b ca49 | 8bfa 4833 | c048 83f9 
  0x000002491b6a03f8: 087f 1048 | ffc9 784f | 4889 04cf | 48ff c97d | f7eb 44c5 | fdef c0e9 | 0d00 0000 | c5fe 7f07 
  0x000002491b6a0418: c5fe 7f47 | 2048 83c7 | 4048 83e9 | 087d ed48 | 83c1 047c | 0cc5 fe7f | 0748 83c7 | 2048 83e9 
  0x000002491b6a0438: 0448 83c1 | 047e 1048 | ffc9 c5f9 | d607 4883 | c708 48ff | c97d f3e9 | 2eda ffff | bacc ffff 
  0x000002491b6a0458: ff41 8bea | 894c 2424 | 4889 5c24 | 5048 8974 | 2470 6690 

  0x000002491b6a046c: ;   {runtime_call UncommonTrapBlob}
  0x000002491b6a046c: c5f8 77e8 

  0x000002491b6a0470: ; ImmutableOopMap {rbp=NarrowOop [40]=Oop [48]=Oop [56]=Oop [80]=Oop [96]=NarrowOop [112]=Oop [144]=Oop }
                      ;*newarray {reexecute=1 rethrow=0 return_oop=0}
                      ; - (reexecute) java.util.Arrays::copyOfRangeByte@10 (line 3863)
                      ; - java.util.Arrays::copyOfRange@13 (line 3854)
                      ; - java.lang.StringLatin1::newString@16 (line 752)
                      ; - java.lang.String::substring@41 (line 2839)
                      ; - java.lang.ClassLoader::checkCerts@21 (line 1164)
                      ; - java.lang.ClassLoader::preDefineClass@113 (line 917)
                      ; - java.lang.ClassLoader::defineClass@4 (line 1025)
                      ; - java.security.SecureClassLoader::defineClass@12 (line 150)
  0x000002491b6a0470: 8c41 9bff 

  0x000002491b6a0474: ;   {other}
  0x000002491b6a0474: 0f1f 8400 | e433 0043 | baf6 ffff | ff66 6690 

  0x000002491b6a0484: ;   {runtime_call UncommonTrapBlob}
  0x000002491b6a0484: c5f8 77e8 

  0x000002491b6a0488: ; ImmutableOopMap {}
                      ;*invokevirtual isNamed {reexecute=0 rethrow=0 return_oop=0}
                      ; - java.lang.NamedPackage::<init>@12 (line 48)
                      ; - java.lang.ClassLoader::getNamedPackage@22 (line 343)
                      ; - java.lang.ClassLoader::postDefineClass@9 (line 934)
                      ; - java.lang.ClassLoader::defineClass@37 (line 1028)
                      ; - java.security.SecureClassLoader::defineClass@12 (line 150)
  0x000002491b6a0488: 7441 9bff 

  0x000002491b6a048c: ;   {other}
  0x000002491b6a048c: 0f1f 8400 | fc33 0044 | 4533 db45 | 85c9 410f | 94c3 ba45 | ffff ff48 | 8b6c 2428 | 4c89 4424 
  0x000002491b6a04ac: 2044 895c | 2460 6690 

  0x000002491b6a04b4: ;   {runtime_call UncommonTrapBlob}
  0x000002491b6a04b4: c5f8 77e8 

  0x000002491b6a04b8: ; ImmutableOopMap {rbp=Oop [32]=Oop [56]=Oop [144]=Oop }
                      ;*ifeq {reexecute=1 rethrow=0 return_oop=0}
                      ; - (reexecute) java.lang.String::indexOf@4 (line 2461)
                      ; - java.lang.String::indexOf@3 (line 2405)
                      ; - java.lang.ClassLoader::checkName@16 (line 1157)
                      ; - java.lang.ClassLoader::preDefineClass@1 (line 900)
                      ; - java.lang.ClassLoader::defineClass@4 (line 1025)
                      ; - java.security.SecureClassLoader::defineClass@12 (line 150)
  0x000002491b6a04b8: 4441 9bff 

  0x000002491b6a04bc: ;   {other}
  0x000002491b6a04bc: 0f1f 8400 | 2c34 0045 | ba45 ffff | ff89 4c24 | 2089 4c24 | 2448 895c | 2450 4489 | 4424 7090 
  0x000002491b6a04dc: ;   {runtime_call UncommonTrapBlob}
  0x000002491b6a04dc: c5f8 77e8 

  0x000002491b6a04e0: ; ImmutableOopMap {[40]=Oop [48]=Oop [56]=Oop [80]=Oop [96]=NarrowOop [144]=Oop }
                      ;*if_icmpgt {reexecute=1 rethrow=0 return_oop=0}
                      ; - (reexecute) jdk.internal.util.Preconditions::checkFromToIndex@6 (line 348)
                      ; - java.lang.String::checkBoundsBeginEnd@6 (line 4865)
                      ; - java.lang.String::substring@8 (line 2834)
                      ; - java.lang.ClassLoader::checkCerts@21 (line 1164)
                      ; - java.lang.ClassLoader::preDefineClass@113 (line 917)
                      ; - java.lang.ClassLoader::defineClass@4 (line 1025)
                      ; - java.security.SecureClassLoader::defineClass@12 (line 150)
  0x000002491b6a04e0: 1c41 9bff 

  0x000002491b6a04e4: ;   {other}
  0x000002491b6a04e4: 0f1f 8400 | 5434 0046 | ba45 ffff | ff48 8b6c | 2428 4c8b | 4424 304c | 8944 2420 | 4c8b 4424 
  0x000002491b6a0504: 384c 8944 | 2428 448b | 4424 4044 | 8944 2430 | 448b 6c24 | 4444 896c | 2434 8974 | 2440 4889 
  0x000002491b6a0524: 5c24 5089 | 7c24 4489 | 4424 5844 | 8954 245c | 4489 4c24 | 6044 895c | 2464 894c | 2468 6690 
  0x000002491b6a0544: ;   {runtime_call UncommonTrapBlob}
  0x000002491b6a0544: c5f8 77e8 

  0x000002491b6a0548: ; ImmutableOopMap {rbp=Oop [32]=Oop [40]=Oop [64]=NarrowOop [80]=Oop [88]=NarrowOop [92]=NarrowOop [144]=Oop }
                      ;*if_icmpne {reexecute=1 rethrow=0 return_oop=0}
                      ; - (reexecute) java.lang.String::getBytes@5 (line 4725)
                      ; - java.lang.AbstractStringBuilder::putStringAt@15 (line 1751)
                      ; - java.lang.AbstractStringBuilder::append@30 (line 588)
                      ; - java.lang.StringBuilder::append@2 (line 179)
                      ; - java.net.URLStreamHandler::toExternalForm@77 (line 484)
                      ; - java.net.URL::toExternalForm@5 (line 1203)
                      ; - java.net.URL::toString@1 (line 1189)
                      ; - java.lang.ClassLoader::defineClassSourceLocation@22 (line 927)
                      ; - java.lang.ClassLoader::defineClass@12 (line 1026)
                      ; - java.security.SecureClassLoader::defineClass@12 (line 150)
  0x000002491b6a0548: b440 9bff 

  0x000002491b6a054c: ;   {other}
  0x000002491b6a054c: 0f1f 8400 | bc34 0047 | 498b d7c5 | f877 49ba | d0ed 0d32 | fa7f 0000 

  0x000002491b6a0564: ;   {other}
  0x000002491b6a0564: 41ff d20f | 1f84 0000 | 0000 00e9 | 6cdf ffff | ba45 ffff | ff48 8b6c | 2428 488b | 4424 3048 
  0x000002491b6a0584: 8944 2420 | 488b 4424 | 3848 8944 | 2428 448b | 6c24 4044 | 896c 2430 | 8b44 2444 | 8944 2434 
  0x000002491b6a05a4: 8974 2440 | 4889 5c24 | 5089 7c24 | 4444 894c | 2458 894c | 245c 4489 | 4424 6044 | 895c 2464 
  0x000002491b6a05c4: 4489 5424 | 6866 6690 

  0x000002491b6a05cc: ;   {runtime_call UncommonTrapBlob}
  0x000002491b6a05cc: c5f8 77e8 

  0x000002491b6a05d0: ; ImmutableOopMap {rbp=Oop [32]=Oop [40]=Oop [64]=NarrowOop [80]=Oop [88]=NarrowOop [92]=NarrowOop [144]=Oop }
                      ;*if_icmpne {reexecute=1 rethrow=0 return_oop=0}
                      ; - (reexecute) java.lang.String::getBytes@5 (line 4725)
                      ; - java.lang.AbstractStringBuilder::putStringAt@15 (line 1751)
                      ; - java.lang.AbstractStringBuilder::append@30 (line 588)
                      ; - java.lang.StringBuilder::append@2 (line 179)
                      ; - java.net.URLStreamHandler::toExternalForm@11 (line 480)
                      ; - java.net.URL::toExternalForm@5 (line 1203)
                      ; - java.net.URL::toString@1 (line 1189)
                      ; - java.lang.ClassLoader::defineClassSourceLocation@22 (line 927)
                      ; - java.lang.ClassLoader::defineClass@12 (line 1026)
                      ; - java.security.SecureClassLoader::defineClass@12 (line 150)
  0x000002491b6a05d0: 2c40 9bff 

  0x000002491b6a05d4: ;   {other}
  0x000002491b6a05d4: 0f1f 8400 | 4435 0048 | baad ffff | ff66 6690 

  0x000002491b6a05e4: ;   {runtime_call UncommonTrapBlob}
  0x000002491b6a05e4: c5f8 77e8 

  0x000002491b6a05e8: ; ImmutableOopMap {[32]=Oop [40]=Oop [48]=NarrowOop [56]=Oop [64]=Oop [144]=Oop }
                      ;*new {reexecute=0 rethrow=0 return_oop=0}
                      ; - java.lang.NamedPackage::<init>@18 (line 49)
                      ; - java.lang.ClassLoader::getNamedPackage@22 (line 343)
                      ; - java.lang.ClassLoader::postDefineClass@9 (line 934)
                      ; - java.lang.ClassLoader::defineClass@37 (line 1028)
                      ; - java.security.SecureClassLoader::defineClass@12 (line 150)
  0x000002491b6a05e8: 1440 9bff 

  0x000002491b6a05ec: ;   {other}
  0x000002491b6a05ec: 0f1f 8400 | 5c35 0049 | ba45 ffff | ff48 8b6c | 2428 895c | 2450 6690 

  0x000002491b6a0604: ;   {runtime_call UncommonTrapBlob}
  0x000002491b6a0604: c5f8 77e8 

  0x000002491b6a0608: ; ImmutableOopMap {rbp=Oop [48]=Oop [56]=Oop [144]=Oop }
                      ;*if_icmpne {reexecute=1 rethrow=0 return_oop=0}
                      ; - (reexecute) java.lang.ClassLoader::checkName@20 (line 1157)
                      ; - java.lang.ClassLoader::preDefineClass@1 (line 900)
                      ; - java.lang.ClassLoader::defineClass@4 (line 1025)
                      ; - java.security.SecureClassLoader::defineClass@12 (line 150)
  0x000002491b6a0608: f43f 9bff 

  0x000002491b6a060c: ;   {other}
  0x000002491b6a060c: 0f1f 8400 | 7c35 004a | ba45 ffff | ff4c 8b54 | 2428 4c89 | 5424 204c | 8944 2428 | 4c89 4c24 
  0x000002491b6a062c: 3089 7c24 | 3889 7424 | 3c66 6690 

  0x000002491b6a0638: ;   {runtime_call UncommonTrapBlob}
  0x000002491b6a0638: c5f8 77e8 

  0x000002491b6a063c: ; ImmutableOopMap {rbp=Oop [32]=Oop [40]=Oop [48]=Oop }
                      ;*ifnonnull {reexecute=1 rethrow=0 return_oop=0}
                      ; - (reexecute) java.security.SecureClassLoader::getProtectionDomain@1 (line 213)
                      ; - java.security.SecureClassLoader::defineClass@9 (line 150)
  0x000002491b6a063c: c03f 9bff 

  0x000002491b6a0640: ;   {other}
  0x000002491b6a0640: 0f1f 8400 | b035 004b | ba45 ffff | ff66 6690 

  0x000002491b6a0650: ;   {runtime_call UncommonTrapBlob}
  0x000002491b6a0650: c5f8 77e8 

  0x000002491b6a0654: ; ImmutableOopMap {[40]=Oop [48]=Oop [56]=Oop [144]=Oop }
                      ;*if_icmpne {reexecute=1 rethrow=0 return_oop=0}
                      ; - (reexecute) java.lang.ClassLoader::checkName@30 (line 1157)
                      ; - java.lang.ClassLoader::preDefineClass@1 (line 900)
                      ; - java.lang.ClassLoader::defineClass@4 (line 1025)
                      ; - java.security.SecureClassLoader::defineClass@12 (line 150)
  0x000002491b6a0654: a83f 9bff 

  0x000002491b6a0658: ;   {other}
  0x000002491b6a0658: 0f1f 8400 | c835 004c | ba45 ffff | ff8b e94c | 8b54 2428 | 4c89 5424 | 2048 895c | 2450 6690 
  0x000002491b6a0678: ;   {runtime_call UncommonTrapBlob}
  0x000002491b6a0678: c5f8 77e8 

  0x000002491b6a067c: ; ImmutableOopMap {[32]=Oop [48]=Oop [56]=Oop [80]=Oop [96]=NarrowOop [144]=Oop }
                      ;*if_icmpne {reexecute=1 rethrow=0 return_oop=0}
                      ; - (reexecute) java.lang.ClassLoader::checkCerts@9 (line 1164)
                      ; - java.lang.ClassLoader::preDefineClass@113 (line 917)
                      ; - java.lang.ClassLoader::defineClass@4 (line 1025)
                      ; - java.security.SecureClassLoader::defineClass@12 (line 150)
  0x000002491b6a067c: 803f 9bff 

  0x000002491b6a0680: ;   {other}
  0x000002491b6a0680: 0f1f 8400 | f035 004d | ba45 ffff | ff89 4c24 | 2089 4c24 | 2448 895c | 2450 4489 | 4424 7044 
  0x000002491b6a06a0: 8944 2474 

  0x000002491b6a06a4: ;   {runtime_call UncommonTrapBlob}
  0x000002491b6a06a4: c5f8 77e8 

  0x000002491b6a06a8: ; ImmutableOopMap {[40]=Oop [48]=Oop [56]=Oop [80]=Oop [96]=NarrowOop [144]=Oop }
                      ;*if_icmple {reexecute=1 rethrow=0 return_oop=0}
                      ; - (reexecute) jdk.internal.util.Preconditions::checkFromToIndex@11 (line 348)
                      ; - java.lang.String::checkBoundsBeginEnd@6 (line 4865)
                      ; - java.lang.String::substring@8 (line 2834)
                      ; - java.lang.ClassLoader::checkCerts@21 (line 1164)
                      ; - java.lang.ClassLoader::preDefineClass@113 (line 917)
                      ; - java.lang.ClassLoader::defineClass@4 (line 1025)
                      ; - java.security.SecureClassLoader::defineClass@12 (line 150)
  0x000002491b6a06a8: 543f 9bff 

  0x000002491b6a06ac: ;   {other}
  0x000002491b6a06ac: 0f1f 8400 | 1c36 004e | ba45 ffff | ff4c 8b54 | 2428 4c89 | 5424 2048 | 895c 2450 | 4889 7424 
  0x000002491b6a06cc: 5866 6690 

  0x000002491b6a06d0: ;   {runtime_call UncommonTrapBlob}
  0x000002491b6a06d0: c5f8 77e8 

  0x000002491b6a06d4: ; ImmutableOopMap {rbp=NarrowOop [32]=Oop [48]=Oop [56]=Oop [80]=Oop [88]=Oop [96]=NarrowOop [144]=Oop }
                      ;*ifnull {reexecute=1 rethrow=0 return_oop=0}
                      ; - (reexecute) java.security.CodeSource::getCertificates@4 (line 204)
                      ; - java.lang.ClassLoader::checkCerts@34 (line 1168)
                      ; - java.lang.ClassLoader::preDefineClass@113 (line 917)
                      ; - java.lang.ClassLoader::defineClass@4 (line 1025)
                      ; - java.security.SecureClassLoader::defineClass@12 (line 150)
  0x000002491b6a06d4: 283f 9bff 

  0x000002491b6a06d8: ;   {other}
  0x000002491b6a06d8: 0f1f 8400 | 4836 004f | ba45 ffff | ff4c 8b54 | 2428 4c89 | 5424 2048 | 895c 2450 | 4889 7424 
  0x000002491b6a06f8: 5866 6690 

  0x000002491b6a06fc: ;   {runtime_call UncommonTrapBlob}
  0x000002491b6a06fc: c5f8 77e8 

  0x000002491b6a0700: ; ImmutableOopMap {rbp=NarrowOop [32]=Oop [48]=Oop [56]=Oop [80]=Oop [88]=Oop [96]=NarrowOop [144]=Oop }
                      ;*ifnull {reexecute=1 rethrow=0 return_oop=0}
                      ; - (reexecute) java.security.CodeSource::getCertificates@22 (line 207)
                      ; - java.lang.ClassLoader::checkCerts@34 (line 1168)
                      ; - java.lang.ClassLoader::preDefineClass@113 (line 917)
                      ; - java.lang.ClassLoader::defineClass@4 (line 1025)
                      ; - java.security.SecureClassLoader::defineClass@12 (line 150)
  0x000002491b6a0700: fc3e 9bff 

  0x000002491b6a0704: ;   {other}
  0x000002491b6a0704: 0f1f 8400 | 7436 0050 | ba45 ffff | ff48 8b6c | 2428 4c8b | 5424 304c | 8954 2420 | 4c8b 5424 
  0x000002491b6a0724: 384c 8954 | 2428 448b | 5c24 4044 | 895c 2430 | 8974 2440 

  0x000002491b6a0738: ;   {runtime_call UncommonTrapBlob}
  0x000002491b6a0738: c5f8 77e8 

  0x000002491b6a073c: ; ImmutableOopMap {rbp=Oop [32]=Oop [40]=Oop [64]=NarrowOop [144]=Oop }
                      ;*ifnull {reexecute=1 rethrow=0 return_oop=0}
                      ; - (reexecute) java.lang.ClassLoader::defineClassSourceLocation@15 (line 926)
                      ; - java.lang.ClassLoader::defineClass@12 (line 1026)
                      ; - java.security.SecureClassLoader::defineClass@12 (line 150)
  0x000002491b6a073c: c03e 9bff 

  0x000002491b6a0740: ;   {other}
  0x000002491b6a0740: 0f1f 8400 | b036 0051 | ba45 ffff | ff48 8b6c | 2428 4c8b | 5c24 304c | 895c 2420 | 4c8b 5c24 
  0x000002491b6a0760: 384c 895c | 2428 448b | 4424 4044 | 8944 2430 | 448b 5c24 | 4444 895c | 2434 8974 | 2440 4889 
  0x000002491b6a0780: 5c24 5048 | 895c 2458 | 4489 4c24 | 4444 8954 | 2468 6690 

  0x000002491b6a0794: ;   {runtime_call UncommonTrapBlob}
  0x000002491b6a0794: c5f8 77e8 

  0x000002491b6a0798: ; ImmutableOopMap {rbp=Oop [32]=Oop [40]=Oop [64]=NarrowOop [80]=Oop [88]=Oop [144]=Oop }
                      ;*if_icmpeq {reexecute=1 rethrow=0 return_oop=0}
                      ; - (reexecute) java.lang.AbstractStringBuilder::inflateIfNeededFor@14 (line 1733)
                      ; - java.lang.AbstractStringBuilder::putStringAt@2 (line 1750)
                      ; - java.lang.AbstractStringBuilder::append@30 (line 588)
                      ; - java.lang.StringBuilder::append@2 (line 179)
                      ; - java.net.URLStreamHandler::toExternalForm@59 (line 483)
                      ; - java.net.URL::toExternalForm@5 (line 1203)
                      ; - java.net.URL::toString@1 (line 1189)
                      ; - java.lang.ClassLoader::defineClassSourceLocation@22 (line 927)
                      ; - java.lang.ClassLoader::defineClass@12 (line 1026)
                      ; - java.security.SecureClassLoader::defineClass@12 (line 150)
  0x000002491b6a0798: 643e 9bff 

  0x000002491b6a079c: ;   {other}
  0x000002491b6a079c: 0f1f 8400 | 0c37 0052 | ba45 ffff | ff48 8b6c | 2428 4c8b | 5424 304c | 8954 2420 | 4c8b 5424 
  0x000002491b6a07bc: 384c 8954 | 2428 448b | 5424 4044 | 8954 2430 | 448b 4424 | 4444 8944 | 2434 8974 | 2440 4889 
  0x000002491b6a07dc: 5c24 5089 | 7c24 4448 | 895c 2458 | 4489 4c24 | 6089 4424 | 6489 4c24 | 7044 895c | 2474 6690 
  0x000002491b6a07fc: ;   {runtime_call UncommonTrapBlob}
  0x000002491b6a07fc: c5f8 77e8 

  0x000002491b6a0800: ; ImmutableOopMap {rbp=Oop [32]=Oop [40]=Oop [64]=NarrowOop [80]=Oop [88]=Oop [100]=NarrowOop [144]=Oop }
                      ;*if_icmpeq {reexecute=1 rethrow=0 return_oop=0}
                      ; - (reexecute) java.lang.AbstractStringBuilder::inflateIfNeededFor@14 (line 1733)
                      ; - java.lang.AbstractStringBuilder::putStringAt@2 (line 1750)
                      ; - java.lang.AbstractStringBuilder::append@30 (line 588)
                      ; - java.lang.StringBuilder::append@2 (line 179)
                      ; - java.net.URLStreamHandler::toExternalForm@77 (line 484)
                      ; - java.net.URL::toExternalForm@5 (line 1203)
                      ; - java.net.URL::toString@1 (line 1189)
                      ; - java.lang.ClassLoader::defineClassSourceLocation@22 (line 927)
                      ; - java.lang.ClassLoader::defineClass@12 (line 1026)
                      ; - java.security.SecureClassLoader::defineClass@12 (line 150)
  0x000002491b6a0800: fc3d 9bff 

  0x000002491b6a0804: ;   {other}
  0x000002491b6a0804: 0f1f 8400 | 7437 0053 | ba45 ffff | ff4c 8b54 | 2428 4c89 | 5424 204c | 8b54 2430 | 4c89 5424 
  0x000002491b6a0824: 284c 8b54 | 2438 4c89 | 5424 3044 | 8b54 2440 | 4489 5424 | 3844 8b5c | 2444 4489 | 5c24 3c89 
  0x000002491b6a0844: 7424 4848 | 895c 2450 

  0x000002491b6a084c: ;   {runtime_call UncommonTrapBlob}
  0x000002491b6a084c: c5f8 77e8 

  0x000002491b6a0850: ; ImmutableOopMap {rbp=NarrowOop [32]=Oop [40]=Oop [48]=Oop [72]=NarrowOop [80]=Oop [144]=Oop }
                      ;*ifnull {reexecute=1 rethrow=0 return_oop=0}
                      ; - (reexecute) java.net.URLStreamHandler::toExternalForm@86 (line 485)
                      ; - java.net.URL::toExternalForm@5 (line 1203)
                      ; - java.net.URL::toString@1 (line 1189)
                      ; - java.lang.ClassLoader::defineClassSourceLocation@22 (line 927)
                      ; - java.lang.ClassLoader::defineClass@12 (line 1026)
                      ; - java.security.SecureClassLoader::defineClass@12 (line 150)
  0x000002491b6a0850: ac3d 9bff 

  0x000002491b6a0854: ;   {other}
  0x000002491b6a0854: 0f1f 8400 | c437 0054 | ba45 ffff | ff48 8b6c | 2428 4c8b | 4424 304c | 8944 2420 | 4c8b 4424 
  0x000002491b6a0874: 384c 8944 | 2428 448b | 4424 4044 | 8944 2430 | 448b 4c24 | 4444 894c | 2434 8974 | 2440 4889 
  0x000002491b6a0894: 5c24 5048 | 895c 2458 | 4489 5c24 | 4444 8954 | 2468 6690 

  0x000002491b6a08a8: ;   {runtime_call UncommonTrapBlob}
  0x000002491b6a08a8: c5f8 77e8 

  0x000002491b6a08ac: ; ImmutableOopMap {rbp=Oop [32]=Oop [40]=Oop [64]=NarrowOop [80]=Oop [88]=Oop [144]=Oop }
                      ;*if_icmpeq {reexecute=1 rethrow=0 return_oop=0}
                      ; - (reexecute) java.lang.AbstractStringBuilder::inflateIfNeededFor@14 (line 1733)
                      ; - java.lang.AbstractStringBuilder::putStringAt@2 (line 1750)
                      ; - java.lang.AbstractStringBuilder::append@30 (line 588)
                      ; - java.lang.StringBuilder::append@2 (line 179)
                      ; - java.net.URLStreamHandler::toExternalForm@113 (line 485)
                      ; - java.net.URL::toExternalForm@5 (line 1203)
                      ; - java.net.URL::toString@1 (line 1189)
                      ; - java.lang.ClassLoader::defineClassSourceLocation@22 (line 927)
                      ; - java.lang.ClassLoader::defineClass@12 (line 1026)
                      ; - java.security.SecureClassLoader::defineClass@12 (line 150)
  0x000002491b6a08ac: 503d 9bff 

  0x000002491b6a08b0: ;   {other}
  0x000002491b6a08b0: 0f1f 8400 | 2038 0055 | ba45 ffff | ff4c 8b54 | 2428 4c89 | 5424 204c | 8b54 2430 | 4c89 5424 
  0x000002491b6a08d0: 284c 8b54 | 2438 4c89 | 5424 3044 | 8b54 2440 | 4489 5424 | 3844 8b5c | 2444 4489 | 5c24 3c48 
  0x000002491b6a08f0: 895c 2448 

  0x000002491b6a08f4: ;   {runtime_call UncommonTrapBlob}
  0x000002491b6a08f4: c5f8 77e8 

  0x000002491b6a08f8: ; ImmutableOopMap {rbp=NarrowOop [32]=Oop [40]=Oop [48]=Oop [72]=Oop [144]=Oop }
                      ;*ifnull {reexecute=1 rethrow=0 return_oop=0}
                      ; - (reexecute) java.net.URLStreamHandler::toExternalForm@122 (line 486)
                      ; - java.net.URL::toExternalForm@5 (line 1203)
                      ; - java.net.URL::toString@1 (line 1189)
                      ; - java.lang.ClassLoader::defineClassSourceLocation@22 (line 927)
                      ; - java.lang.ClassLoader::defineClass@12 (line 1026)
                      ; - java.security.SecureClassLoader::defineClass@12 (line 150)
  0x000002491b6a08f8: 043d 9bff 

  0x000002491b6a08fc: ;   {other}
  0x000002491b6a08fc: 0f1f 8400 | 6c38 0056 | ba45 ffff | ff4c 8b54 | 2428 4c89 | 5424 204c | 8b54 2430 | 4c89 5424 
  0x000002491b6a091c: 284c 8b54 | 2438 4c89 | 5424 3044 | 8b5c 2440 | 4489 5c24 | 3844 8b54 | 2444 4489 | 5424 3c48 
  0x000002491b6a093c: 895c 2450 | 4889 5c24 | 5844 8944 | 2460 6690 

  0x000002491b6a094c: ;   {runtime_call UncommonTrapBlob}
  0x000002491b6a094c: c5f8 77e8 

  0x000002491b6a0950: ; ImmutableOopMap {[32]=Oop [40]=Oop [48]=Oop [80]=Oop [88]=Oop [144]=Oop }
                      ;*if_icmpeq {reexecute=1 rethrow=0 return_oop=0}
                      ; - (reexecute) java.lang.AbstractStringBuilder::inflateIfNeededFor@14 (line 1733)
                      ; - java.lang.AbstractStringBuilder::putStringAt@2 (line 1750)
                      ; - java.lang.AbstractStringBuilder::append@30 (line 588)
                      ; - java.lang.StringBuilder::append@2 (line 179)
                      ; - java.net.URLStreamHandler::toExternalForm@149 (line 486)
                      ; - java.net.URL::toExternalForm@5 (line 1203)
                      ; - java.net.URL::toString@1 (line 1189)
                      ; - java.lang.ClassLoader::defineClassSourceLocation@22 (line 927)
                      ; - java.lang.ClassLoader::defineClass@12 (line 1026)
                      ; - java.security.SecureClassLoader::defineClass@12 (line 150)
  0x000002491b6a0950: ac3c 9bff 

  0x000002491b6a0954: ;   {other}
  0x000002491b6a0954: 0f1f 8400 | c438 0057 | ba45 ffff | ff48 8b6c | 2428 488b | 4c24 3048 | 894c 2420 | 488b 4c24 
  0x000002491b6a0974: 3848 894c | 2428 8b4c | 2440 894c | 2430 8b44 | 2444 8944 | 2434 8974 | 2440 4889 | 5c24 5089 
  0x000002491b6a0994: 7c24 4448 | 895c 2458 | 4489 4424 | 6044 894c | 2464 4489 | 5424 7044 | 895c 2474 

  0x000002491b6a09b0: ;   {runtime_call UncommonTrapBlob}
  0x000002491b6a09b0: c5f8 77e8 

  0x000002491b6a09b4: ; ImmutableOopMap {rbp=Oop [32]=Oop [40]=Oop [64]=NarrowOop [80]=Oop [88]=Oop [100]=NarrowOop [144]=Oop }
                      ;*if_icmpeq {reexecute=1 rethrow=0 return_oop=0}
                      ; - (reexecute) java.lang.AbstractStringBuilder::inflateIfNeededFor@14 (line 1733)
                      ; - java.lang.AbstractStringBuilder::putStringAt@2 (line 1750)
                      ; - java.lang.AbstractStringBuilder::append@30 (line 588)
                      ; - java.lang.StringBuilder::append@2 (line 179)
                      ; - java.net.URLStreamHandler::toExternalForm@11 (line 480)
                      ; - java.net.URL::toExternalForm@5 (line 1203)
                      ; - java.net.URL::toString@1 (line 1189)
                      ; - java.lang.ClassLoader::defineClassSourceLocation@22 (line 927)
                      ; - java.lang.ClassLoader::defineClass@12 (line 1026)
                      ; - java.security.SecureClassLoader::defineClass@12 (line 150)
  0x000002491b6a09b4: 483c 9bff 

  0x000002491b6a09b8: ;   {other}
  0x000002491b6a09b8: 0f1f 8400 | 2839 0058 | ba45 ffff | ff4c 8b54 | 2428 4c89 | 5424 2090 

  0x000002491b6a09d0: ;   {runtime_call UncommonTrapBlob}
  0x000002491b6a09d0: c5f8 77e8 

  0x000002491b6a09d4: ; ImmutableOopMap {[32]=Oop [48]=Oop [56]=Oop [144]=Oop }
                      ;*ifne {reexecute=1 rethrow=0 return_oop=0}
                      ; - (reexecute) java.lang.ClassLoader::compareCerts@7 (line 1186)
                      ; - java.lang.ClassLoader::checkCerts@80 (line 1172)
                      ; - java.lang.ClassLoader::preDefineClass@113 (line 917)
                      ; - java.lang.ClassLoader::defineClass@4 (line 1025)
                      ; - java.security.SecureClassLoader::defineClass@12 (line 150)
  0x000002491b6a09d4: 283c 9bff 

  0x000002491b6a09d8: ;   {other}
  0x000002491b6a09d8: 0f1f 8400 | 4839 0059 | ba45 ffff | ff48 8b6c | 2438 4c89 | 4c24 4044 | 8944 2448 | 4489 5c24 
  0x000002491b6a09f8: 4c66 6690 

  0x000002491b6a09fc: ;   {runtime_call UncommonTrapBlob}
  0x000002491b6a09fc: c5f8 77e8 

  0x000002491b6a0a00: ; ImmutableOopMap {rbp=Oop [40]=Oop [64]=Oop [72]=NarrowOop [144]=Oop }
                      ;*ifle {reexecute=1 rethrow=0 return_oop=0}
                      ; - (reexecute) java.util.concurrent.ConcurrentHashMap::get@23 (line 937)
                      ; - java.lang.ClassLoader::getNamedPackage@5 (line 341)
                      ; - java.lang.ClassLoader::postDefineClass@9 (line 934)
                      ; - java.lang.ClassLoader::defineClass@37 (line 1028)
                      ; - java.security.SecureClassLoader::defineClass@12 (line 150)
  0x000002491b6a0a00: fc3b 9bff 

  0x000002491b6a0a04: ;   {other}
  0x000002491b6a0a04: 0f1f 8400 | 7439 005a | bade ffff | ff66 6690 

  0x000002491b6a0a14: ;   {runtime_call UncommonTrapBlob}
  0x000002491b6a0a14: c5f8 77e8 

  0x000002491b6a0a18: ; ImmutableOopMap {rbp=NarrowOop }
                      ;*checkcast {reexecute=0 rethrow=0 return_oop=0}
                      ; - java.lang.ClassLoader::getNamedPackage@8 (line 341)
                      ; - java.lang.ClassLoader::postDefineClass@9 (line 934)
                      ; - java.lang.ClassLoader::defineClass@37 (line 1028)
                      ; - java.security.SecureClassLoader::defineClass@12 (line 150)
  0x000002491b6a0a18: e43b 9bff 

  0x000002491b6a0a1c: ;   {other}
  0x000002491b6a0a1c: 0f1f 8400 | 8c39 005b | 498b d7c5 | f877 49ba | d0ed 0d32 | fa7f 0000 

  0x000002491b6a0a34: ;   {other}
  0x000002491b6a0a34: 41ff d20f | 1f84 0000 | 0000 00e9 | 49d4 ffff | ba76 ffff | ff8b e989 | 5c24 244c | 8b54 2438 
  0x000002491b6a0a54: 4c89 5424 | 304c 8944 | 2458 6690 

  0x000002491b6a0a60: ;   {runtime_call UncommonTrapBlob}
  0x000002491b6a0a60: c5f8 77e8 

  0x000002491b6a0a64: ; ImmutableOopMap {rbp=NarrowOop [40]=Oop [48]=Oop [88]=Oop [144]=Oop }
                      ;*iflt {reexecute=1 rethrow=0 return_oop=0}
                      ; - (reexecute) java.lang.StringLatin1::lastIndexOf@19 (line 285)
                      ; - java.lang.String::lastIndexOf@13 (line 2573)
                      ; - java.lang.String::lastIndexOf@8 (line 2535)
                      ; - java.lang.Class::getPackageName@47 (line 1168)
                      ; - java.lang.ClassLoader::postDefineClass@2 (line 934)
                      ; - java.lang.ClassLoader::defineClass@37 (line 1028)
                      ; - java.security.SecureClassLoader::defineClass@12 (line 150)
  0x000002491b6a0a64: 983b 9bff 

  0x000002491b6a0a68: ;   {other}
  0x000002491b6a0a68: 0f1f 8400 | d839 005c | ba45 ffff | ff48 8944 | 2430 6690 

  0x000002491b6a0a7c: ;   {runtime_call UncommonTrapBlob}
  0x000002491b6a0a7c: c5f8 77e8 

  0x000002491b6a0a80: ; ImmutableOopMap {[40]=Oop [48]=Oop [56]=Oop [144]=Oop }
                      ;*ifeq {reexecute=1 rethrow=0 return_oop=0}
                      ; - (reexecute) java.lang.Class::getPackageName@13 (line 1163)
                      ; - java.lang.ClassLoader::postDefineClass@2 (line 934)
                      ; - java.lang.ClassLoader::defineClass@37 (line 1028)
                      ; - java.security.SecureClassLoader::defineClass@12 (line 150)
  0x000002491b6a0a80: 7c3b 9bff 

  0x000002491b6a0a84: ;   {other}
  0x000002491b6a0a84: 0f1f 8400 | f439 005d | ba6e ffff | ff8b e989 | 5c24 244c | 8b54 2438 | 4c89 5424 | 304c 8944 
  0x000002491b6a0aa4: 2458 6690 

  0x000002491b6a0aa8: ;   {runtime_call UncommonTrapBlob}
  0x000002491b6a0aa8: c5f8 77e8 

  0x000002491b6a0aac: ; ImmutableOopMap {rbp=NarrowOop [40]=Oop [48]=Oop [88]=Oop [144]=Oop }
                      ;*iflt {reexecute=1 rethrow=0 return_oop=0}
                      ; - (reexecute) java.lang.StringLatin1::lastIndexOf@19 (line 285)
                      ; - java.lang.String::lastIndexOf@13 (line 2573)
                      ; - java.lang.String::lastIndexOf@8 (line 2535)
                      ; - java.lang.Class::getPackageName@47 (line 1168)
                      ; - java.lang.ClassLoader::postDefineClass@2 (line 934)
                      ; - java.lang.ClassLoader::defineClass@37 (line 1028)
                      ; - java.security.SecureClassLoader::defineClass@12 (line 150)
  0x000002491b6a0aac: 503b 9bff 

  0x000002491b6a0ab0: ;   {other}
  0x000002491b6a0ab0: 0f1f 8400 | 203a 005e | ba45 ffff | ff48 8b6c | 2428 4c8b | 4424 304c | 8944 2420 | 4c8b 4424 
  0x000002491b6a0ad0: 384c 8944 | 2428 448b | 4424 4044 | 8944 2430 | 448b 4c24 | 4444 894c | 2434 4c89 | 6c24 4844 
  0x000002491b6a0af0: 895c 2450 | 4489 5424 | 5844 8954 | 245c 6690 

  0x000002491b6a0b00: ;   {runtime_call UncommonTrapBlob}
  0x000002491b6a0b00: c5f8 77e8 

  0x000002491b6a0b04: ; ImmutableOopMap {rbp=Oop [32]=Oop [40]=Oop [72]=Oop [80]=NarrowOop [144]=Oop }
                      ;*if_icmpge {reexecute=1 rethrow=0 return_oop=0}
                      ; - (reexecute) java.util.Arrays::checkLength@2 (line 3820)
                      ; - java.util.Arrays::copyOfRangeByte@2 (line 3861)
                      ; - java.util.Arrays::copyOfRange@13 (line 3854)
                      ; - java.lang.String::<init>@32 (line 4788)
                      ; - java.lang.String::<init>@3 (line 1507)
                      ; - java.lang.StringBuilder::toString@5 (line 475)
                      ; - java.net.URLStreamHandler::toExternalForm@152 (line 486)
                      ; - java.net.URL::toExternalForm@5 (line 1203)
                      ; - java.net.URL::toString@1 (line 1189)
                      ; - java.lang.ClassLoader::defineClassSourceLocation@22 (line 927)
                      ; - java.lang.ClassLoader::defineClass@12 (line 1026)
                      ; - java.security.SecureClassLoader::defineClass@12 (line 150)
  0x000002491b6a0b04: f83a 9bff 

  0x000002491b6a0b08: ;   {other}
  0x000002491b6a0b08: 0f1f 8400 | 783a 005f | 498b d7c5 | f877 49ba | d0ed 0d32 | fa7f 0000 

  0x000002491b6a0b20: ;   {other}
  0x000002491b6a0b20: 41ff d20f | 1f84 0000 | 0000 00e9 | 63de ffff | 498b d7c5 | f877 49ba | d0ed 0d32 | fa7f 0000 
  0x000002491b6a0b40: ;   {other}
  0x000002491b6a0b40: 41ff d20f | 1f84 0000 | 0000 00e9 | fedd ffff | ba45 ffff | ff4c 8b54 | 2438 4c89 | 5424 3044 
  0x000002491b6a0b60: 895c 2438 

  0x000002491b6a0b64: ;   {runtime_call UncommonTrapBlob}
  0x000002491b6a0b64: c5f8 77e8 

  0x000002491b6a0b68: ; ImmutableOopMap {rbp=NarrowOop [40]=Oop [48]=Oop [56]=NarrowOop }
                      ;*ifnull {reexecute=1 rethrow=0 return_oop=0}
                      ; - (reexecute) java.security.CodeSource::getCertificates@4 (line 204)
                      ; - java.lang.ClassLoader::postDefineClass@24 (line 937)
                      ; - java.lang.ClassLoader::defineClass@37 (line 1028)
                      ; - java.security.SecureClassLoader::defineClass@12 (line 150)
  0x000002491b6a0b68: 943a 9bff 

  0x000002491b6a0b6c: ;   {other}
  0x000002491b6a0b6c: 0f1f 8400 | dc3a 0060 | ba45 ffff | ff4c 8b54 | 2438 4c89 | 5424 3044 | 895c 2438 

  0x000002491b6a0b88: ;   {runtime_call UncommonTrapBlob}
  0x000002491b6a0b88: c5f8 77e8 

  0x000002491b6a0b8c: ; ImmutableOopMap {rbp=NarrowOop [40]=Oop [48]=Oop [56]=NarrowOop }
                      ;*ifnull {reexecute=1 rethrow=0 return_oop=0}
                      ; - (reexecute) java.security.CodeSource::getCertificates@22 (line 207)
                      ; - java.lang.ClassLoader::postDefineClass@24 (line 937)
                      ; - java.lang.ClassLoader::defineClass@37 (line 1028)
                      ; - java.security.SecureClassLoader::defineClass@12 (line 150)
  0x000002491b6a0b8c: 703a 9bff 

  0x000002491b6a0b90: ;   {other}
  0x000002491b6a0b90: 0f1f 8400 | 003b 0061 | bae4 ffff | ff44 8954 | 2420 448b | 5424 4044 | 8954 2424 

  0x000002491b6a0bac: ;   {runtime_call UncommonTrapBlob}
  0x000002491b6a0bac: c5f8 77e8 

  0x000002491b6a0bb0: ; ImmutableOopMap {[32]=NarrowOop [40]=Oop [48]=Oop [56]=Oop [144]=Oop }
                      ;*baload {reexecute=0 rethrow=0 return_oop=0}
                      ; - jdk.internal.util.ArraysSupport::mismatch@82 (line 402)
                      ; - java.lang.String::startsWith@70 (line 2297)
                      ; - java.lang.String::startsWith@3 (line 2327)
                      ; - java.lang.ClassLoader::preDefineClass@43 (line 906)
                      ; - java.lang.ClassLoader::defineClass@4 (line 1025)
                      ; - java.security.SecureClassLoader::defineClass@12 (line 150)
  0x000002491b6a0bb0: 4c3a 9bff 

  0x000002491b6a0bb4: ;   {other}
  0x000002491b6a0bb4: 0f1f 8400 | 243b 0062 | 4d63 cae9 | 2bcf ffff | 4983 c1fe | 498b c948 | 8bfa 4833 | c048 83f9 
  0x000002491b6a0bd4: 087f 1048 | ffc9 784f | 4889 04cf | 48ff c97d | f7eb 44c5 | fdef c0e9 | 0d00 0000 | c5fe 7f07 
  0x000002491b6a0bf4: c5fe 7f47 | 2048 83c7 | 4048 83e9 | 087d ed48 | 83c1 047c | 0cc5 fe7f | 0748 83c7 | 2048 83e9 
  0x000002491b6a0c14: 0448 83c1 | 047e 1048 | ffc9 c5f9 | d607 4883 | c708 48ff | c97d f3e9 | 7ecf ffff | bacc ffff 
  0x000002491b6a0c34: ff8b e944 | 8954 2424 | 4c8b 5424 | 384c 8954 | 2430 4889 | 5c24 6090 

  0x000002491b6a0c4c: ;   {runtime_call UncommonTrapBlob}
  0x000002491b6a0c4c: c5f8 77e8 

  0x000002491b6a0c50: ; ImmutableOopMap {rbp=NarrowOop [40]=Oop [48]=Oop [96]=Oop [144]=Oop }
                      ;*newarray {reexecute=1 rethrow=0 return_oop=0}
                      ; - (reexecute) java.util.Arrays::copyOfRangeByte@10 (line 3863)
                      ; - java.util.Arrays::copyOfRange@13 (line 3854)
                      ; - java.lang.StringLatin1::newString@16 (line 752)
                      ; - java.lang.String::substring@41 (line 2839)
                      ; - java.lang.Class::getPackageName@62 (line 1169)
                      ; - java.lang.ClassLoader::postDefineClass@2 (line 934)
                      ; - java.lang.ClassLoader::defineClass@37 (line 1028)
                      ; - java.security.SecureClassLoader::defineClass@12 (line 150)
  0x000002491b6a0c50: ac39 9bff 

  0x000002491b6a0c54: ;   {other}
  0x000002491b6a0c54: 0f1f 8400 | c43b 0063 | 85d2 448b | 4c24 2041 | 0f94 c1ba | 45ff ffff | 488b 6c24 | 384c 8944 
  0x000002491b6a0c74: 2450 4489 | 5c24 5844 | 894c 245c 

  0x000002491b6a0c80: ;   {runtime_call UncommonTrapBlob}
  0x000002491b6a0c80: c5f8 77e8 

  0x000002491b6a0c84: ; ImmutableOopMap {rbp=Oop [40]=Oop [80]=Oop [144]=Oop }
                      ;*ifeq {reexecute=1 rethrow=0 return_oop=0}
                      ; - (reexecute) java.lang.String::lastIndexOf@4 (line 2573)
                      ; - java.lang.String::lastIndexOf@8 (line 2535)
                      ; - java.lang.Class::getPackageName@47 (line 1168)
                      ; - java.lang.ClassLoader::postDefineClass@2 (line 934)
                      ; - java.lang.ClassLoader::defineClass@37 (line 1028)
                      ; - java.security.SecureClassLoader::defineClass@12 (line 150)
  0x000002491b6a0c84: 7839 9bff 

  0x000002491b6a0c88: ;   {other}
  0x000002491b6a0c88: 0f1f 8400 | f83b 0064 | ba45 ffff | ff44 8954 | 2420 4489 | 5424 244c | 8b54 2438 | 4c89 5424 
  0x000002491b6a0ca8: 304c 8944 | 2458 4489 | 4c24 6490 

  0x000002491b6a0cb4: ;   {runtime_call UncommonTrapBlob}
  0x000002491b6a0cb4: c5f8 77e8 

  0x000002491b6a0cb8: ; ImmutableOopMap {[40]=Oop [48]=Oop [88]=Oop [144]=Oop }
                      ;*if_icmpgt {reexecute=1 rethrow=0 return_oop=0}
                      ; - (reexecute) jdk.internal.util.Preconditions::checkFromToIndex@6 (line 348)
                      ; - java.lang.String::checkBoundsBeginEnd@6 (line 4865)
                      ; - java.lang.String::substring@8 (line 2834)
                      ; - java.lang.Class::getPackageName@62 (line 1169)
                      ; - java.lang.ClassLoader::postDefineClass@2 (line 934)
                      ; - java.lang.ClassLoader::defineClass@37 (line 1028)
                      ; - java.security.SecureClassLoader::defineClass@12 (line 150)
  0x000002491b6a0cb8: 4439 9bff 

  0x000002491b6a0cbc: ;   {other}
  0x000002491b6a0cbc: 0f1f 8400 | 2c3c 0065 | 498b d7c5 | f877 49ba | d0ed 0d32 | fa7f 0000 

  0x000002491b6a0cd4: ;   {other}
  0x000002491b6a0cd4: 41ff d20f | 1f84 0000 | 0000 00e9 | 2ecf ffff | ba45 ffff | ff41 8bea | 4c8b 5424 | 384c 8954 
  0x000002491b6a0cf4: 2430 6690 

  0x000002491b6a0cf8: ;   {runtime_call UncommonTrapBlob}
  0x000002491b6a0cf8: c5f8 77e8 

  0x000002491b6a0cfc: ; ImmutableOopMap {[40]=Oop [48]=Oop [56]=Oop [144]=Oop }
                      ;*if_icmpeq {reexecute=1 rethrow=0 return_oop=0}
                      ; - (reexecute) java.lang.Class::getPackageName@55 (line 1169)
                      ; - java.lang.ClassLoader::postDefineClass@2 (line 934)
                      ; - java.lang.ClassLoader::defineClass@37 (line 1028)
                      ; - java.security.SecureClassLoader::defineClass@12 (line 150)
  0x000002491b6a0cfc: 0039 9bff 

  0x000002491b6a0d00: ;   {other}
  0x000002491b6a0d00: 0f1f 8400 | 703c 0066 | ba45 ffff | ff44 8954 | 2420 4489 | 5424 244c | 8b54 2438 | 4c89 5424 
  0x000002491b6a0d20: 304c 8944 | 2458 4489 | 4c24 6444 | 894c 2468 

  0x000002491b6a0d30: ;   {runtime_call UncommonTrapBlob}
  0x000002491b6a0d30: c5f8 77e8 

  0x000002491b6a0d34: ; ImmutableOopMap {[40]=Oop [48]=Oop [88]=Oop [144]=Oop }
                      ;*if_icmple {reexecute=1 rethrow=0 return_oop=0}
                      ; - (reexecute) jdk.internal.util.Preconditions::checkFromToIndex@11 (line 348)
                      ; - java.lang.String::checkBoundsBeginEnd@6 (line 4865)
                      ; - java.lang.String::substring@8 (line 2834)
                      ; - java.lang.Class::getPackageName@62 (line 1169)
                      ; - java.lang.ClassLoader::postDefineClass@2 (line 934)
                      ; - java.lang.ClassLoader::defineClass@37 (line 1028)
                      ; - java.security.SecureClassLoader::defineClass@12 (line 150)
  0x000002491b6a0d34: c838 9bff 

  0x000002491b6a0d38: ;   {other}
  0x000002491b6a0d38: 0f1f 8400 | a83c 0067 | 498b d7c5 | f877 49ba | d0ed 0d32 | fa7f 0000 

  0x000002491b6a0d50: ;   {other}
  0x000002491b6a0d50: 41ff d20f | 1f84 0000 | 0000 00e9 | 59ce ffff | ba45 ffff | ff4c 8b5c | 2438 4c89 | 5c24 3044 
  0x000002491b6a0d70: 8944 2450 | 4c89 4c24 | 5844 8954 | 2454 894c | 2460 6690 

  0x000002491b6a0d84: ;   {runtime_call UncommonTrapBlob}
  0x000002491b6a0d84: c5f8 77e8 

  0x000002491b6a0d88: ; ImmutableOopMap {[40]=Oop [48]=Oop [80]=NarrowOop [84]=NarrowOop [88]=Oop [144]=Oop }
                      ;*ifge {reexecute=1 rethrow=0 return_oop=0}
                      ; - (reexecute) java.util.concurrent.ConcurrentHashMap::get@86 (line 943)
                      ; - java.lang.ClassLoader::getNamedPackage@5 (line 341)
                      ; - java.lang.ClassLoader::postDefineClass@9 (line 934)
                      ; - java.lang.ClassLoader::defineClass@37 (line 1028)
                      ; - java.security.SecureClassLoader::defineClass@12 (line 150)
  0x000002491b6a0d88: 7438 9bff 

  0x000002491b6a0d8c: ;   {other}
  0x000002491b6a0d8c: 0f1f 8400 | fc3c 0068 | 4585 db44 | 8b5c 2420 | 410f 94c3 | ba45 ffff | ff48 8b6c | 2438 4489 
  0x000002491b6a0dac: 4424 4889 | 4c24 4c48 | 895c 2450 | 4889 5c24 | 5844 895c | 2460 6690 

  0x000002491b6a0dc4: ;   {runtime_call UncommonTrapBlob}
  0x000002491b6a0dc4: c5f8 77e8 

  0x000002491b6a0dc8: ; ImmutableOopMap {rbp=Oop [40]=Oop [72]=NarrowOop [76]=NarrowOop [80]=Oop [88]=Oop [144]=Oop }
                      ;*ifeq {reexecute=1 rethrow=0 return_oop=0}
                      ; - (reexecute) java.lang.String::hashCode@20 (line 2369)
                      ; - java.util.concurrent.ConcurrentHashMap::get@1 (line 936)
                      ; - java.lang.ClassLoader::getNamedPackage@5 (line 341)
                      ; - java.lang.ClassLoader::postDefineClass@9 (line 934)
                      ; - java.lang.ClassLoader::defineClass@37 (line 1028)
                      ; - java.security.SecureClassLoader::defineClass@12 (line 150)
  0x000002491b6a0dc8: 3438 9bff 

  0x000002491b6a0dcc: ;   {other}
  0x000002491b6a0dcc: 0f1f 8400 | 3c3d 0069 | ba45 ffff | ff4c 8b5c | 2438 4c89 | 5c24 3044 | 8944 2450 | 4c89 4c24 
  0x000002491b6a0dec: 5844 8954 | 2454 894c | 2460 6690 

  0x000002491b6a0df8: ;   {runtime_call UncommonTrapBlob}
  0x000002491b6a0df8: c5f8 77e8 

  0x000002491b6a0dfc: ; ImmutableOopMap {rbp=NarrowOop [40]=Oop [48]=Oop [80]=NarrowOop [84]=NarrowOop [88]=Oop [144]=Oop }
                      ;*ifnull {reexecute=1 rethrow=0 return_oop=0}
                      ; - (reexecute) java.util.concurrent.ConcurrentHashMap::get@67 (line 940)
                      ; - java.lang.ClassLoader::getNamedPackage@5 (line 341)
                      ; - java.lang.ClassLoader::postDefineClass@9 (line 934)
                      ; - java.lang.ClassLoader::defineClass@37 (line 1028)
                      ; - java.security.SecureClassLoader::defineClass@12 (line 150)
  0x000002491b6a0dfc: 0038 9bff 

  0x000002491b6a0e00: ;   {other}
  0x000002491b6a0e00: 0f1f 8400 | 703d 006a | 4c8b 6c24 | 4845 8b55 | 1445 85d2 | 0f84 aae9 | ffff 4d8b | 5f28 498b 
  0x000002491b6a0e20: ca4d 85db | 0f84 d201 | 0000 4d8b | 5738 4b89 | 4c1a f849 | 83c3 f84d | 895f 28e9 | 84e9 ffff 
  0x000002491b6a0e40: ba45 ffff | ff4c 8b54 | 2438 4c89 | 5424 3044 | 8944 2450 | 4c89 4c24 | 5848 897c | 2460 894c 
  0x000002491b6a0e60: 2454 6690 

  0x000002491b6a0e64: ;   {runtime_call UncommonTrapBlob}
  0x000002491b6a0e64: c5f8 77e8 

  0x000002491b6a0e68: ; ImmutableOopMap {rbp=NarrowOop [40]=Oop [48]=Oop [80]=NarrowOop [88]=Oop [96]=Oop [144]=Oop }
                      ;*ifnull {reexecute=1 rethrow=0 return_oop=0}
                      ; - (reexecute) java.util.concurrent.ConcurrentHashMap::get@143 (line 946)
                      ; - java.lang.ClassLoader::getNamedPackage@5 (line 341)
                      ; - java.lang.ClassLoader::postDefineClass@9 (line 934)
                      ; - java.lang.ClassLoader::defineClass@37 (line 1028)
                      ; - java.security.SecureClassLoader::defineClass@12 (line 150)
  0x000002491b6a0e68: 9437 9bff 

  0x000002491b6a0e6c: ;   {other}
  0x000002491b6a0e6c: 0f1f 8400 | dc3d 006b | ba45 ffff | ff89 4424 | 6066 6690 

  0x000002491b6a0e80: ;   {runtime_call UncommonTrapBlob}
  0x000002491b6a0e80: c5f8 77e8 

  0x000002491b6a0e84: ; ImmutableOopMap {rbp=Oop [32]=Oop [72]=Oop [80]=NarrowOop [88]=Oop [144]=Oop }
                      ;*ifeq {reexecute=1 rethrow=0 return_oop=0}
                      ; - (reexecute) java.util.concurrent.ConcurrentHashMap::get@152 (line 947)
                      ; - java.lang.ClassLoader::getNamedPackage@5 (line 341)
                      ; - java.lang.ClassLoader::postDefineClass@9 (line 934)
                      ; - java.lang.ClassLoader::defineClass@37 (line 1028)
                      ; - java.security.SecureClassLoader::defineClass@12 (line 150)
  0x000002491b6a0e84: 7837 9bff 

  0x000002491b6a0e88: ;   {other}
  0x000002491b6a0e88: 0f1f 8400 | f83d 006c | 498b d7c5 | f877 49ba | d0ed 0d32 | fa7f 0000 

  0x000002491b6a0ea0: ;   {other}
  0x000002491b6a0ea0: 41ff d20f | 1f84 0000 | 0000 00e9 | dddc ffff | 498b d7c5 | f877 49ba | d0ed 0d32 | fa7f 0000 
  0x000002491b6a0ec0: ;   {other}
  0x000002491b6a0ec0: 41ff d20f | 1f84 0000 | 0000 00e9 | 5fdd ffff | 498b d7c5 | f877 49ba | d0ed 0d32 | fa7f 0000 
  0x000002491b6a0ee0: ;   {other}
  0x000002491b6a0ee0: 41ff d20f | 1f84 0000 | 0000 00e9 | f7dd ffff | 498b d7c5 | f877 49ba | d0ed 0d32 | fa7f 0000 
  0x000002491b6a0f00: ;   {other}
  0x000002491b6a0f00: 41ff d20f | 1f84 0000 | 0000 00e9 | 8fde ffff | 498b d7c5 | f877 49ba | d0ed 0d32 | fa7f 0000 
  0x000002491b6a0f20: ;   {other}
  0x000002491b6a0f20: 41ff d20f | 1f84 0000 | 0000 00e9 | 05df ffff | 498b d7c5 | f877 49ba | d0ed 0d32 | fa7f 0000 
  0x000002491b6a0f40: ;   {other}
  0x000002491b6a0f40: 41ff d20f | 1f84 0000 | 0000 00e9 | 9bdf ffff | 4c8b 6c24 | 4845 8b5d | 1445 85db | 0f84 a9ef 
  0x000002491b6a0f60: ffff 4d8b | 5728 498b | cb4d 85d2 | 0f84 aa00 | 0000 4d8b | 5f38 4b89 | 4c13 f849 | 83c2 f84d 
  0x000002491b6a0f80: 8957 28e9 | 83ef ffff | 4d8b 5758 | 4d8b 5f48 | f083 4424 | c000 8039 | 000f 84a7 | efff ff44 
  0x000002491b6a0fa0: 8821 4d85 | db75 2049 | 8bd7 c5f8 | 7749 bab0 | ed0d 32fa | 7f00 0041 

  0x000002491b6a0fb8: ;   {other}
  0x000002491b6a0fb8: ffd2 0f1f | 8400 0000 | 0000 e97f | efff ff4b | 894c 1af8 | 4983 c3f8 | 4d89 5f48 | e96d efff 
  0x000002491b6a0fd8: ffba 3701 | 0000 488b | eb4c 8b54 | 2438 4c89 | 5424 2890 

  0x000002491b6a0fec: ;   {runtime_call UncommonTrapBlob}
  0x000002491b6a0fec: c5f8 77e8 

  0x000002491b6a0ff0: ; ImmutableOopMap {rbp=Oop [40]=Oop [48]=Oop }
                      ;*new {reexecute=0 rethrow=0 return_oop=0}
                      ; - java.lang.ClassLoader::preDefineClass@56 (line 908)
                      ; - java.lang.ClassLoader::defineClass@4 (line 1025)
                      ; - java.security.SecureClassLoader::defineClass@12 (line 150)
  0x000002491b6a0ff0: 0c36 9bff 

  0x000002491b6a0ff4: ;   {other}
  0x000002491b6a0ff4: 0f1f 8400 | 643f 006d | 498b d7c5 | f877 49ba | d0ed 0d32 | fa7f 0000 

  0x000002491b6a100c: ;   {other}
  0x000002491b6a100c: 41ff d20f | 1f84 0000 | 0000 00e9 | a8e7 ffff | 498b d7c5 | f877 49ba | d0ed 0d32 | fa7f 0000 
  0x000002491b6a102c: ;   {other}
  0x000002491b6a102c: 41ff d20f | 1f84 0000 | 0000 00e9 | cfee ffff | bade ffff | ff48 8b6c | 2428 4c8b | 5424 304c 
  0x000002491b6a104c: 8954 2420 | 4c8b 5424 | 384c 8954 | 2428 4889 | 4424 3890 

  0x000002491b6a1060: ;   {runtime_call UncommonTrapBlob}
  0x000002491b6a1060: c5f8 77e8 

  0x000002491b6a1064: ; ImmutableOopMap {rbp=Oop [32]=Oop [40]=Oop [56]=Oop }
                      ;*checkcast {reexecute=0 rethrow=0 return_oop=0}
                      ; - java.security.SecureClassLoader::getProtectionDomain@33 (line 222)
                      ; - java.security.SecureClassLoader::defineClass@9 (line 150)
  0x000002491b6a1064: 9835 9bff 

  0x000002491b6a1068: ;   {other}
  0x000002491b6a1068: 0f1f 8400 | d83f 006e | bade ffff | ff48 8b6c | 2428 4c8b | 5424 384c | 8954 2428 | 448b 5424 
  0x000002491b6a1088: 4044 8954 | 2438 448b | 5c24 4444 | 895c 243c | 4889 4424 | 5066 6690 

  0x000002491b6a10a0: ;   {runtime_call UncommonTrapBlob}
  0x000002491b6a10a0: c5f8 77e8 

  0x000002491b6a10a4: ; ImmutableOopMap {rbp=Oop [40]=Oop [48]=Oop [72]=Oop [80]=Oop [144]=Oop }
                      ;*checkcast {reexecute=0 rethrow=0 return_oop=0}
                      ; - java.lang.ClassLoader::checkCerts@65 (line 1171)
                      ; - java.lang.ClassLoader::preDefineClass@113 (line 917)
                      ; - java.lang.ClassLoader::defineClass@4 (line 1025)
                      ; - java.security.SecureClassLoader::defineClass@12 (line 150)
  0x000002491b6a10a4: 5835 9bff 

  0x000002491b6a10a8: ;   {other}
  0x000002491b6a10a8: 0f1f 8400 | 1840 006f | baf6 ffff | ff49 8be8 | 4c89 4c24 | 2066 6690 

  0x000002491b6a10c0: ;   {runtime_call UncommonTrapBlob}
  0x000002491b6a10c0: c5f8 77e8 

  0x000002491b6a10c4: ; ImmutableOopMap {rbp=Oop [32]=Oop }
                      ;*invokeinterface computeIfAbsent {reexecute=0 rethrow=0 return_oop=0}
                      ; - java.security.SecureClassLoader::getProtectionDomain@28 (line 222)
                      ; - java.security.SecureClassLoader::defineClass@9 (line 150)
  0x000002491b6a10c4: 3835 9bff 

  0x000002491b6a10c8: ;   {other}
  0x000002491b6a10c8: 0f1f 8400 | 3840 0070 | baf4 ffff | ff48 8b6c | 2428 4c8b | 5424 304c | 8954 2420 

  0x000002491b6a10e4: ;   {runtime_call UncommonTrapBlob}
  0x000002491b6a10e4: c5f8 77e8 

  0x000002491b6a10e8: ; ImmutableOopMap {rbp=Oop [32]=Oop [56]=Oop }
                      ;*checkcast {reexecute=0 rethrow=0 return_oop=0}
                      ; - java.security.SecureClassLoader::getProtectionDomain@33 (line 222)
                      ; - java.security.SecureClassLoader::defineClass@9 (line 150)
  0x000002491b6a10e8: 1435 9bff 

  0x000002491b6a10ec: ;   {other}
  0x000002491b6a10ec: 0f1f 8400 | 5c40 0071 | baf6 ffff | ff66 6690 

  0x000002491b6a10fc: ;   {runtime_call UncommonTrapBlob}
  0x000002491b6a10fc: c5f8 77e8 

  0x000002491b6a1100: ; ImmutableOopMap {}
                      ;*arraylength {reexecute=0 rethrow=0 return_oop=0}
                      ; - java.lang.String::isEmpty@4 (line 1532)
                      ; - java.lang.ClassLoader::checkName@5 (line 1155)
                      ; - java.lang.ClassLoader::preDefineClass@1 (line 900)
                      ; - java.lang.ClassLoader::defineClass@4 (line 1025)
                      ; - java.security.SecureClassLoader::defineClass@12 (line 150)
  0x000002491b6a1100: fc34 9bff 

  0x000002491b6a1104: ;   {other}
  0x000002491b6a1104: 0f1f 8400 | 7440 0072 | baf6 ffff | ff66 6690 

  0x000002491b6a1114: ;   {runtime_call UncommonTrapBlob}
  0x000002491b6a1114: c5f8 77e8 

  0x000002491b6a1118: ; ImmutableOopMap {}
                      ;*arraylength {reexecute=0 rethrow=0 return_oop=0}
                      ; - java.lang.AbstractStringBuilder::ensureCapacityInternal@4 (line 240)
                      ; - java.lang.AbstractStringBuilder::append@7 (line 806)
                      ; - java.lang.StringBuilder::append@2 (line 246)
                      ; - java.net.URLStreamHandler::toExternalForm@16 (line 480)
                      ; - java.net.URL::toExternalForm@5 (line 1203)
                      ; - java.net.URL::toString@1 (line 1189)
                      ; - java.lang.ClassLoader::defineClassSourceLocation@22 (line 927)
                      ; - java.lang.ClassLoader::defineClass@12 (line 1026)
                      ; - java.security.SecureClassLoader::defineClass@12 (line 150)
  0x000002491b6a1118: e434 9bff 

  0x000002491b6a111c: ;   {other}
  0x000002491b6a111c: 0f1f 8400 | 8c40 0073 | baf6 ffff | ff66 6690 

  0x000002491b6a112c: ;   {runtime_call UncommonTrapBlob}
  0x000002491b6a112c: c5f8 77e8 

  0x000002491b6a1130: ; ImmutableOopMap {}
                      ;*arraylength {reexecute=0 rethrow=0 return_oop=0}
                      ; - java.lang.AbstractStringBuilder::ensureCapacityInternal@4 (line 240)
                      ; - java.lang.AbstractStringBuilder::append@21 (line 587)
                      ; - java.lang.StringBuilder::append@2 (line 179)
                      ; - java.net.URLStreamHandler::toExternalForm@59 (line 483)
                      ; - java.net.URL::toExternalForm@5 (line 1203)
                      ; - java.net.URL::toString@1 (line 1189)
                      ; - java.lang.ClassLoader::defineClassSourceLocation@22 (line 927)
                      ; - java.lang.ClassLoader::defineClass@12 (line 1026)
                      ; - java.security.SecureClassLoader::defineClass@12 (line 150)
  0x000002491b6a1130: cc34 9bff 

  0x000002491b6a1134: ;   {other}
  0x000002491b6a1134: 0f1f 8400 | a440 0074 | baf6 ffff | ff41 8be9 

  0x000002491b6a1144: ;   {runtime_call UncommonTrapBlob}
  0x000002491b6a1144: c5f8 77e8 

  0x000002491b6a1148: ; ImmutableOopMap {}
                      ;*invokestatic arraycopy {reexecute=0 rethrow=0 return_oop=0}
                      ; - java.lang.String::getBytes@22 (line 4726)
                      ; - java.lang.AbstractStringBuilder::putStringAt@15 (line 1751)
                      ; - java.lang.AbstractStringBuilder::append@30 (line 588)
                      ; - java.lang.StringBuilder::append@2 (line 179)
                      ; - java.net.URLStreamHandler::toExternalForm@59 (line 483)
                      ; - java.net.URL::toExternalForm@5 (line 1203)
                      ; - java.net.URL::toString@1 (line 1189)
                      ; - java.lang.ClassLoader::defineClassSourceLocation@22 (line 927)
                      ; - java.lang.ClassLoader::defineClass@12 (line 1026)
                      ; - java.security.SecureClassLoader::defineClass@12 (line 150)
  0x000002491b6a1148: b434 9bff 

  0x000002491b6a114c: ;   {other}
  0x000002491b6a114c: 0f1f 8400 | bc40 0075 | baf6 ffff | ff66 6690 

  0x000002491b6a115c: ;   {runtime_call UncommonTrapBlob}
  0x000002491b6a115c: c5f8 77e8 

  0x000002491b6a1160: ; ImmutableOopMap {}
                      ;*arraylength {reexecute=0 rethrow=0 return_oop=0}
                      ; - java.lang.String::length@4 (line 1519)
                      ; - java.lang.AbstractStringBuilder::append@10 (line 586)
                      ; - java.lang.StringBuilder::append@2 (line 179)
                      ; - java.net.URLStreamHandler::toExternalForm@77 (line 484)
                      ; - java.net.URL::toExternalForm@5 (line 1203)
                      ; - java.net.URL::toString@1 (line 1189)
                      ; - java.lang.ClassLoader::defineClassSourceLocation@22 (line 927)
                      ; - java.lang.ClassLoader::defineClass@12 (line 1026)
                      ; - java.security.SecureClassLoader::defineClass@12 (line 150)
  0x000002491b6a1160: 9c34 9bff 

  0x000002491b6a1164: ;   {other}
  0x000002491b6a1164: 0f1f 8400 | d440 0076 | baf6 ffff | ff66 6690 

  0x000002491b6a1174: ;   {runtime_call UncommonTrapBlob}
  0x000002491b6a1174: c5f8 77e8 

  0x000002491b6a1178: ; ImmutableOopMap {}
                      ;*arraylength {reexecute=0 rethrow=0 return_oop=0}
                      ; - java.lang.AbstractStringBuilder::ensureCapacityInternal@4 (line 240)
                      ; - java.lang.AbstractStringBuilder::append@21 (line 587)
                      ; - java.lang.StringBuilder::append@2 (line 179)
                      ; - java.net.URLStreamHandler::toExternalForm@77 (line 484)
                      ; - java.net.URL::toExternalForm@5 (line 1203)
                      ; - java.net.URL::toString@1 (line 1189)
                      ; - java.lang.ClassLoader::defineClassSourceLocation@22 (line 927)
                      ; - java.lang.ClassLoader::defineClass@12 (line 1026)
                      ; - java.security.SecureClassLoader::defineClass@12 (line 150)
  0x000002491b6a1178: 8434 9bff 

  0x000002491b6a117c: ;   {other}
  0x000002491b6a117c: 0f1f 8400 | ec40 0077 | baf6 ffff | ff66 6690 

  0x000002491b6a118c: ;   {runtime_call UncommonTrapBlob}
  0x000002491b6a118c: c5f8 77e8 

  0x000002491b6a1190: ; ImmutableOopMap {}
                      ;*arraylength {reexecute=0 rethrow=0 return_oop=0}
                      ; - java.lang.String::getBytes@21 (line 4726)
                      ; - java.lang.AbstractStringBuilder::putStringAt@15 (line 1751)
                      ; - java.lang.AbstractStringBuilder::append@30 (line 588)
                      ; - java.lang.StringBuilder::append@2 (line 179)
                      ; - java.net.URLStreamHandler::toExternalForm@77 (line 484)
                      ; - java.net.URL::toExternalForm@5 (line 1203)
                      ; - java.net.URL::toString@1 (line 1189)
                      ; - java.lang.ClassLoader::defineClassSourceLocation@22 (line 927)
                      ; - java.lang.ClassLoader::defineClass@12 (line 1026)
                      ; - java.security.SecureClassLoader::defineClass@12 (line 150)
  0x000002491b6a1190: 6c34 9bff 

  0x000002491b6a1194: ;   {other}
  0x000002491b6a1194: 0f1f 8400 | 0441 0078 | baf6 ffff | ff89 4424 | 2044 8944 | 2424 6690 

  0x000002491b6a11ac: ;   {runtime_call UncommonTrapBlob}
  0x000002491b6a11ac: c5f8 77e8 

  0x000002491b6a11b0: ; ImmutableOopMap {[32]=NarrowOop }
                      ;*invokestatic arraycopy {reexecute=0 rethrow=0 return_oop=0}
                      ; - java.lang.String::getBytes@22 (line 4726)
                      ; - java.lang.AbstractStringBuilder::putStringAt@15 (line 1751)
                      ; - java.lang.AbstractStringBuilder::append@30 (line 588)
                      ; - java.lang.StringBuilder::append@2 (line 179)
                      ; - java.net.URLStreamHandler::toExternalForm@77 (line 484)
                      ; - java.net.URL::toExternalForm@5 (line 1203)
                      ; - java.net.URL::toString@1 (line 1189)
                      ; - java.lang.ClassLoader::defineClassSourceLocation@22 (line 927)
                      ; - java.lang.ClassLoader::defineClass@12 (line 1026)
                      ; - java.security.SecureClassLoader::defineClass@12 (line 150)
  0x000002491b6a11b0: 4c34 9bff 

  0x000002491b6a11b4: ;   {other}
  0x000002491b6a11b4: 0f1f 8400 | 2441 0079 | baf6 ffff | ff66 6690 

  0x000002491b6a11c4: ;   {runtime_call UncommonTrapBlob}
  0x000002491b6a11c4: c5f8 77e8 

  0x000002491b6a11c8: ; ImmutableOopMap {}
                      ;*arraylength {reexecute=0 rethrow=0 return_oop=0}
                      ; - java.lang.AbstractStringBuilder::ensureCapacityInternal@4 (line 240)
                      ; - java.lang.AbstractStringBuilder::append@21 (line 587)
                      ; - java.lang.StringBuilder::append@2 (line 179)
                      ; - java.net.URLStreamHandler::toExternalForm@113 (line 485)
                      ; - java.net.URL::toExternalForm@5 (line 1203)
                      ; - java.net.URL::toString@1 (line 1189)
                      ; - java.lang.ClassLoader::defineClassSourceLocation@22 (line 927)
                      ; - java.lang.ClassLoader::defineClass@12 (line 1026)
                      ; - java.security.SecureClassLoader::defineClass@12 (line 150)
  0x000002491b6a11c8: 3434 9bff 

  0x000002491b6a11cc: ;   {other}
  0x000002491b6a11cc: 0f1f 8400 | 3c41 007a | baf6 ffff | ff41 8beb 

  0x000002491b6a11dc: ;   {runtime_call UncommonTrapBlob}
  0x000002491b6a11dc: c5f8 77e8 

  0x000002491b6a11e0: ; ImmutableOopMap {}
                      ;*invokestatic arraycopy {reexecute=0 rethrow=0 return_oop=0}
                      ; - java.lang.String::getBytes@22 (line 4726)
                      ; - java.lang.AbstractStringBuilder::putStringAt@15 (line 1751)
                      ; - java.lang.AbstractStringBuilder::append@30 (line 588)
                      ; - java.lang.StringBuilder::append@2 (line 179)
                      ; - java.net.URLStreamHandler::toExternalForm@113 (line 485)
                      ; - java.net.URL::toExternalForm@5 (line 1203)
                      ; - java.net.URL::toString@1 (line 1189)
                      ; - java.lang.ClassLoader::defineClassSourceLocation@22 (line 927)
                      ; - java.lang.ClassLoader::defineClass@12 (line 1026)
                      ; - java.security.SecureClassLoader::defineClass@12 (line 150)
  0x000002491b6a11e0: 1c34 9bff 

  0x000002491b6a11e4: ;   {other}
  0x000002491b6a11e4: 0f1f 8400 | 5441 007b | baf6 ffff | ff66 6690 

  0x000002491b6a11f4: ;   {runtime_call UncommonTrapBlob}
  0x000002491b6a11f4: c5f8 77e8 

  0x000002491b6a11f8: ; ImmutableOopMap {}
                      ;*arraylength {reexecute=0 rethrow=0 return_oop=0}
                      ; - java.lang.AbstractStringBuilder::ensureCapacityInternal@4 (line 240)
                      ; - java.lang.AbstractStringBuilder::append@21 (line 587)
                      ; - java.lang.StringBuilder::append@2 (line 179)
                      ; - java.net.URLStreamHandler::toExternalForm@149 (line 486)
                      ; - java.net.URL::toExternalForm@5 (line 1203)
                      ; - java.net.URL::toString@1 (line 1189)
                      ; - java.lang.ClassLoader::defineClassSourceLocation@22 (line 927)
                      ; - java.lang.ClassLoader::defineClass@12 (line 1026)
                      ; - java.security.SecureClassLoader::defineClass@12 (line 150)
  0x000002491b6a11f8: 0434 9bff 

  0x000002491b6a11fc: ;   {other}
  0x000002491b6a11fc: 0f1f 8400 | 6c41 007c | baf6 ffff | ff41 8be8 

  0x000002491b6a120c: ;   {runtime_call UncommonTrapBlob}
  0x000002491b6a120c: c5f8 77e8 

  0x000002491b6a1210: ; ImmutableOopMap {}
                      ;*invokestatic arraycopy {reexecute=0 rethrow=0 return_oop=0}
                      ; - java.lang.String::getBytes@22 (line 4726)
                      ; - java.lang.AbstractStringBuilder::putStringAt@15 (line 1751)
                      ; - java.lang.AbstractStringBuilder::append@30 (line 588)
                      ; - java.lang.StringBuilder::append@2 (line 179)
                      ; - java.net.URLStreamHandler::toExternalForm@149 (line 486)
                      ; - java.net.URL::toExternalForm@5 (line 1203)
                      ; - java.net.URL::toString@1 (line 1189)
                      ; - java.lang.ClassLoader::defineClassSourceLocation@22 (line 927)
                      ; - java.lang.ClassLoader::defineClass@12 (line 1026)
                      ; - java.security.SecureClassLoader::defineClass@12 (line 150)
  0x000002491b6a1210: ec33 9bff 

  0x000002491b6a1214: ;   {other}
  0x000002491b6a1214: 0f1f 8400 | 8441 007d | baf6 ffff | ff66 6690 

  0x000002491b6a1224: ;   {runtime_call UncommonTrapBlob}
  0x000002491b6a1224: c5f8 77e8 

  0x000002491b6a1228: ; ImmutableOopMap {}
                      ;*invokevirtual getPackageName {reexecute=0 rethrow=0 return_oop=0}
                      ; - java.lang.ClassLoader::postDefineClass@2 (line 934)
                      ; - java.lang.ClassLoader::defineClass@37 (line 1028)
                      ; - java.security.SecureClassLoader::defineClass@12 (line 150)
  0x000002491b6a1228: d433 9bff 

  0x000002491b6a122c: ;   {other}
  0x000002491b6a122c: 0f1f 8400 | 9c41 007e | baf6 ffff | ff66 6690 

  0x000002491b6a123c: ;   {runtime_call UncommonTrapBlob}
  0x000002491b6a123c: c5f8 77e8 

  0x000002491b6a1240: ; ImmutableOopMap {}
                      ;*invokevirtual hashCode {reexecute=0 rethrow=0 return_oop=0}
                      ; - java.util.concurrent.ConcurrentHashMap::get@1 (line 936)
                      ; - java.lang.ClassLoader::getNamedPackage@5 (line 341)
                      ; - java.lang.ClassLoader::postDefineClass@9 (line 934)
                      ; - java.lang.ClassLoader::defineClass@37 (line 1028)
                      ; - java.security.SecureClassLoader::defineClass@12 (line 150)
  0x000002491b6a1240: bc33 9bff 

  0x000002491b6a1244: ;   {other}
  0x000002491b6a1244: 0f1f 8400 | b441 007f | baf6 ffff | ff66 6690 

  0x000002491b6a1254: ;   {runtime_call UncommonTrapBlob}
  0x000002491b6a1254: c5f8 77e8 

  0x000002491b6a1258: ; ImmutableOopMap {}
                      ;*arraylength {reexecute=0 rethrow=0 return_oop=0}
                      ; - java.util.Arrays::copyOfRange@6 (line 3853)
                      ; - java.lang.String::<init>@32 (line 4788)
                      ; - java.lang.String::<init>@3 (line 1507)
                      ; - java.lang.StringBuilder::toString@5 (line 475)
                      ; - java.net.URLStreamHandler::toExternalForm@152 (line 486)
                      ; - java.net.URL::toExternalForm@5 (line 1203)
                      ; - java.net.URL::toString@1 (line 1189)
                      ; - java.lang.ClassLoader::defineClassSourceLocation@22 (line 927)
                      ; - java.lang.ClassLoader::defineClass@12 (line 1026)
                      ; - java.security.SecureClassLoader::defineClass@12 (line 150)
  0x000002491b6a1258: a433 9bff 

  0x000002491b6a125c: ;   {other}
  0x000002491b6a125c: 0f1f 8400 | cc41 0080 | baf6 ffff | ff66 6690 

  0x000002491b6a126c: ;   {runtime_call UncommonTrapBlob}
  0x000002491b6a126c: c5f8 77e8 

  0x000002491b6a1270: ; ImmutableOopMap {}
                      ;*arraylength {reexecute=0 rethrow=0 return_oop=0}
                      ; - java.lang.String::length@4 (line 1519)
                      ; - java.lang.AbstractStringBuilder::append@10 (line 586)
                      ; - java.lang.StringBuilder::append@2 (line 179)
                      ; - java.net.URLStreamHandler::toExternalForm@11 (line 480)
                      ; - java.net.URL::toExternalForm@5 (line 1203)
                      ; - java.net.URL::toString@1 (line 1189)
                      ; - java.lang.ClassLoader::defineClassSourceLocation@22 (line 927)
                      ; - java.lang.ClassLoader::defineClass@12 (line 1026)
                      ; - java.security.SecureClassLoader::defineClass@12 (line 150)
  0x000002491b6a1270: 8c33 9bff 

  0x000002491b6a1274: ;   {other}
  0x000002491b6a1274: 0f1f 8400 | e441 0081 | baf6 ffff | ff66 6690 

  0x000002491b6a1284: ;   {runtime_call UncommonTrapBlob}
  0x000002491b6a1284: c5f8 77e8 

  0x000002491b6a1288: ; ImmutableOopMap {}
                      ;*arraylength {reexecute=0 rethrow=0 return_oop=0}
                      ; - java.lang.AbstractStringBuilder::ensureCapacityInternal@4 (line 240)
                      ; - java.lang.AbstractStringBuilder::append@21 (line 587)
                      ; - java.lang.StringBuilder::append@2 (line 179)
                      ; - java.net.URLStreamHandler::toExternalForm@11 (line 480)
                      ; - java.net.URL::toExternalForm@5 (line 1203)
                      ; - java.net.URL::toString@1 (line 1189)
                      ; - java.lang.ClassLoader::defineClassSourceLocation@22 (line 927)
                      ; - java.lang.ClassLoader::defineClass@12 (line 1026)
                      ; - java.security.SecureClassLoader::defineClass@12 (line 150)
  0x000002491b6a1288: 7433 9bff 

  0x000002491b6a128c: ;   {other}
  0x000002491b6a128c: 0f1f 8400 | fc41 0082 | baf6 ffff | ff66 6690 

  0x000002491b6a129c: ;   {runtime_call UncommonTrapBlob}
  0x000002491b6a129c: c5f8 77e8 

  0x000002491b6a12a0: ; ImmutableOopMap {}
                      ;*arraylength {reexecute=0 rethrow=0 return_oop=0}
                      ; - java.lang.String::getBytes@21 (line 4726)
                      ; - java.lang.AbstractStringBuilder::putStringAt@15 (line 1751)
                      ; - java.lang.AbstractStringBuilder::append@30 (line 588)
                      ; - java.lang.StringBuilder::append@2 (line 179)
                      ; - java.net.URLStreamHandler::toExternalForm@11 (line 480)
                      ; - java.net.URL::toExternalForm@5 (line 1203)
                      ; - java.net.URL::toString@1 (line 1189)
                      ; - java.lang.ClassLoader::defineClassSourceLocation@22 (line 927)
                      ; - java.lang.ClassLoader::defineClass@12 (line 1026)
                      ; - java.security.SecureClassLoader::defineClass@12 (line 150)
  0x000002491b6a12a0: 5c33 9bff 

  0x000002491b6a12a4: ;   {other}
  0x000002491b6a12a4: 0f1f 8400 | 1442 0083 | baf6 ffff | ff44 895c | 2420 4489 | 4c24 2490 

  0x000002491b6a12bc: ;   {runtime_call UncommonTrapBlob}
  0x000002491b6a12bc: c5f8 77e8 

  0x000002491b6a12c0: ; ImmutableOopMap {[32]=NarrowOop }
                      ;*invokestatic arraycopy {reexecute=0 rethrow=0 return_oop=0}
                      ; - java.lang.String::getBytes@22 (line 4726)
                      ; - java.lang.AbstractStringBuilder::putStringAt@15 (line 1751)
                      ; - java.lang.AbstractStringBuilder::append@30 (line 588)
                      ; - java.lang.StringBuilder::append@2 (line 179)
                      ; - java.net.URLStreamHandler::toExternalForm@11 (line 480)
                      ; - java.net.URL::toExternalForm@5 (line 1203)
                      ; - java.net.URL::toString@1 (line 1189)
                      ; - java.lang.ClassLoader::defineClassSourceLocation@22 (line 927)
                      ; - java.lang.ClassLoader::defineClass@12 (line 1026)
                      ; - java.security.SecureClassLoader::defineClass@12 (line 150)
  0x000002491b6a12c0: 3c33 9bff 

  0x000002491b6a12c4: ;   {other}
  0x000002491b6a12c4: 0f1f 8400 | 3442 0084 | baf6 ffff | ff66 6690 

  0x000002491b6a12d4: ;   {runtime_call UncommonTrapBlob}
  0x000002491b6a12d4: c5f8 77e8 

  0x000002491b6a12d8: ; ImmutableOopMap {}
                      ;*bastore {reexecute=0 rethrow=0 return_oop=0}
                      ; - java.lang.AbstractStringBuilder::append@41 (line 808)
                      ; - java.lang.StringBuilder::append@2 (line 246)
                      ; - java.net.URLStreamHandler::toExternalForm@16 (line 480)
                      ; - java.net.URL::toExternalForm@5 (line 1203)
                      ; - java.net.URL::toString@1 (line 1189)
                      ; - java.lang.ClassLoader::defineClassSourceLocation@22 (line 927)
                      ; - java.lang.ClassLoader::defineClass@12 (line 1026)
                      ; - java.security.SecureClassLoader::defineClass@12 (line 150)
  0x000002491b6a12d8: 2433 9bff 

  0x000002491b6a12dc: ;   {other}
  0x000002491b6a12dc: 0f1f 8400 | 4c42 0085 | baf6 ffff | ff66 6690 

  0x000002491b6a12ec: ;   {runtime_call UncommonTrapBlob}
  0x000002491b6a12ec: c5f8 77e8 

  0x000002491b6a12f0: ; ImmutableOopMap {}
                      ;*arraylength {reexecute=0 rethrow=0 return_oop=0}
                      ; - java.lang.String::isEmpty@4 (line 1532)
                      ; - java.net.URLStreamHandler::toExternalForm@29 (line 482)
                      ; - java.net.URL::toExternalForm@5 (line 1203)
                      ; - java.net.URL::toString@1 (line 1189)
                      ; - java.lang.ClassLoader::defineClassSourceLocation@22 (line 927)
                      ; - java.lang.ClassLoader::defineClass@12 (line 1026)
                      ; - java.security.SecureClassLoader::defineClass@12 (line 150)
  0x000002491b6a12f0: 0c33 9bff 

  0x000002491b6a12f4: ;   {other}
  0x000002491b6a12f4: 0f1f 8400 | 6442 0086 | ba45 ffff | ff48 8b6c | 2428 4c8b | 5424 304c | 8954 2420 

  0x000002491b6a1310: ;   {runtime_call UncommonTrapBlob}
  0x000002491b6a1310: c5f8 77e8 

  0x000002491b6a1314: ; ImmutableOopMap {rbp=Oop [32]=Oop [56]=Oop [144]=Oop }
                      ;*ifnull {reexecute=1 rethrow=0 return_oop=0}
                      ; - (reexecute) java.lang.ClassLoader::checkName@1 (line 1155)
                      ; - java.lang.ClassLoader::preDefineClass@1 (line 900)
                      ; - java.lang.ClassLoader::defineClass@4 (line 1025)
                      ; - java.security.SecureClassLoader::defineClass@12 (line 150)
  0x000002491b6a1314: e832 9bff 

  0x000002491b6a1318: ;   {other}
  0x000002491b6a1318: 0f1f 8400 | 8842 0087 | ba45 ffff | ff48 8b6c | 2428 4c8b | 5424 384c | 8954 2428 | 448b 5c24 
  0x000002491b6a1338: 4044 895c | 2438 448b | 5c24 4444 | 895c 243c | 4889 5c24 | 4848 8974 | 2458 6690 

  0x000002491b6a1354: ;   {runtime_call UncommonTrapBlob}
  0x000002491b6a1354: c5f8 77e8 

  0x000002491b6a1358: ; ImmutableOopMap {rbp=Oop [40]=Oop [48]=Oop [72]=Oop [88]=Oop [96]=NarrowOop [144]=Oop }
                      ;*ifnull {reexecute=1 rethrow=0 return_oop=0}
                      ; - (reexecute) java.lang.ClassLoader::checkCerts@30 (line 1167)
                      ; - java.lang.ClassLoader::preDefineClass@113 (line 917)
                      ; - java.lang.ClassLoader::defineClass@4 (line 1025)
                      ; - java.security.SecureClassLoader::defineClass@12 (line 150)
  0x000002491b6a1358: a432 9bff 

  0x000002491b6a135c: ;   {other}
  0x000002491b6a135c: 0f1f 8400 | cc42 0088 | ba45 ffff | ff48 8b6c | 2428 4c8b | 5c24 304c | 895c 2420 | 4c8b 5c24 
  0x000002491b6a137c: 384c 895c | 2428 448b | 4424 4044 | 8944 2430 | 448b 5c24 | 4444 895c | 2434 4489 | 5424 4490 
  0x000002491b6a139c: ;   {runtime_call UncommonTrapBlob}
  0x000002491b6a139c: c5f8 77e8 

  0x000002491b6a13a0: ; ImmutableOopMap {rbp=Oop [32]=Oop [40]=Oop [68]=NarrowOop [144]=Oop }
                      ;*ifnull {reexecute=1 rethrow=0 return_oop=0}
                      ; - (reexecute) java.lang.ClassLoader::defineClassSourceLocation@8 (line 926)
                      ; - java.lang.ClassLoader::defineClass@12 (line 1026)
                      ; - java.security.SecureClassLoader::defineClass@12 (line 150)
  0x000002491b6a13a0: 5c32 9bff 

  0x000002491b6a13a4: ;   {other}
  0x000002491b6a13a4: 0f1f 8400 | 1443 0089 | ba45 ffff | ff48 8b6c | 2428 4c8b | 5424 304c | 8954 2420 | 4c8b 5424 
  0x000002491b6a13c4: 384c 8954 | 2428 448b | 5c24 4044 | 895c 2430 | 448b 5424 | 4444 8954 | 2434 8974 | 2440 4889 
  0x000002491b6a13e4: 5c24 4889 | 4424 5090 

  0x000002491b6a13ec: ;   {runtime_call UncommonTrapBlob}
  0x000002491b6a13ec: c5f8 77e8 

  0x000002491b6a13f0: ; ImmutableOopMap {rbp=Oop [32]=Oop [40]=Oop [64]=NarrowOop [72]=Oop [80]=NarrowOop [144]=Oop }
                      ;*ifnull {reexecute=1 rethrow=0 return_oop=0}
                      ; - (reexecute) java.net.URLStreamHandler::toExternalForm@68 (line 484)
                      ; - java.net.URL::toExternalForm@5 (line 1203)
                      ; - java.net.URL::toString@1 (line 1189)
                      ; - java.lang.ClassLoader::defineClassSourceLocation@22 (line 927)
                      ; - java.lang.ClassLoader::defineClass@12 (line 1026)
                      ; - java.security.SecureClassLoader::defineClass@12 (line 150)
  0x000002491b6a13f0: 0c32 9bff 

  0x000002491b6a13f4: ;   {other}
  0x000002491b6a13f4: 0f1f 8400 | 6443 008a | 4d85 d244 | 8b5c 2420 | 410f 94c3 | ba45 ffff | ff48 8944 | 2430 4489 
  0x000002491b6a1414: 5c24 4890 

  0x000002491b6a1418: ;   {runtime_call UncommonTrapBlob}
  0x000002491b6a1418: c5f8 77e8 

  0x000002491b6a141c: ; ImmutableOopMap {[40]=Oop [48]=Oop [56]=Oop [144]=Oop }
                      ;*ifeq {reexecute=1 rethrow=0 return_oop=0}
                      ; - (reexecute) java.lang.Class::getPackageName@29 (line 1164)
                      ; - java.lang.ClassLoader::postDefineClass@2 (line 934)
                      ; - java.lang.ClassLoader::defineClass@37 (line 1028)
                      ; - java.security.SecureClassLoader::defineClass@12 (line 150)
  0x000002491b6a141c: e031 9bff 

  0x000002491b6a1420: ;   {other}
  0x000002491b6a1420: 0f1f 8400 | 9043 008b | baf6 ffff | ff66 6690 

  0x000002491b6a1430: ;   {runtime_call UncommonTrapBlob}
  0x000002491b6a1430: c5f8 77e8 

  0x000002491b6a1434: ; ImmutableOopMap {}
                      ;*arraylength {reexecute=0 rethrow=0 return_oop=0}
                      ; - java.lang.String::length@4 (line 1519)
                      ; - java.lang.String::lastIndexOf@3 (line 2535)
                      ; - java.lang.Class::getPackageName@47 (line 1168)
                      ; - java.lang.ClassLoader::postDefineClass@2 (line 934)
                      ; - java.lang.ClassLoader::defineClass@37 (line 1028)
                      ; - java.security.SecureClassLoader::defineClass@12 (line 150)
  0x000002491b6a1434: c831 9bff 

  0x000002491b6a1438: ;   {other}
  0x000002491b6a1438: 0f1f 8400 | a843 008c | ba45 ffff | ff44 895c | 2420 6690 

  0x000002491b6a144c: ;   {runtime_call UncommonTrapBlob}
  0x000002491b6a144c: c5f8 77e8 

  0x000002491b6a1450: ; ImmutableOopMap {[32]=NarrowOop [56]=Oop }
                      ;*ifnull {reexecute=1 rethrow=0 return_oop=0}
                      ; - (reexecute) java.lang.ClassLoader::postDefineClass@17 (line 936)
                      ; - java.lang.ClassLoader::defineClass@37 (line 1028)
                      ; - java.security.SecureClassLoader::defineClass@12 (line 150)
  0x000002491b6a1450: ac31 9bff 

  0x000002491b6a1454: ;   {other}
  0x000002491b6a1454: 0f1f 8400 | c443 008d | ba97 ffff | ff44 8b5c | 2440 4489 | 5c24 2090 

  0x000002491b6a146c: ;   {runtime_call UncommonTrapBlob}
  0x000002491b6a146c: c5f8 77e8 

  0x000002491b6a1470: ; ImmutableOopMap {[36]=NarrowOop [40]=Oop [48]=Oop [56]=Oop [72]=Oop [144]=Oop }
                      ;*invokevirtual clone {reexecute=1 rethrow=0 return_oop=0}
                      ; - (reexecute) java.util.Arrays::copyOfRange@18 (line 3856)
                      ; - java.lang.String::<init>@32 (line 4788)
                      ; - java.lang.String::<init>@3 (line 1507)
                      ; - java.lang.StringBuilder::toString@5 (line 475)
                      ; - java.net.URLStreamHandler::toExternalForm@152 (line 486)
                      ; - java.net.URL::toExternalForm@5 (line 1203)
                      ; - java.net.URL::toString@1 (line 1189)
                      ; - java.lang.ClassLoader::defineClassSourceLocation@22 (line 927)
                      ; - java.lang.ClassLoader::defineClass@12 (line 1026)
                      ; - java.security.SecureClassLoader::defineClass@12 (line 150)
  0x000002491b6a1470: 8c31 9bff 

  0x000002491b6a1474: ;   {other}
  0x000002491b6a1474: 0f1f 8400 | e443 008e | ba97 ffff | ff4c 8b54 | 2468 4c89 | 5424 584c | 8b54 2470 | 4c89 5424 
  0x000002491b6a1494: 6866 6690 

  0x000002491b6a1498: ;   {runtime_call UncommonTrapBlob}
  0x000002491b6a1498: c5f8 77e8 

  0x000002491b6a149c: ; ImmutableOopMap {rbp=NarrowOop [32]=Oop [48]=Oop [56]=Oop [72]=Oop [84]=NarrowOop [88]=Oop [104]=Oop [112]=Oop }
                      ;*invokevirtual clone {reexecute=1 rethrow=0 return_oop=0}
                      ; - (reexecute) java.util.Arrays::copyOfRange@18 (line 3856)
                      ; - java.lang.StringLatin1::newString@16 (line 752)
                      ; - java.lang.String::substring@41 (line 2839)
                      ; - java.lang.ClassLoader::checkCerts@21 (line 1164)
                      ; - java.lang.ClassLoader::preDefineClass@113 (line 917)
                      ; - java.lang.ClassLoader::defineClass@4 (line 1025)
                      ; - java.security.SecureClassLoader::defineClass@12 (line 150)
  0x000002491b6a149c: 6031 9bff 

  0x000002491b6a14a0: ;   {other}
  0x000002491b6a14a0: 0f1f 8400 | 1044 008f | eb51 eb4f | eb4d eb4b | eb49 eb47 | eb45 eb43 | eb41 eb3f | eb3d eb36 
  0x000002491b6a14c0: eb34 eb37 | eb35 eb33 | eb31 eb2f | eb2d eb2b | eb29 eb27 | eb25 eb23 | eb21 eb1f | eb1d eb1b 
  0x000002491b6a14e0: eb19 eb17 | eb15 eb13 | eb11 eb0f | eb0d eb0b | eb09 eb07 | eb05 488b | d0eb 0348 | 8bd0 c5f8 
  0x000002491b6a1500: 7748 81c4 | b000 0000 

  0x000002491b6a1508: ;   {runtime_call _rethrow_Java}
  0x000002491b6a1508: 5de9 f249 | a8ff ba97 | ffff ff8b | 6c24 2490 

  0x000002491b6a1518: ;   {runtime_call UncommonTrapBlob}
  0x000002491b6a1518: c5f8 77e8 

  0x000002491b6a151c: ; ImmutableOopMap {rbp=NarrowOop [40]=Oop [56]=Oop [64]=Oop [144]=Oop }
                      ;*invokevirtual clone {reexecute=1 rethrow=0 return_oop=0}
                      ; - (reexecute) java.util.Arrays::copyOfRange@18 (line 3856)
                      ; - java.lang.StringLatin1::newString@16 (line 752)
                      ; - java.lang.String::substring@41 (line 2839)
                      ; - java.lang.Class::getPackageName@62 (line 1169)
                      ; - java.lang.ClassLoader::postDefineClass@2 (line 934)
                      ; - java.lang.ClassLoader::defineClass@37 (line 1028)
                      ; - java.security.SecureClassLoader::defineClass@12 (line 150)
  0x000002491b6a151c: e030 9bff 

  0x000002491b6a1520: ;   {other}
  0x000002491b6a1520: 0f1f 8400 | 9044 0090 

  0x000002491b6a1528: ;   {internal_word}
  0x000002491b6a1528: 49ba 0feb | 691b 4902 | 0000 4d89 | 9760 0400 

  0x000002491b6a1538: ;   {runtime_call SafepointBlob}
  0x000002491b6a1538: 00e9 c241 

  0x000002491b6a153c: ;   {runtime_call StubRoutines (final stubs)}
  0x000002491b6a153c: 9bff e81d | 3899 ffe9 | f6c0 ffff 
[Stub Code]
  0x000002491b6a1548: ;   {no_reloc}
  0x000002491b6a1548: 48bb 0000 | 0000 0000 

  0x000002491b6a1550: ;   {runtime_call}
  0x000002491b6a1550: 0000 e9fb 

  0x000002491b6a1554: ;   {static_stub}
  0x000002491b6a1554: ffff ff48 | bb00 0000 | 0000 0000 

  0x000002491b6a1560: ;   {runtime_call}
  0x000002491b6a1560: 00e9 fbff 

  0x000002491b6a1564: ;   {static_stub}
  0x000002491b6a1564: ffff 48bb | 0000 0000 | 0000 0000 

  0x000002491b6a1570: ;   {runtime_call}
  0x000002491b6a1570: e9fb ffff 

  0x000002491b6a1574: ;   {static_stub}
  0x000002491b6a1574: ff48 bb00 | 0000 0000 

  0x000002491b6a157c: ;   {runtime_call}
  0x000002491b6a157c: 0000 00e9 | fbff ffff 

  0x000002491b6a1584: ;   {static_stub}
  0x000002491b6a1584: 48bb 0000 | 0000 0000 

  0x000002491b6a158c: ;   {runtime_call}
  0x000002491b6a158c: 0000 e9fb 

  0x000002491b6a1590: ;   {static_stub}
  0x000002491b6a1590: ffff ff48 | bb00 0000 | 0000 0000 

  0x000002491b6a159c: ;   {runtime_call}
  0x000002491b6a159c: 00e9 fbff 

  0x000002491b6a15a0: ;   {static_stub}
  0x000002491b6a15a0: ffff 48bb | 0000 0000 | 0000 0000 

  0x000002491b6a15ac: ;   {runtime_call}
  0x000002491b6a15ac: e9fb ffff 

  0x000002491b6a15b0: ;   {static_stub}
  0x000002491b6a15b0: ff48 bb00 | 0000 0000 

  0x000002491b6a15b8: ;   {runtime_call}
  0x000002491b6a15b8: 0000 00e9 | fbff ffff 

  0x000002491b6a15c0: ;   {static_stub}
  0x000002491b6a15c0: 48bb 0000 | 0000 0000 

  0x000002491b6a15c8: ;   {runtime_call}
  0x000002491b6a15c8: 0000 e9fb 

  0x000002491b6a15cc: ;   {static_stub}
  0x000002491b6a15cc: ffff ff48 | bb00 0000 | 0000 0000 

  0x000002491b6a15d8: ;   {runtime_call}
  0x000002491b6a15d8: 00e9 fbff 

  0x000002491b6a15dc: ;   {static_stub}
  0x000002491b6a15dc: ffff 48bb | 0000 0000 | 0000 0000 

  0x000002491b6a15e8: ;   {runtime_call}
  0x000002491b6a15e8: e9fb ffff 

  0x000002491b6a15ec: ;   {static_stub}
  0x000002491b6a15ec: ff48 bb00 | 0000 0000 

  0x000002491b6a15f4: ;   {runtime_call}
  0x000002491b6a15f4: 0000 00e9 | fbff ffff 

  0x000002491b6a15fc: ;   {static_stub}
  0x000002491b6a15fc: 48bb 0000 | 0000 0000 

  0x000002491b6a1604: ;   {runtime_call}
  0x000002491b6a1604: 0000 e9fb 

  0x000002491b6a1608: ;   {static_stub}
  0x000002491b6a1608: ffff ff48 | bb00 0000 | 0000 0000 

  0x000002491b6a1614: ;   {runtime_call}
  0x000002491b6a1614: 00e9 fbff 

  0x000002491b6a1618: ;   {static_stub}
  0x000002491b6a1618: ffff 48bb | 0000 0000 | 0000 0000 

  0x000002491b6a1624: ;   {runtime_call}
  0x000002491b6a1624: e9fb ffff 

  0x000002491b6a1628: ;   {static_stub}
  0x000002491b6a1628: ff48 bb00 | 0000 0000 

  0x000002491b6a1630: ;   {runtime_call}
  0x000002491b6a1630: 0000 00e9 | fbff ffff 

  0x000002491b6a1638: ;   {static_stub}
  0x000002491b6a1638: 48bb 0000 | 0000 0000 

  0x000002491b6a1640: ;   {runtime_call}
  0x000002491b6a1640: 0000 e9fb 

  0x000002491b6a1644: ;   {static_stub}
  0x000002491b6a1644: ffff ff48 | bb00 0000 | 0000 0000 

  0x000002491b6a1650: ;   {runtime_call}
  0x000002491b6a1650: 00e9 fbff 

  0x000002491b6a1654: ;   {runtime_call ExceptionBlob}
  0x000002491b6a1654: ffff e925 | b1a7 ffe8 | 0000 0000 | 4883 2c24 

  0x000002491b6a1664: ;   {runtime_call DeoptimizationBlob}
  0x000002491b6a1664: 05e9 3633 | 9bff f4f4 | f4f4 f4f4 
[/MachCode]


Compiled method (c2)   68845 4791       4       jdk.internal.loader.BuiltinClassLoader::defineClass (121 bytes)
 total in heap  [0x000002491b812910,0x000002491b81c690] = 40320
 relocation     [0x000002491b812a68,0x000002491b813018] = 1456
 main code      [0x000002491b813020,0x000002491b818730] = 22288
 stub code      [0x000002491b818730,0x000002491b818908] = 472
 oops           [0x000002491b818908,0x000002491b818950] = 72
 metadata       [0x000002491b818950,0x000002491b818d28] = 984
 scopes data    [0x000002491b818d28,0x000002491b81b3a0] = 9848
 scopes pcs     [0x000002491b81b3a0,0x000002491b81bfb0] = 3088
 dependencies   [0x000002491b81bfb0,0x000002491b81c030] = 128
 handler table  [0x000002491b81c030,0x000002491b81c5a0] = 1392
 nul chk table  [0x000002491b81c5a0,0x000002491b81c690] = 240

[Constant Pool (empty)]

[MachCode]
[Entry Point]
  # {method} {0x0000024927069b60} 'defineClass' '(Ljava/lang/String;Ljdk/internal/loader/Resource;)Ljava/lang/Class;' in 'jdk/internal/loader/BuiltinClassLoader'
  # this:     rdx:rdx   = 'jdk/internal/loader/BuiltinClassLoader'
  # parm0:    r8:r8     = 'java/lang/String'
  # parm1:    r9:r9     = 'jdk/internal/loader/Resource'
  #           [sp+0x100]  (sp of caller)
  0x000002491b813020: 448b 5208 | 49bb 0000 | 0027 4902 | 0000 4d03 | d349 3bc2 

  0x000002491b813034: ;   {runtime_call ic_miss_stub}
  0x000002491b813034: 0f85 46b7 | 83ff 6690 | 0f1f 4000 
[Verified Entry Point]
  0x000002491b813040: 8984 2400 | 80ff ff55 | 4881 ecf0 | 0000 0090 | 4181 7f20 | 0700 0000 | 0f85 c756 | 0000 4c89 
  0x000002491b813060: 4424 3848 | 8954 2440 | 4c89 4c24 | 6845 8b51 

  0x000002491b813070: ;   {metadata('jdk/internal/loader/URLClassPath$JarLoader$2')}
  0x000002491b813070: 0841 81fa | 4054 2100 | 0f85 aa23 | 0000 4d8b | d145 8b52 | 2045 8b5a | 1c44 895c | 2470 418b 
  0x000002491b813090: 4814 8b79 | 0c45 0fbe | 5810 c4e2 | 22f7 df44 | 8d53 ff45 | 85db 0f85 | 5936 0000 | 448d 4fff 
  0x000002491b8130b0: 453b ca45 | 0f4f ca4c | 8bd1 4c89 | 5424 7845 | 85c9 0f8c | f900 0000 | 85ff 0f86 | d031 0000 
  0x000002491b8130d0: 443b cf0f | 83c7 3100 | 0045 85c9 | 0f8e b332 | 0000 458d | 51ff 460f | be44 0910 | 4183 f82e 
  0x000002491b8130f0: 0f84 831d | 0000 41ff | c945 3bca | 7fe8 4183 | f902 0f8e | 9800 0000 | 458d 51fe | 4533 c041 
  0x000002491b813110: 83f9 0245 | 0f4c d041 | 81fa a00f | 0000 41b8 | a00f 0000 | 450f 47d0 | 458b c145 | 2bc2 6690 
  0x000002491b813130: 4d63 d946 | 0fbe 5419 | 1041 83fa | 2e0f 845d | 0200 0046 | 0fbe 5c19 | 0f41 83fb | 2e0f 8452 
  0x000002491b813150: 0200 0045 | 8d51 fe42 | 0fbe 5411 | 1083 fa2e | 0f84 4302 | 0000 458d | 51fd 460f | be5c 1110 
  0x000002491b813170: ;   {no_reloc}
  0x000002491b813170: 4183 fb2e | 0f84 2f02 | 0000 4183 | c1fc 453b | c87f ad49 | 8bb7 5004 | 0000 4c8b | 5424 384c 
  0x000002491b813190: ; ImmutableOopMap {r10=Oop r11=Oop rcx=NarrowOop [56]=Oop [64]=Oop [104]=Oop [112]=NarrowOop [120]=Oop }
                      ;*goto {reexecute=1 rethrow=0 return_oop=0}
                      ; - (reexecute) java.lang.StringLatin1::lastIndexOf@35 (line 285)
                      ; - java.lang.String::lastIndexOf@13 (line 2573)
                      ; - java.lang.String::lastIndexOf@8 (line 2535)
                      ; - jdk.internal.loader.BuiltinClassLoader::defineClass@8 (line 845)
  0x000002491b813190: 8b5c 2468 

  0x000002491b813194: ;   {poll}
  0x000002491b813194: 8506 4183 | f902 0f8f | 68ff ffff | 4183 f9ff | 7e1b 6690 | 460f be54 | 0910 4183 | fa2e 0f84 
  0x000002491b8131b4: b82e 0000 | 41ff c941 | 83f9 ff7f | e741 baff | ffff ffe9 | dd01 0000 | 0f1f 4000 | 418b e9e9 
  0x000002491b8131d4: 9310 0000 | 85ed 0f8c | 5841 0000 | 448b 4918 | 4585 c90f | 8408 0100 | 0049 8bf9 | 8b5f 0c49 
  0x000002491b8131f4: 8baf 5004 

  0x000002491b8131f8: ; ImmutableOopMap {r10=NarrowOop r11=Oop rdi=Oop r14=Oop [56]=Oop [104]=Oop [112]=NarrowOop [120]=Oop }
                      ;*if_icmpne {reexecute=1 rethrow=0 return_oop=0}
                      ; - (reexecute) java.util.concurrent.ConcurrentHashMap::get@127 (line 946)
                      ; - java.lang.ClassLoader::definePackage@47 (line 2125)
                      ; - java.lang.ClassLoader::getDefinedPackage@32 (line 2267)
                      ; - jdk.internal.loader.BuiltinClassLoader::getAndVerifyPackage@2 (line 902)
                      ; - jdk.internal.loader.BuiltinClassLoader::defineOrCheckPackage@4 (line 877)
                      ; - jdk.internal.loader.ClassLoaders$AppClassLoader::defineOrCheckPackage@4 (line 211)
                      ; - jdk.internal.loader.BuiltinClassLoader::defineClass@40 (line 849)
                      ;   {poll}
  0x000002491b8131f8: 0000 8545 | 0041 3bd8 | 0f85 e000 | 0000 8b6f | 104c 8bcd | 4d3b cb0f | 84c4 0000 | 0085 ed0f 
  0x000002491b813218: 8413 4400 | 0048 89bc | 2490 0000 | 0044 8984 | 248c 0000 | 0044 8994 | 2488 0000 | 004c 8974 
  0x000002491b813238: 2448 4c89 | 9c24 8000 | 0000 4c89 | 6c24 4044 | 8b5c 2470 | 4489 5c24 | 304c 8b54 | 2438 4c89 
  0x000002491b813258: 5424 204c | 8b54 2468 | 4c89 5424 | 284c 8bc5 | 488b 9424 | 8000 0000 | 488b 6c24 | 7848 8954 
  0x000002491b813278: 2468 6690 

  0x000002491b81327c: ;   {optimized virtual_call}
  0x000002491b81327c: c5f8 77e8 

  0x000002491b813280: ; ImmutableOopMap {rbp=Oop [32]=Oop [40]=Oop [48]=NarrowOop [72]=Oop [104]=Oop [128]=Oop [136]=NarrowOop [144]=Oop }
                      ;*invokevirtual equals {reexecute=0 rethrow=0 return_oop=0}
                      ; - java.util.concurrent.ConcurrentHashMap::get@149 (line 947)
                      ; - java.lang.ClassLoader::definePackage@47 (line 2125)
                      ; - java.lang.ClassLoader::getDefinedPackage@32 (line 2267)
                      ; - jdk.internal.loader.BuiltinClassLoader::getAndVerifyPackage@2 (line 902)
                      ; - jdk.internal.loader.BuiltinClassLoader::defineOrCheckPackage@4 (line 877)
                      ; - jdk.internal.loader.ClassLoaders$AppClassLoader::defineOrCheckPackage@4 (line 211)
                      ; - jdk.internal.loader.BuiltinClassLoader::defineClass@40 (line 849)
  0x000002491b813280: 3c1f e8ff 

  0x000002491b813284: ;   {other}
  0x000002491b813284: 0f1f 8400 | 7409 0002 | 85c0 0f84 | ec43 0000 | 4c8b 5424 | 284c 8954 | 2468 4c8b | 5424 204c 
  0x000002491b8132a4: 8954 2438 | 448b 5c24 | 3044 895c | 2470 4c8b | 6c24 404c | 8b9c 2480 | 0000 004c | 8b74 2448 
  0x000002491b8132c4: 4889 6c24 | 7844 8b94 | 2488 0000 | 0048 8bbc | 2490 0000 | 008b 6f14 | 85ed 0f85 | 770e 0000 
  0x000002491b8132e4: eb0f 8b4f | 1885 c974 | 0848 8bf9 | e9fb feff | ff4c 8b44 | 2478 418b | 6838 4d8b | 8fb8 0100 
  0x000002491b813304: 004d 8bc1 | 4983 c018 | 4d3b 87c8 | 0100 000f | 8333 2a00 | 004d 8987 | b801 0000 | 410f 1880 
  0x000002491b813324: 0001 0000 | 49c7 0101 

  0x000002491b81332c: ;   {metadata('java/lang/ClassLoader$$Lambda+0x0000024928044fd8')}
  0x000002491b81332c: 0000 0041 | c741 08d8 | 4f04 014d | 8961 104c | 8b44 2478 | 498b c841 | 8949 0c45 | 8951 1085 
  0x000002491b81334c: ed0f 8419 | 3a00 004c | 8974 2448 | 4c89 5c24 | 404c 896c | 2420 488b | d54d 8bc3 

  0x000002491b813368: ;   {optimized virtual_call}
  0x000002491b813368: c5f8 77e8 

  0x000002491b81336c: ; ImmutableOopMap {[56]=Oop [64]=Oop [72]=Oop [104]=Oop [112]=NarrowOop [120]=Oop }
                      ;*invokevirtual compute {reexecute=0 rethrow=0 return_oop=1}
                      ; - java.lang.ClassLoader::definePackage@78 (line 2129)
                      ; - java.lang.ClassLoader::getDefinedPackage@32 (line 2267)
                      ; - jdk.internal.loader.BuiltinClassLoader::getAndVerifyPackage@2 (line 902)
                      ; - jdk.internal.loader.BuiltinClassLoader::defineOrCheckPackage@4 (line 877)
                      ; - jdk.internal.loader.ClassLoaders$AppClassLoader::defineOrCheckPackage@4 (line 211)
                      ; - jdk.internal.loader.BuiltinClassLoader::defineClass@40 (line 849)
  0x000002491b81336c: 10b7 83ff 

  0x000002491b813370: ;   {other}
  0x000002491b813370: 0f1f 8400 | 600a 0003 

  0x000002491b813378: ; implicit exception: dispatches to 0x000002491b817ea4
  0x000002491b813378: 448b 5808 

  0x000002491b81337c: ;   {metadata('java/lang/Package')}
  0x000002491b81337c: 4181 fbb8 | b901 000f | 85f7 4600 | 004c 8bd0 | 4c8b 6c24 | 204c 8b5c | 2440 4c8b | 7424 48e9 
  0x000002491b81339c: cf0d 0000 | 458b d1eb | 0445 8d51 | ff41 83fa | ff0f 8411 | 3400 0045 | 85d2 0f8c | 6c33 0000 
  0x000002491b8133bc: 443b d30f | 8f1f 3400 | 0044 3bd3 | 0f84 110f | 0000 4585 | d20f 8483 | 2300 0049 | 8b9f b801 
  0x000002491b8133dc: 0000 4c8b | db49 83c3 | 184d 3b9f | c801 0000 | 0f83 4326 | 0000 4d89 | 9fb8 0100 | 0041 0f18 
  0x000002491b8133fc: 8300 0100 | 0048 c703 | 0100 0000 

  0x000002491b813408: ;   {metadata('java/lang/String')}
  0x000002491b813408: c743 0840 | e700 0044 | 8963 0c4c | 8963 104c | 8d59 1044 | 3bd7 0f85 | 9000 0000 | 4c63 c781 
  0x000002491b813428: ff00 0010 | 000f 87bb | 2800 0049 | 8bb7 b801 | 0000 4d8d | 5017 4983 | e2f8 4c8b | ce4d 03ca 
  0x000002491b813448: 4d3b 8fc8 | 0100 000f | 8399 2800 | 004d 898f | b801 0000 | 410f 1881 | 0001 0000 | 48c7 0601 
  0x000002491b813468: 0000 0041 | 0f18 8140 

  0x000002491b813470: ;   {metadata({type array byte})}
  0x000002491b813470: 0100 00c7 | 4608 6822 | 0000 897e | 0c41 0f18 | 8180 0100 | 0048 8bd6 | 4883 c210 | 4983 c007 
  0x000002491b813490: 49c1 e803 | 498b cbc5 | f877 49ba | 6033 031b | 4902 0000 

  0x000002491b8134a4: ;   {other}
  0x000002491b8134a4: 41ff d20f | 1f84 0000 | 0000 00e9 | cf00 0000 | 4181 fa00 | 0010 000f | 8787 3000 | 004d 63ca 
  0x000002491b8134c4: 413b fa8b | ef41 0f4f | ea3b fd0f | 82e7 3000 | 0044 3bd5 | 0f82 de30 | 0000 4983 | c117 498b 
  0x000002491b8134e4: f948 83e7 | f841 81fa | 0000 1000 | 0f87 a926 | 0000 498b | b7b8 0100 | 004c 8bc6 | 4c03 c74d 
  0x000002491b813504: 3b87 c801 | 0000 0f83 | 8f26 0000 | 4d89 87b8 | 0100 0041 | 0f18 8000 | 0100 0048 | c706 0100 
  0x000002491b813524: 0000 410f | 1880 4001 

  0x000002491b81352c: ;   {metadata({type array byte})}
  0x000002491b81352c: 0000 c746 | 0868 2200 | 0044 8956 | 0c41 0f18 | 8080 0100 | 0048 8bd6 | 4883 c210 | 49c1 e903 
  0x000002491b81354c: 85ed 0f84 | fc2f 0000 | 413b ea0f | 8c46 2300 | 0048 83c7 | f048 c1ef | 0349 8bcb | 4c8b c7c5 
  0x000002491b81356c: f877 49ba | 6033 031b | 4902 0000 

  0x000002491b813578: ;   {other}
  0x000002491b813578: 41ff d20f | 1f84 0000 | 0000 0041 | 807f 4000 | 0f85 9122 | 0000 4c8b | de44 895b | 144c 8bd3 
  0x000002491b813598: 4c8b de4d | 33da 49c1 | eb14 4d85 | db74 1a49 | c1ea 0948 | b900 00f5 | 2249 0200 | 0049 03ca 
  0x000002491b8135b8: 8039 020f | 8591 2200 | 0044 8863 | 1048 899c | 2480 0000 | 004c 8b54 | 2468 458b 

  0x000002491b8135d4: ;   {metadata('jdk/internal/loader/URLClassPath$JarLoader$2')}
  0x000002491b8135d4: 5a08 4181 | fb40 5421 | 000f 8502 | 1e00 004c | 8b5c 2468 

  0x000002491b8135e8: ;   {oop(a 'java/lang/Class'{0x00000000e097fa58} = 'jdk/internal/access/SharedSecrets')}
  0x000002491b8135e8: 49ba 58fa | 97e0 0000 | 0000 458b | 92d4 0000 | 0041 8b4a | 0845 8b43 | 2045 8b40 

  0x000002491b813604: ;   {metadata('java/util/jar/JavaUtilJarAccessImpl')}
  0x000002491b813604: 1881 f9b0 | 8a31 000f | 85a7 2d00 | 0045 85c0 | 0f84 aa2c | 0000 4d8b | c848 8d9c | 24d0 0000 
  0x000002491b813624: 0049 8b01 | a802 0f85 | 2300 0000 | 4883 c801 | 4889 03f0 | 490f b119 | 0f84 3700 | 0000 482b 
  0x000002491b813644: c448 2507 | f0ff ff48 | 8903 e924 | 0000 004c | 8bd0 4833 | c0f0 4d0f | b17a 3e48 | c703 0300 
  0x000002491b813664: 0000 7411 | 4c3b f875 | 1549 ff82 | 8600 0000 | 4833 c075 | 0949 ff87 | 4805 0000 | 33c0 0f85 
  0x000002491b813684: 9c2d 0000 | 418b 6830 | 85ed 0f85 | 582d 0000 | 450f b650 | 1245 85d2 | 0f85 9e1b | 0000 488d 
  0x000002491b8136a4: 8424 d000 | 0000 4883 | 3800 0f84 | 7900 0000 | 4d8b 1141 | f6c2 020f | 8462 0000 | 0049 83ba 
  0x000002491b8136c4: 8600 0000 | 0074 0949 | ff8a 8600 | 0000 eb4b | 498b 8296 | 0000 0049 | 0b82 8e00 | 0000 750a 
  0x000002491b8136e4: 49c7 423e | 0000 0000 | eb3d 4983 | ba9e 0000 | 0000 7422 | 4833 c049 | c742 3e00 | 0000 00f0 
  0x000002491b813704: ;   {no_reloc}
  0x000002491b813704: 8304 2400 | 4983 ba9e | 0000 0000 | 750d f04d | 0fb1 7a3e | 7505 83c8 | 01eb 0ca8 | 00eb 084c 
  0x000002491b813724: 8b10 f04d | 0fb1 1175 | 0a49 ff8f | 4805 0000 | 4533 d20f | 8539 2d00 | 0045 8b43 | 2041 8b68 
  0x000002491b813744: 1844 8b55 

  0x000002491b813748: ;   {metadata('java/util/jar/JarFile')}
  0x000002491b813748: 0841 81fa | a0fa 1600 | 0f85 512d | 0000 4c8b | d549 8bda | 8b73 2885 | f60f 84d0 | 1800 008b 
  0x000002491b813768: 6e0c 4180 | 7f40 000f | 857c 2000 | 0044 8b45 | 084c 8b56 

  0x000002491b81377c: ;   {oop(a 'java/lang/Class'{0x00000000e09a0268} = 'java/lang/ref/SoftReference')}
  0x000002491b81377c: 2049 b968 | 029a e000 | 0000 004d | 8b49 704d | 3bd1 0f85 | d116 0000 

  0x000002491b813794: ;   {metadata('java/util/jar/Manifest')}
  0x000002491b813794: 4181 f848 | f004 000f | 85e3 4300 | 004c 8bf5 | 4c8b 5c24 | 4045 8b53 

  0x000002491b8137ac: ;   {metadata('jdk/internal/loader/ClassLoaders$AppClassLoader')}
  0x000002491b8137ac: 0841 81fa | a0a1 0600 | 0f85 4e2b | 0000 4c89 | 5c24 7841 | 8b4b 3885 | c90f 848d | 2a00 004c 
  0x000002491b8137cc: 8b9c 2480 | 0000 0041 | 8b43 0c85 | c075 7345 | 0fb6 5311 | 4585 d20f | 8543 1b00 | 0045 0fbe 
  0x000002491b8137ec: 5310 4585 | d20f 8501 | 3a00 004c | 8974 2428 | 48ff b424 | 8000 0000 | 488f 4424 | 2045 8b53 
  0x000002491b81380c: 1448 8be9 | 894c 2430 | 498b d24c | 8b54 2478 | 4c89 5424 | 4066 6690 

  0x000002491b813824: ;   {static_call}
  0x000002491b813824: c5f8 77e8 

  0x000002491b813828: ; ImmutableOopMap {rbp=Oop [32]=Oop [40]=Oop [48]=NarrowOop [56]=Oop [64]=Oop [104]=Oop [112]=NarrowOop [120]=Oop }
                      ;*invokestatic hashCode {reexecute=0 rethrow=0 return_oop=0}
                      ; - java.lang.String::hashCode@27 (line 2369)
                      ; - java.util.concurrent.ConcurrentHashMap::get@1 (line 936)
                      ; - java.lang.ClassLoader::getDefinedPackage@13 (line 2263)
                      ; - jdk.internal.loader.BuiltinClassLoader::getAndVerifyPackage@2 (line 902)
                      ; - jdk.internal.loader.BuiltinClassLoader::defineOrCheckPackage@4 (line 877)
                      ; - jdk.internal.loader.ClassLoaders$AppClassLoader::defineOrCheckPackage@4 (line 211)
                      ; - jdk.internal.loader.BuiltinClassLoader::defineClass@40 (line 849)
  0x000002491b813828: 9498 dcff 

  0x000002491b81382c: ;   {other}
  0x000002491b81382c: 0f1f 8400 | 1c0f 0004 | 85c0 0f84 | a521 0000 | 4c8b 5c24 | 2041 8943 | 0c4c 8b74 | 2428 8b4c 
  0x000002491b81384c: 2430 448b | 4928 4585 | c90f 843b | 1500 0045 | 8b41 0c45 | 85c0 0f86 | 6030 0000 | 448b d041 
  0x000002491b81386c: c1ea 1044 | 33d0 41ff | c841 81e2 | ffff ff7f | 4523 c24d | 63c0 478b | 4c81 1045 | 85c9 0f85 
  0x000002491b81388c: 8905 0000 | 49bd 0000 | f522 4902 | 0000 448b 

  0x000002491b81389c: ;   {metadata('java/lang/IllegalArgumentException')}
  0x000002491b81389c: 5424 7048 | bda0 c106 | 2749 0200 | 004d 85f6 | 0f84 ea1a | 0000 4c89 | 5424 304c | 8974 2428 
  0x000002491b8138bc: 4c89 5c24 | 404c 896c | 2420 488b | 5424 784d | 8bc3 4d8b | ce49 8bfa 

  0x000002491b8138d4: ;   {optimized virtual_call}
  0x000002491b8138d4: c5f8 77e8 

  0x000002491b8138d8: ; ImmutableOopMap {[40]=Oop [48]=Oop [56]=Oop [64]=Oop [104]=Oop [112]=NarrowOop [120]=Oop }
                      ;*invokevirtual definePackage {reexecute=0 rethrow=0 return_oop=1}
                      ; - jdk.internal.loader.BuiltinClassLoader::defineOrCheckPackage@22 (line 881)
                      ; - jdk.internal.loader.ClassLoaders$AppClassLoader::defineOrCheckPackage@4 (line 211)
                      ; - jdk.internal.loader.BuiltinClassLoader::defineClass@40 (line 849)
  0x000002491b8138d8: a4e5 8bf8 

  0x000002491b8138dc: ;   {other}
  0x000002491b8138dc: 0f1f 8400 | cc0f 0005 | 4c8b 6c24 | 2048 8d9c | 24d0 0000 | 004c 8b5c | 2468 498b | 03a8 020f 
  0x000002491b8138fc: 8523 0000 | 0048 83c8 | 0148 8903 | f049 0fb1 | 1b0f 8437 | 0000 0048 | 2bc4 4825 | 07f0 ffff 
  0x000002491b81391c: 4889 03e9 | 2400 0000 | 4c8b d048 | 33c0 f04d | 0fb1 7a3e | 48c7 0303 | 0000 0074 | 114c 3bf8 
  0x000002491b81393c: 7515 49ff | 8286 0000 | 0048 33c0 | 7509 49ff | 8748 0500 | 0033 c00f | 85cf 2900 | 004c 8b54 
  0x000002491b81395c: 2468 458b | 7208 453b | 620c 0f85 | d301 0000 

  0x000002491b81396c: ;   {metadata('jdk/internal/loader/URLClassPath$JarLoader$2')}
  0x000002491b81396c: 4181 fe40 | 5421 000f | 8511 1b00 | 0045 8b5a | 2045 8b5b | 1845 8b42 | 1c45 85db | 0f84 622c 
  0x000002491b81398c: 0000 498b | cb48 8d9c | 24d8 0000 | 0048 8b01 | a802 0f85 | 2300 0000 | 4883 c801 | 4889 03f0 
  0x000002491b8139ac: 480f b119 | 0f84 3700 | 0000 482b | c448 2507 | f0ff ff48 | 8903 e924 | 0000 004c | 8bc8 4833 
  0x000002491b8139cc: c0f0 4d0f | b179 3e48 | c703 0300 | 0000 7411 | 4c3b f875 | 1549 ff81 | 8600 0000 | 4833 c075 
  0x000002491b8139ec: 0949 ff87 | 4805 0000 | 33c0 0f85 | 142c 0000 | 4585 c00f | 8497 3300 | 0041 8b6b | 3085 ed0f 
  0x000002491b813a0c: 858f 2c00 | 0045 0fb6 | 4b12 4585 | c90f 851c | 1900 004c | 896c 2420 | 4489 7424 | 284c 8954 
  0x000002491b813a2c: 2440 4889 | 4c24 5048 | 8b54 2450 

  0x000002491b813a38: ;   {optimized virtual_call}
  0x000002491b813a38: c5f8 77e8 

  0x000002491b813a3c: ; ImmutableOopMap {[56]=Oop [64]=Oop [80]=Oop [104]=Oop [112]=NarrowOop [120]=Oop }
                      ;*invokespecial getInputStream {reexecute=0 rethrow=0 return_oop=1}
                      ; - java.util.jar.JarFile::getInputStream@21 (line 855)
                      ; - jdk.internal.loader.URLClassPath$JarLoader$2::getInputStream@11 (line 848)
                      ; - jdk.internal.loader.Resource::cachedInputStream@9 (line 77)
                      ; - jdk.internal.loader.Resource::getByteBuffer@1 (line 163)
                      ; - jdk.internal.loader.BuiltinClassLoader::defineClass@45 (line 853)
  0x000002491b813a3c: 0002 fcff 

  0x000002491b813a40: ;   {other}
  0x000002491b813a40: 0f1f 8400 | 3011 0006 | 488b d84c | 8b5c 2450 | 488d 8424 | d800 0000 | 4883 3800 | 0f84 7900 
  0x000002491b813a60: 0000 4d8b | 1341 f6c2 | 020f 8462 | 0000 0049 | 83ba 8600 | 0000 0074 | 0949 ff8a | 8600 0000 
  0x000002491b813a80: eb4b 498b | 8296 0000 | 0049 0b82 | 8e00 0000 | 750a 49c7 | 423e 0000 | 0000 eb3d | 4983 ba9e 
  0x000002491b813aa0: 0000 0000 | 7422 4833 | c049 c742 | 3e00 0000 | 00f0 8304 | 2400 4983 | ba9e 0000 | 0000 750d 
  0x000002491b813ac0: f04d 0fb1 | 7a3e 7505 | 83c8 01eb | 0ca8 00eb | 084c 8b10 | f04d 0fb1 | 1375 0a49 | ff8f 4805 
  0x000002491b813ae0: 0000 4533 | d20f 85ed | 2b00 0041 | 807f 4000 | 0f85 481e | 0000 4c8b | 5424 684c | 8bc3 4c8b 
  0x000002491b813b00: 5c24 6845 | 8943 0c4c | 8bdb 4d33 | da49 c1eb | 144d 85db | 741f 4885 | db74 1a49 | c1ea 0948 
  0x000002491b813b20: b900 00f5 | 2249 0200 | 0049 03ca | 8039 020f | 8541 1e00 | 004c 8b6c | 2420 448b 

  0x000002491b813b3c: ;   {no_reloc}
  0x000002491b813b3c: 7424 284c | 8b54 2468 | 418b 6a0c | 488d 8424 | d000 0000 | 4c8b 5c24 | 6848 8338 | 000f 8479 
  0x000002491b813b5c: 0000 004d | 8b13 41f6 | c202 0f84 | 6200 0000 | 4983 ba86 | 0000 0000 | 7409 49ff | 8a86 0000 
  0x000002491b813b7c: 00eb 4b49 | 8b82 9600 | 0000 490b | 828e 0000 | 0075 0a49 | c742 3e00 | 0000 00eb | 3d49 83ba 
  0x000002491b813b9c: 9e00 0000 | 0074 2248 | 33c0 49c7 | 423e 0000 | 0000 f083 | 0424 0049 | 83ba 9e00 | 0000 0075 
  0x000002491b813bbc: 0df0 4d0f | b17a 3e75 | 0583 c801 | eb0c a800 | eb08 4c8b | 10f0 4d0f | b113 750a | 49ff 8f48 
  0x000002491b813bdc: 0500 0045 | 33d2 0f85 | 8027 0000 

  0x000002491b813be8: ; implicit exception: dispatches to 0x000002491b817c00
  0x000002491b813be8: 448b 5d08 

  0x000002491b813bec: ;   {metadata('sun/nio/ByteBuffered')}
  0x000002491b813bec: 48b8 80c3 | 3627 4902 | 0000 48be | 0000 0027 | 4902 0000 | 4903 f34c | 8b56 204c | 3bd0 0f84 
  0x000002491b813c0c: 7026 0000 | 488b 7e28 | 8b0f 4883 | c708 4885 | c0f2 48af | 0f85 0400 | 0000 4889 | 4620 0f84 
  0x000002491b813c2c: 5026 0000 

  0x000002491b813c30: ;   {metadata('jdk/internal/loader/URLClassPath$JarLoader$2')}
  0x000002491b813c30: 4181 fe40 | 5421 000f | 850d 1800 | 004c 896c | 2420 4c8b | 5424 684c | 8954 2440 | 498b d290 
  0x000002491b813c50: ;   {optimized virtual_call}
  0x000002491b813c50: c5f8 77e8 

  0x000002491b813c54: ; ImmutableOopMap {[56]=Oop [64]=Oop [104]=Oop [112]=NarrowOop [120]=Oop }
                      ;*invokespecial getBytes {reexecute=0 rethrow=0 return_oop=1}
                      ; - jdk.internal.loader.URLClassPath$JarLoader$2::getBytes@1 (line 862)
                      ; - jdk.internal.loader.BuiltinClassLoader::defineClass@84 (line 859)
  0x000002491b813c54: 481a e5ff 

  0x000002491b813c58: ;   {other}
  0x000002491b813c58: 0f1f 8400 | 4813 0007 | 488b d844 | 8b40 0c45 | 85c0 0f86 | c02b 0000 | 418d 68ff | 413b e80f 
  0x000002491b813c78: 835f 2600 | 0048 8bd0 | 4883 c210 | 33c9 c5f8 | 7749 bae0 | 1200 1b49 | 0200 0041 

  0x000002491b813c94: ;   {other}
  0x000002491b813c94: ffd2 0f1f | 8400 0000 | 0000 4c8b | 4424 4045 | 8b50 1c4d | 8b52 1844 | 8bd8 4d3b | da0f 85ad 
  0x000002491b813cb4: 2b00 0048 | 895c 2448 | 4c8b 5424 | 6845 8b5a 

  0x000002491b813cc4: ;   {metadata('jdk/internal/loader/URLClassPath$JarLoader$2')}
  0x000002491b813cc4: 0841 81fb | 4054 2100 | 0f85 2817 | 0000 418b | 6a1c 448b 

  0x000002491b813cd8: ;   {metadata('java/util/jar/JarFile$JarFileEntry')}
  0x000002491b813cd8: 5508 4181 | fa70 6231 | 000f 85f1 | 2700 004c | 8bc5 458b | 5064 418b | 6a30 85ed | 0f85 fe27 
  0x000002491b813cf8: 0000 450f | b65a 1245 | 85db 0f85 | db15 0000 | 418b 685c | 85ed 0f85 | 5c2a 0000 | 458b 5864 
  0x000002491b813d18: ; implicit exception: dispatches to 0x000002491b817cfc
  0x000002491b813d18: 418b 6b30 | 85ed 0f85 | 0028 0000 | 498b 87b8 | 0100 004c | 8bd0 4983 | c228 4d3b | 97c8 0100 
  0x000002491b813d38: 000f 83d5 | 1c00 004d | 8997 b801 | 0000 410f | 1882 0001 | 0000 48c7 | 0001 0000 

  0x000002491b813d54: ;   {metadata('java/security/CodeSource')}
  0x000002491b813d54: 00c7 4008 | c05c 0000 | 4489 600c | 4c89 6010 | 4c89 6018 | 4c89 6020 | 488b e844 | 8b54 2470 
  0x000002491b813d74: 4489 550c | 4585 d20f | 848f 2a00 | 0049 8bd2 

  0x000002491b813d84: ;   {static_call}
  0x000002491b813d84: c5f8 77e8 

  0x000002491b813d88: ; ImmutableOopMap {rbp=Oop [56]=Oop [72]=Oop [120]=Oop }
                      ;*invokestatic urlNoFragString {reexecute=0 rethrow=0 return_oop=1}
                      ; - java.security.CodeSource::<init>@30 (line 123)
                      ; - jdk.internal.loader.BuiltinClassLoader::defineClass@102 (line 861)
  0x000002491b813d88: d42e f7ff 

  0x000002491b813d8c: ;   {other}
  0x000002491b813d8c: 0f1f 8400 | 7c14 0008 | 488b d841 | 807f 4000 | 0f85 c719 | 0000 4c8b | d344 8955 | 204c 8bd5 
  0x000002491b813dac: 4c8b db4d | 33da 49c1 | eb14 4d85 | db74 1b48 | 85db 7416 | 49c1 ea09 | 4c8b 4424 | 204d 03c2 
  0x000002491b813dcc: 4180 3802 | 0f85 c619 | 0000 4c8b | 4c24 4841 | 8b71 0c48 | 8b54 2478 | 4c8b 4424 | 3833 ff48 
  0x000002491b813dec: 8bcd 6690 

  0x000002491b813df0: ;   {optimized virtual_call}
  0x000002491b813df0: c5f8 77e8 

  0x000002491b813df4: ; ImmutableOopMap {}
                      ;*invokevirtual defineClass {reexecute=0 rethrow=0 return_oop=1}
                      ; - jdk.internal.loader.BuiltinClassLoader::defineClass@117 (line 862)
  0x000002491b813df4: 2898 e8ff 

  0x000002491b813df8: ;   {other}
  0x000002491b813df8: 0f1f 8400 | e814 0009 | c5f8 7748 | 81c4 f000 

  0x000002491b813e08: ;   {poll_return}
  0x000002491b813e08: 0000 5d49 | 3ba7 4804 | 0000 0f87 | f748 0000 | c341 8b69 | 0c41 3bea | 0f84 4d01 | 0000 85ed 
  0x000002491b813e28: 0f8c 7633 | 0000 458b | 4918 4585 | c90f 8429 | 0100 0049 | 8bc9 49bd | 0000 f522 | 4902 0000 
  0x000002491b813e48: 0f1f 8400 | 0000 0000 | 448b 410c | 498b 9750 | 0400 004c 

  0x000002491b813e5c: ; ImmutableOopMap {r11=Oop r9=Oop rcx=Oop r14=Oop [56]=Oop [104]=Oop [112]=NarrowOop [120]=Oop }
                      ;*if_icmpne {reexecute=1 rethrow=0 return_oop=0}
                      ; - (reexecute) java.util.concurrent.ConcurrentHashMap::get@127 (line 946)
                      ; - java.lang.ClassLoader::getDefinedPackage@13 (line 2263)
                      ; - jdk.internal.loader.BuiltinClassLoader::getAndVerifyPackage@2 (line 902)
                      ; - jdk.internal.loader.BuiltinClassLoader::defineOrCheckPackage@4 (line 877)
                      ; - jdk.internal.loader.ClassLoaders$AppClassLoader::defineOrCheckPackage@4 (line 211)
                      ; - jdk.internal.loader.BuiltinClassLoader::defineClass@40 (line 849)
  0x000002491b813e5c: 8b4c 2478 

  0x000002491b813e60: ;   {poll}
  0x000002491b813e60: 8502 453b | c20f 85e4 | 0000 008b | 6910 4c8b | c54d 3bc3 | 0f84 bc00 | 0000 85ed | 0f84 3a36 
  0x000002491b813e80: 0000 4889 | 8c24 9000 | 0000 4489 | 9424 8800 | 0000 4c89 | 4c24 504c | 8974 2448 | 4c89 9c24 
  0x000002491b813ea0: 8000 0000 | 4c89 6c24 | 4044 8b5c | 2470 4489 | 5c24 304c | 8b54 2438 | 4c89 5424 | 204c 8b54 
  0x000002491b813ec0: 2468 4c89 | 5424 284c | 8bc5 488b | 9424 8000 | 0000 4c89 | 4c24 3848 | 8954 2468 

  0x000002491b813edc: ;   {optimized virtual_call}
  0x000002491b813edc: c5f8 77e8 

  0x000002491b813ee0: ; ImmutableOopMap {[32]=Oop [40]=Oop [48]=NarrowOop [56]=Oop [72]=Oop [80]=Oop [104]=Oop [128]=Oop [144]=Oop }
                      ;*invokevirtual equals {reexecute=0 rethrow=0 return_oop=0}
                      ; - java.util.concurrent.ConcurrentHashMap::get@149 (line 947)
                      ; - java.lang.ClassLoader::getDefinedPackage@13 (line 2263)
                      ; - jdk.internal.loader.BuiltinClassLoader::getAndVerifyPackage@2 (line 902)
                      ; - jdk.internal.loader.BuiltinClassLoader::defineOrCheckPackage@4 (line 877)
                      ; - jdk.internal.loader.ClassLoaders$AppClassLoader::defineOrCheckPackage@4 (line 211)
                      ; - jdk.internal.loader.BuiltinClassLoader::defineClass@40 (line 849)
  0x000002491b813ee0: dc12 e8ff 

  0x000002491b813ee4: ;   {other}
  0x000002491b813ee4: 0f1f 8400 | d415 000b | 85c0 0f84 | 1836 0000 | 4c8b 5424 | 284c 8954 | 2468 4c8b | 5424 204c 
  0x000002491b813f04: 8954 2438 | 448b 5424 | 3044 8954 | 2470 4c8b | 6c24 404c | 8b9c 2480 | 0000 004c | 8b74 2448 
  0x000002491b813f24: 4c8b 5424 | 504c 8954 | 2478 488b | 8c24 9000 | 0000 8b69 | 1485 ed0f | 8459 f9ff | ff41 0fb6 
  0x000002491b813f44: 5b11 418b | 430c e9a7 | 0000 0044 | 8b41 1845 | 85c0 0f84 | 3ef9 ffff | 498b c8e9 | ecfe ffff 
  0x000002491b813f64: 49bd 0000 | f522 4902 | 0000 e927 | f9ff ff41 | 8b69 104c | 8bc5 4d3b | c374 5885 | ed0f 84b9 
  0x000002491b813f84: 3200 0044 | 8954 2430 | 4c89 7424 | 284c 895c | 2420 4c8b | c549 8be9 | 4489 4c24 | 3449 8bd3 
  0x000002491b813fa4: 4c8b 5424 | 784c 8954 | 2440 6690 

  0x000002491b813fb0: ;   {optimized virtual_call}
  0x000002491b813fb0: c5f8 77e8 

  0x000002491b813fb4: ; ImmutableOopMap {rbp=Oop [32]=Oop [40]=Oop [52]=NarrowOop [56]=Oop [64]=Oop [104]=Oop [112]=NarrowOop [120]=Oop }
                      ;*invokevirtual equals {reexecute=0 rethrow=0 return_oop=0}
                      ; - java.util.concurrent.ConcurrentHashMap::get@73 (line 940)
                      ; - java.lang.ClassLoader::getDefinedPackage@13 (line 2263)
                      ; - jdk.internal.loader.BuiltinClassLoader::getAndVerifyPackage@2 (line 902)
                      ; - jdk.internal.loader.BuiltinClassLoader::defineOrCheckPackage@4 (line 877)
                      ; - jdk.internal.loader.ClassLoaders$AppClassLoader::defineOrCheckPackage@4 (line 211)
                      ; - jdk.internal.loader.BuiltinClassLoader::defineClass@40 (line 849)
  0x000002491b813fb4: 0812 e8ff 

  0x000002491b813fb8: ;   {other}
  0x000002491b813fb8: 0f1f 8400 | a816 000c | 85c0 0f84 | 331a 0000 | 4c8b 5c24 | 204c 8b74 | 2428 448b | 4c24 3441 
  0x000002491b813fd8: 8b69 1485 | ed0f 84e4 | 1900 0041 | 8b43 0c41 | 0fb6 5b11 | 49bd 0000 | f522 4902 | 0000 448b 
  0x000002491b813ff8: ;   {metadata('java/lang/Package')}
  0x000002491b813ff8: 5508 4181 | fab8 b901 | 000f 853d | 3a00 0045 | 8b4b 1445 | 8b41 0c4c | 8bd5 458b | 5210 4585 
  0x000002491b814018: c00f 8661 | 2900 004c | 8b44 2478 | 418b 4838 | 85c9 0f84 | 6c28 0000 | 85c0 7568 | 85db 0f85 
  0x000002491b814038: 3e14 0000 | 450f be43 | 1045 85c0 | 0f85 3e33 | 0000 4489 | 5424 404c | 8974 2430 | 4c89 5c24 
  0x000002491b814058: 284c 896c | 2420 498b | d148 8be9 | 894c 2444 

  0x000002491b814068: ;   {static_call}
  0x000002491b814068: c5f8 77e8 

  0x000002491b81406c: ; ImmutableOopMap {rbp=Oop [40]=Oop [48]=Oop [56]=Oop [64]=NarrowOop [68]=NarrowOop [104]=Oop [112]=NarrowOop [120]=Oop }
                      ;*invokestatic hashCode {reexecute=0 rethrow=0 return_oop=0}
                      ; - java.lang.String::hashCode@27 (line 2369)
                      ; - java.util.concurrent.ConcurrentHashMap::get@1 (line 936)
                      ; - java.lang.ClassLoader::definePackage@47 (line 2125)
                      ; - java.lang.ClassLoader::getDefinedPackage@32 (line 2267)
                      ; - jdk.internal.loader.BuiltinClassLoader::getAndVerifyPackage@2 (line 902)
                      ; - jdk.internal.loader.BuiltinClassLoader::defineOrCheckPackage@4 (line 877)
                      ; - jdk.internal.loader.ClassLoaders$AppClassLoader::defineOrCheckPackage@4 (line 211)
                      ; - jdk.internal.loader.BuiltinClassLoader::defineClass@40 (line 849)
  0x000002491b81406c: 10b0 83ff 

  0x000002491b814070: ;   {other}
  0x000002491b814070: 0f1f 8400 | 6017 000d | 85c0 0f84 | 0b1a 0000 | 4c8b 5c24 | 2841 8943 | 0c4c 8b6c | 2420 4c8b 
  0x000002491b814090: 7424 3044 | 8b54 2440 | 8b4c 2444 | 448b 4928 | 4585 c90f | 844c f2ff | ff41 8b59 | 0c85 db0f 
  0x000002491b8140b0: 8623 2e00 | 0044 8bc0 | 41c1 e810 | 4433 c0ff | cb41 81e0 | ffff ff7f | 4123 d848 | 63cb 418b 
  0x000002491b8140d0: 4c89 1085 | c90f 841a | f2ff ff8b | 690c 413b | e80f 85f1 | f0ff ff8b | 6910 4c8b | cd4d 3bcb 
  0x000002491b8140f0: 745e 85ed | 0f84 de32 | 0000 4489 | 4424 4444 | 8954 2440 | 4c89 7424 | 304c 895c | 2428 4c89 
  0x000002491b814110: 6c24 204c | 8bc5 488b | e989 4c24 | 4849 8bd3 

  0x000002491b814120: ;   {optimized virtual_call}
  0x000002491b814120: c5f8 77e8 

  0x000002491b814124: ; ImmutableOopMap {rbp=Oop [40]=Oop [48]=Oop [56]=Oop [64]=NarrowOop [72]=NarrowOop [104]=Oop [112]=NarrowOop [120]=Oop }
                      ;*invokevirtual equals {reexecute=0 rethrow=0 return_oop=0}
                      ; - java.util.concurrent.ConcurrentHashMap::get@73 (line 940)
                      ; - java.lang.ClassLoader::definePackage@47 (line 2125)
                      ; - java.lang.ClassLoader::getDefinedPackage@32 (line 2267)
                      ; - jdk.internal.loader.BuiltinClassLoader::getAndVerifyPackage@2 (line 902)
                      ; - jdk.internal.loader.BuiltinClassLoader::defineOrCheckPackage@4 (line 877)
                      ; - jdk.internal.loader.ClassLoaders$AppClassLoader::defineOrCheckPackage@4 (line 211)
                      ; - jdk.internal.loader.BuiltinClassLoader::defineClass@40 (line 849)
  0x000002491b814124: 9810 e8ff 

  0x000002491b814128: ;   {other}
  0x000002491b814128: 0f1f 8400 | 1818 000e | 85c0 0f84 | 7719 0000 | 4c8b 6c24 | 204c 8b5c | 2428 4c8b | 7424 3044 
  0x000002491b814148: 8b54 2440 | 8b4c 2448 | 8b69 1485 | ed0f 849a | f1ff ff44 

  0x000002491b81415c: ;   {metadata('java/lang/Package')}
  0x000002491b81415c: 8b45 0841 | 81f8 b8b9 | 0100 0f85 | d839 0000 | 4c8b d545 | 8b4a 1045 | 8b41 1c45 | 85c0 0f85 
  0x000002491b81417c: 542c 0000 | 458b 4214 

  0x000002491b814184: ; implicit exception: dispatches to 0x000002491b817df0
  0x000002491b814184: 418b 6824 | 85ed 0f85 | 002d 0000 | 4d85 f60f | 8450 f7ff 

  0x000002491b814198: ;   {oop(a 'java/lang/Class'{0x00000000e097fa58} = 'jdk/internal/access/SharedSecrets')}
  0x000002491b814198: ff49 b858 | fa97 e000 | 0000 0045 | 8b80 d400 | 0000 418b | 7808 410f | be4b 1085 | c90f 8571 
  0x000002491b8141b8: 2c00 0041 | 8b4b 148b | 590c 498b | e885 db0f | 865c 0e00 | 0044 8d4b | ff44 3bcb | 0f83 4227 
  0x000002491b8141d8: 0000 8d53 | fd48 8bf1 | 8079 102e | 0f84 ce0b | 0000 83fa | 010f 8e10 | 1d00 0048 | 8974 2458 
  0x000002491b8141f8: 8954 2440 | 4489 4c24 | 2c48 896c | 2430 899c | 2484 0000 | 0089 8c24 | 8000 0000 | 897c 2428 
  0x000002491b814218: 4489 8424 | 9800 0000 | 4c89 5424 | 604c 8974 | 2450 4c89 | 5c24 484c | 896c 2420 | bd01 0000 
  0x000002491b814238: 0044 8b94 | 2484 0000 | 0044 2bd5 | 4183 c2fd | 448b 4424 | 4045 33db | 443b c545 | 0f4c d341 
  0x000002491b814258: 81fa a00f | 0000 41bb | a00f 0000 | 450f 47d3 | 4403 d54c | 63cd 448b | 9c24 8000 | 0000 470f 
  0x000002491b814278: be44 0b10 | 4183 f82e | 7474 470f | be5c 0b11 | 4183 fb2e | 7466 448b | 9c24 8000 | 0000 470f 
  0x000002491b814298: ;   {no_reloc}
  0x000002491b814298: be44 0b12 | 4183 f82e | 0f84 ff0a | 0000 470f | be5c 0b13 | 4183 fb2e | 743f 448d | 4d04 453b 
  0x000002491b8142b8: ca0f 8c11 | efff ff4d | 8b87 5004 | 0000 83c5 

  0x000002491b8142c8: ; ImmutableOopMap {[48]=Oop [56]=Oop [72]=Oop [80]=Oop [88]=Oop [96]=Oop [104]=Oop [112]=NarrowOop [120]=Oop [128]=NarrowOop [152]=NarrowOop }
                      ;*if_icmpne {reexecute=1 rethrow=0 return_oop=0}
                      ; - (reexecute) java.lang.StringLatin1::replace@28 (line 298)
                      ; - java.lang.String::replace@18 (line 2933)
                      ; - jdk.internal.loader.BuiltinClassLoader::isSealed@9 (line 992)
                      ; - jdk.internal.loader.BuiltinClassLoader::getAndVerifyPackage@70 (line 911)
                      ; - jdk.internal.loader.BuiltinClassLoader::defineOrCheckPackage@4 (line 877)
                      ; - jdk.internal.loader.ClassLoaders$AppClassLoader::defineOrCheckPackage@4 (line 211)
                      ; - jdk.internal.loader.BuiltinClassLoader::defineClass@40 (line 849)
                      ;   {poll}
  0x000002491b8142c8: 0341 8500 | 443b 4c24 | 400f 8d73 | 1c00 0041 | 8be9 e95a | ffff ff4c | 8b54 2438 | 4c89 9424 
  0x000002491b8142e8: 8000 0000 | e9dc f2ff | ff83 c502 | ffc5 3bac | 2484 0000 | 000f 8dfa | 0c00 0044 | 8b9c 2484 
  0x000002491b814308: 0000 0041 | 81fb 0000 | 1000 0f87 | 1f19 0000 | 4d8b 87b8 | 0100 004c | 6394 2484 | 0000 0049 
  0x000002491b814328: 83c2 1749 | 83e2 f84d | 8bd8 4d03 | da4d 3b9f | c801 0000 | 0f83 f518 | 0000 4d89 | 9fb8 0100 
  0x000002491b814348: 0041 0f18 | 8300 0100 | 0049 c700 | 0100 0000 | 410f 1883 | 4001 0000 

  0x000002491b814360: ;   {metadata({type array byte})}
  0x000002491b814360: 41c7 4008 | 6822 0000 | 448b 9424 | 8400 0000 | 4589 500c | 410f 1883 | 8001 0000 | 85ed 0f8e 
  0x000002491b814380: cc00 0000 | 8d5d ff3b | 9c24 8400 | 0000 0f83 | 7428 0000 | 448b 9c24 | 8400 0000 | 4585 db0f 
  0x000002491b8143a0: 8663 2800 | 0044 8b94 | 2480 0000 | 0045 0fbe | 5a10 4588 | 5810 83fb | 010f 8e91 | 2800 00ba 
  0x000002491b8143c0: d007 0000 | b901 0000 | 008b fd2b | f9ff cf45 | 33db 3bd9 | 410f 4cfb | 81ff d007 | 0000 0f47 
  0x000002491b8143e0: fa03 f90f | 1f80 0000 | 0000 660f | 1f44 0000 | 4c63 d144 | 8b8c 2480 | 0000 0047 | 0fbe 4c11 
  0x000002491b814400: 1047 884c | 1010 448b | 9c24 8000 | 0000 470f | be5c 1311 | 4788 5c10 | 1183 c102 | 3bcf 7cd0 
  0x000002491b814420: 4d8b 9750 

  0x000002491b814424: ; ImmutableOopMap {r8=Oop [48]=Oop [56]=Oop [72]=Oop [80]=Oop [88]=Oop [96]=Oop [104]=Oop [112]=NarrowOop [120]=Oop [128]=NarrowOop [152]=NarrowOop }
                      ;*goto {reexecute=1 rethrow=0 return_oop=0}
                      ; - (reexecute) java.lang.StringLatin1::replace@76 (line 305)
                      ; - java.lang.String::replace@18 (line 2933)
                      ; - jdk.internal.loader.BuiltinClassLoader::isSealed@9 (line 992)
                      ; - jdk.internal.loader.BuiltinClassLoader::getAndVerifyPackage@70 (line 911)
                      ; - jdk.internal.loader.BuiltinClassLoader::defineOrCheckPackage@4 (line 877)
                      ; - jdk.internal.loader.ClassLoaders$AppClassLoader::defineOrCheckPackage@4 (line 211)
                      ; - jdk.internal.loader.BuiltinClassLoader::defineClass@40 (line 849)
                      ;   {poll}
  0x000002491b814424: 0400 0041 | 8502 3bcb | 7c9b 3bcd | 7d1e 6690 | 4c63 d144 | 8b8c 2480 | 0000 0047 | 0fbe 5c11 
  0x000002491b814444: 1047 885c | 1010 ffc1 | 3bcd 7ce4 | 3bac 2484 | 0000 000f | 8dd6 0e00 | 003b ac24 | 8400 0000 
  0x000002491b814464: 0f83 4a26 | 0000 448b | 5424 2c44 | 3b94 2484 | 0000 000f | 8337 2600 | 0044 8d55 | 014c 63dd 
  0x000002491b814484: 8b8c 2480 | 0000 0046 | 0fbe 4c19 | 1041 83f9 | 2e0f 8412 | 0900 0047 | 884c 1810 | 448d 5d01 
  0x000002491b8144a4: 453b da7d | 0541 8beb | ebd3 443b | 5c24 400f | 8d00 0100 | 00ff c5e9 | 9800 0000 | 41bb 2f00 
  0x000002491b8144c4: 0000 6666 | 0f1f 8400 | 0000 0000 | 4788 5c08 | 1383 c504 | 3be9 7d6c | 4c63 cd44 | 8b9c 2480 
  0x000002491b8144e4: 0000 0047 | 0fbe 5c0b | 1041 83fb | 2e74 4547 | 885c 0810 | 448b 9424 | 8000 0000 | 470f be5c 
  0x000002491b814504: 0a11 4183 | fb2e 7424 | 4788 5c08 | 1147 0fbe | 5c0a 1241 | 83fb 2e74 | 2347 885c | 0812 470f 
  0x000002491b814524: ;   {no_reloc}
  0x000002491b814524: be5c 0a13 | 4183 fb2e | 75a2 eb90 | 41bb 2f00 | 0000 ebd4 | 41bb 2f00 | 0000 ebb3 | 41bb 2f00 
  0x000002491b814544: 0000 ebd5 | 4d8b 9750 

  0x000002491b81454c: ; ImmutableOopMap {r8=Oop [48]=Oop [56]=Oop [72]=Oop [80]=Oop [88]=Oop [96]=Oop [104]=Oop [112]=NarrowOop [120]=Oop [128]=NarrowOop [152]=NarrowOop }
                      ;*goto {reexecute=1 rethrow=0 return_oop=0}
                      ; - (reexecute) java.lang.StringLatin1::replace@113 (line 312)
                      ; - java.lang.String::replace@18 (line 2933)
                      ; - jdk.internal.loader.BuiltinClassLoader::isSealed@9 (line 992)
                      ; - jdk.internal.loader.BuiltinClassLoader::getAndVerifyPackage@70 (line 911)
                      ; - jdk.internal.loader.BuiltinClassLoader::defineOrCheckPackage@4 (line 877)
                      ; - jdk.internal.loader.ClassLoaders$AppClassLoader::defineOrCheckPackage@4 (line 211)
                      ; - jdk.internal.loader.BuiltinClassLoader::defineClass@40 (line 849)
                      ;   {poll}
  0x000002491b81454c: 0400 0041 | 8502 3b6c | 2440 7d64 | 8b8c 2484 | 0000 002b | cd83 c1fd | 448b 5424 | 4045 33c9 
  0x000002491b81456c: 443b d541 | 0f4c c981 | f9a0 0f00 | 0041 bba0 | 0f00 0041 | 0f47 cb03 | cde9 52ff | ffff 4c63 
  0x000002491b81458c: d58b 8c24 | 8000 0000 | 460f be5c | 1110 4183 | fb2e 0f84 | ca08 0000 | 498b c047 | 885c 1010 
  0x000002491b8145ac: ffc5 3bac | 2484 0000 | 007c d3eb | 0f41 8beb | 3bac 2484 | 0000 007c | c549 8bc0 | 498b 9fb8 
  0x000002491b8145cc: 0100 004c | 8bd3 4983 | c218 4d3b | 97c8 0100 | 000f 8381 | 1600 004d | 8997 b801 | 0000 410f 
  0x000002491b8145ec: 1882 0001 | 0000 48c7 | 0301 0000 

  0x000002491b8145f8: ;   {metadata('java/lang/String')}
  0x000002491b8145f8: 00c7 4308 | 40e7 0000 | 4489 630c | 4c89 6310 | 4c8b d044 | 8953 144c | 8b6c 2420 | 4c8b 5c24 
  0x000002491b814618: 484c 8b74 | 2450 4c8b | 5424 6044 | 8b84 2498 | 0000 008b | 7c24 2848 | 8b6c 2430 | 8b50 0c85 
  0x000002491b814638: d20f 86c1 | 0700 0044 | 0fbe 4b10 | c4e2 32f7 | ca48 63f1 | 4183 f901 | 0f84 ee29 | 0000 85c9 
  0x000002491b814658: 0f8c d228 | 0000 894c | 2474 4489 | 4c24 2c89 | 9424 8c00 | 0000 4889 | 9c24 9800 | 0000 4889 
  0x000002491b814678: 8424 9000 | 0000 4889 | 6c24 3089 | 7c24 2844 | 8984 2488 | 0000 004c | 8954 2460 | 4c89 b424 
  0x000002491b814698: 8000 0000 | 4c89 5c24 | 584c 896c | 2420 4889 | b424 a000 | 0000 4883 | c601 8bee | 85ed 0f8c 
  0x000002491b8146b8: cc28 0000 | 4c8b d649 | c1fa 2045 | 8bd2 c462 | 29f7 cd45 | 85c9 0f8c | d429 0000 | 4181 f900 
  0x000002491b8146d8: 0010 000f | 873b 2400 | 0041 8be9 | 4d63 d181 | fd00 0010 | 000f 879f | 1500 0049 | 8b9f b801 
  0x000002491b8146f8: ;   {no_reloc}
  0x000002491b8146f8: 0000 4983 | c217 4983 | e2f8 4c8b | db4d 03da | 4d3b 9fc8 | 0100 000f | 837d 1500 | 004d 899f 
  0x000002491b814718: b801 0000 | 410f 1883 | 0001 0000 | 48c7 0301 | 0000 0041 | 0f18 8340 

  0x000002491b814730: ;   {metadata({type array byte})}
  0x000002491b814730: 0100 00c7 | 4308 6822 | 0000 896b | 0c41 0f18 | 8380 0100 | 0044 8b54 | 2474 41ff | c241 3bea 
  0x000002491b814750: 0f82 d123 | 0000 448b | 5424 7442 | c644 1310 | 2f44 8b44 | 242c 4585 | c00f 8561 | 2800 003b 
  0x000002491b814770: ac24 8c00 | 0000 0f82 | 1c24 0000 | 448b 9c24 | 8c00 0000 | 4585 db76 | 2e48 8b8c | 2490 0000 
  0x000002491b814790: 0048 83c1 | 1048 8bd3 | 4883 c210 | 4d63 c3c5 | f877 49ba | c02c 031b | 4902 0000 

  0x000002491b8147ac: ;   {other}
  0x000002491b8147ac: 41ff d20f | 1f84 0000 | 0000 0049 | 8b87 b801 | 0000 4c8b | d049 83c2 | 184d 3b97 | c801 0000 
  0x000002491b8147cc: 0f83 ee14 | 0000 4d89 | 97b8 0100 | 0041 0f18 | 8200 0100 | 0048 c700 | 0100 0000 

  0x000002491b8147e8: ;   {metadata('java/lang/String')}
  0x000002491b8147e8: c740 0840 | e700 0044 | 8960 0c44 | 8960 104c | 8bd3 4489 | 5014 4c8b | 6c24 204c | 8b5c 2458 
  0x000002491b814808: 4c8b b424 | 8000 0000 | 4c8b 5424 | 6044 8b84 | 2488 0000 | 008b 7c24 

  0x000002491b814820: ;   {metadata('java/util/jar/JavaUtilJarAccessImpl')}
  0x000002491b814820: 2881 ffb0 | 8a31 000f | 85a7 2100 | 0041 8b6e | 1044 8b4d 

  0x000002491b814834: ;   {metadata('java/util/HashMap')}
  0x000002491b814834: 0841 81f9 | 20ce 0800 | 0f85 e621 | 0000 4c8b | c545 8b40 | 2445 85c0 | 0f84 d301 | 0000 418b 
  0x000002491b814854: 580c 85db | 0f86 aa28 | 0000 4c8b | c88b 500c | ffcb 85d2 | 0f85 d000 | 0000 0fb6 | 7811 85ff 
  0x000002491b814874: 0f85 070c | 0000 0fbe | 5010 85d2 | 0f85 be2b | 0000 895c | 2474 4889 | 8424 8000 | 0000 4c89 
  0x000002491b814894: 5424 604c | 8b54 2478 | 4c89 5424 | 584c 8974 | 2450 4c89 | 5c24 484c | 896c 2440 | 4c8b 5424 
  0x000002491b8148b4: 384c 8954 | 2428 4c8b | 5424 684c | 8954 2420 | 448b 5014 | 498b e844 | 8944 2434 | 498b d290 
  0x000002491b8148d4: ;   {static_call}
  0x000002491b8148d4: c5f8 77e8 

  0x000002491b8148d8: ; ImmutableOopMap {rbp=Oop [32]=Oop [40]=Oop [52]=NarrowOop [72]=Oop [80]=Oop [88]=Oop [96]=Oop [112]=NarrowOop [128]=Oop }
                      ;*invokestatic hashCode {reexecute=0 rethrow=0 return_oop=0}
                      ; - java.lang.String::hashCode@27 (line 2369)
                      ; - java.util.HashMap::hash@9 (line 338)
                      ; - java.util.HashMap::getNode@23 (line 576)
                      ; - java.util.HashMap::get@2 (line 564)
                      ; - java.util.jar.Manifest::getAttributes@5 (line 160)
                      ; - java.util.jar.Manifest::getTrustedAttributes@2 (line 177)
                      ; - java.util.jar.JavaUtilJarAccessImpl::getTrustedAttributes@2 (line 38)
                      ; - jdk.internal.loader.BuiltinClassLoader::isSealed@17 (line 992)
                      ; - jdk.internal.loader.BuiltinClassLoader::getAndVerifyPackage@70 (line 911)
                      ; - jdk.internal.loader.BuiltinClassLoader::defineOrCheckPackage@4 (line 877)
                      ; - jdk.internal.loader.ClassLoaders$AppClassLoader::defineOrCheckPackage@4 (line 211)
                      ; - jdk.internal.loader.BuiltinClassLoader::defineClass@40 (line 849)
  0x000002491b8148d8: a4a7 83ff 

  0x000002491b8148dc: ;   {other}
  0x000002491b8148dc: 0f1f 8400 | cc1f 0012 | 85c0 0f84 | e511 0000 | 4c8b 8c24 | 8000 0000 | 4189 410c | 8bc8 c1e9 
  0x000002491b8148fc: 1033 c88b | 5c24 7423 | d94c 8b54 | 2420 4c89 | 5424 684c | 8b54 2428 | 4c89 5424 | 384c 8b6c 
  0x000002491b81491c: 2440 4c8b | 5c24 484c | 8b74 2450 | 4c8b 5424 | 584c 8954 | 2478 4c8b | 5424 6044 | 8b44 2434 
  0x000002491b81493c: eb09 8bca | c1e9 1033 | ca23 d941 | 8b5c 9810 | 85db 0f84 | d100 0000 | 448b 430c | 443b c10f 
  0x000002491b81495c: 8526 0300 | 008b 5310 | 488b eb4c | 8bc2 4d3b | c10f 850e | 0500 0044 | 8b45 1445 | 85c0 0f84 
  0x000002491b81497c: a500 0000 | 418b 4808 

  0x000002491b814984: ;   {metadata('java/util/jar/Attributes')}
  0x000002491b814984: 81f9 78e4 | 1600 0f85 | 6031 0000 | 418b 6e14 | 498b d885 | ed0f 853d | 2900 004c | 8954 2458 
  0x000002491b8149a4: 4c89 7424 | 484c 895c | 2440 498b | ed44 8b5c | 2470 4489 | 5c24 304c | 8b54 2438 | 4c89 5424 
  0x000002491b8149c4: 204c 8b54 | 2468 4c89 | 5424 2848 

  0x000002491b8149d0: ;   {oop(a 'java/util/jar/Attributes$Name'{0x00000000e099df90})}
  0x000002491b8149d0: 8bd3 49b8 | 90df 99e0 | 0000 0000 

  0x000002491b8149dc: ;   {optimized virtual_call}
  0x000002491b8149dc: c5f8 77e8 

  0x000002491b8149e0: ; ImmutableOopMap {[32]=Oop [40]=Oop [48]=NarrowOop [64]=Oop [72]=Oop [88]=Oop [120]=Oop }
                      ;*invokevirtual getValue {reexecute=0 rethrow=0 return_oop=1}
                      ; - jdk.internal.loader.BuiltinClassLoader::isSealed@34 (line 995)
                      ; - jdk.internal.loader.BuiltinClassLoader::getAndVerifyPackage@70 (line 911)
                      ; - jdk.internal.loader.BuiltinClassLoader::defineOrCheckPackage@4 (line 877)
                      ; - jdk.internal.loader.ClassLoaders$AppClassLoader::defineOrCheckPackage@4 (line 211)
                      ; - jdk.internal.loader.BuiltinClassLoader::defineClass@40 (line 849)
  0x000002491b8149e0: 9ca0 83ff 

  0x000002491b8149e4: ;   {other}
  0x000002491b8149e4: 0f1f 8400 | d420 0013 | 4885 c00f | 8533 2a00 | 004c 8b54 | 2428 4c89 | 5424 684c | 8b54 2420 
  0x000002491b814a04: 4c89 5424 | 3844 8b54 | 2430 4489 | 5424 704c | 8bed 4c8b | 5c24 404c | 8b74 2448 | 4c8b 5424 
  0x000002491b814a24: 5841 8b5e | 0c8b 6b0c 

  0x000002491b814a2c: ; implicit exception: dispatches to 0x000002491b817e78
  0x000002491b814a2c: 448b 4d08 

  0x000002491b814a30: ;   {metadata('java/util/LinkedHashMap')}
  0x000002491b814a30: 4181 f970 | e50f 000f | 8547 2000 | 0048 8bc5 | 448b 4024 | 4585 c00f | 849c eeff | ff45 8b48 
  0x000002491b814a50: 0c45 85c9 | 0f86 0627 

  0x000002491b814a58: ;   {oop(a 'java/util/jar/Attributes$Name'{0x00000000e099df90})}
  0x000002491b814a58: 0000 48b9 | 90df 99e0 | 0000 0000 | 8b51 0c41 | ffc9 8bfa | c1ef 1033 | fa44 23cf | 438b 6c88 
  0x000002491b814a78: 1085 ed0f | 8468 eeff | ff44 8b45 | 0c44 3bc7 | 0f85 dc00 | 0000 448b | 4d10 488b 

  0x000002491b814a94: ;   {oop(a 'java/util/jar/Attributes$Name'{0x00000000e099df90})}
  0x000002491b814a94: cd41 81f9 | 90df 99e0 | 0f85 9304 | 0000 440f | b648 3045 | 85c9 0f85 | 6e10 0000 | 8b69 1485 
  0x000002491b814ab4: ed0f 842e | eeff ff44 

  0x000002491b814abc: ;   {metadata('java/lang/String')}
  0x000002491b814abc: 8b45 0841 | 81f8 40e7 | 0000 0f85 | f42f 0000 

  0x000002491b814acc: ;   {oop("true"{0x00000000e08ad990})}
  0x000002491b814acc: 488b fd48 | ba90 d98a | e000 0000 | 0048 3bfa | 0f84 d027 | 0000 448b | 4714 458b | 480c 440f 
  0x000002491b814aec: be47 10c4 | 423a f7c9 | 4183 f904 | 0f85 ebed | ffff 4c89 | 7424 504c | 895c 2448 | 4c89 6c24 
  0x000002491b814b0c: 404c 8b5c | 2438 4c89 | 5c24 284c | 8b5c 2468 | 4c89 5c24 | 20b9 0400 | 0000 498b | ea41 b801 
  0x000002491b814b2c: 0000 0045 | 33c9 33f6 

  0x000002491b814b34: ;   {optimized virtual_call}
  0x000002491b814b34: c5f8 77e8 

  0x000002491b814b38: ; ImmutableOopMap {rbp=Oop [32]=Oop [40]=Oop [72]=Oop [80]=Oop [112]=NarrowOop [120]=Oop }
                      ;*invokevirtual regionMatches {reexecute=0 rethrow=0 return_oop=0}
                      ; - java.lang.String::equalsIgnoreCase@33 (line 1993)
                      ; - jdk.internal.loader.BuiltinClassLoader::isSealed@67 (line 998)
                      ; - jdk.internal.loader.BuiltinClassLoader::getAndVerifyPackage@70 (line 911)
                      ; - jdk.internal.loader.BuiltinClassLoader::defineOrCheckPackage@4 (line 877)
                      ; - jdk.internal.loader.ClassLoaders$AppClassLoader::defineOrCheckPackage@4 (line 211)
                      ; - jdk.internal.loader.BuiltinClassLoader::defineClass@40 (line 849)
  0x000002491b814b38: 449f 83ff 

  0x000002491b814b3c: ;   {other}
  0x000002491b814b3c: 0f1f 8400 | 2c22 0014 | 85c0 0f85 | 4827 0000 | 4c8b 5424 | 204c 8954 | 2468 4c8b | 5424 284c 
  0x000002491b814b5c: 8954 2438 | 4c8b 6c24 | 40e9 7fed | ffff 448b | 4518 4585 | c00f 8472 | edff ff8b 

  0x000002491b814b78: ;   {metadata('java/util/HashMap$TreeNode')}
  0x000002491b814b78: 5508 81fa | 8023 1a00 | 0f84 1e2a | 0000 498b | c80f 1f80 | 0000 0000 | 448b 490c | 443b cf0f 
  0x000002491b814b98: 85cb 0000 | 0044 8b41 

  0x000002491b814ba0: ;   {oop(a 'java/util/jar/Attributes$Name'{0x00000000e099df90})}
  0x000002491b814ba0: 1041 81f8 | 90df 99e0 | 0f84 f4fe | ffff 4889 | 8c24 8000 | 0000 897c | 2474 4889 | 4424 604c 
  0x000002491b814bc0: 8954 2458 | 4c8b 5424 | 784c 8954 | 2450 4c89 | 7424 484c | 895c 2440 | 498b ed44 | 8b54 2470 
  0x000002491b814be0: 4489 5424 | 304c 8b54 | 2438 4c89 | 5424 204c | 8b54 2468 | 4c89 5424 

  0x000002491b814bf8: ;   {oop(a 'java/util/jar/Attributes$Name'{0x00000000e099df90})}
  0x000002491b814bf8: 2848 ba90 | df99 e000 | 0000 0090 

  0x000002491b814c04: ;   {optimized virtual_call}
  0x000002491b814c04: c5f8 77e8 

  0x000002491b814c08: ; ImmutableOopMap {[32]=Oop [40]=Oop [48]=NarrowOop [64]=Oop [72]=Oop [80]=Oop [88]=Oop [96]=Oop [128]=Oop }
                      ;*invokevirtual equals {reexecute=0 rethrow=0 return_oop=0}
                      ; - java.util.HashMap::getNode@128 (line 585)
                      ; - java.util.LinkedHashMap::get@2 (line 536)
                      ; - java.util.jar.Attributes::get@5 (line 106)
                      ; - java.util.jar.Attributes::getValue@2 (line 142)
                      ; - jdk.internal.loader.BuiltinClassLoader::isSealed@57 (line 997)
                      ; - jdk.internal.loader.BuiltinClassLoader::getAndVerifyPackage@70 (line 911)
                      ; - jdk.internal.loader.BuiltinClassLoader::defineOrCheckPackage@4 (line 877)
                      ; - jdk.internal.loader.ClassLoaders$AppClassLoader::defineOrCheckPackage@4 (line 211)
                      ; - jdk.internal.loader.BuiltinClassLoader::defineClass@40 (line 849)
  0x000002491b814c08: 749e 83ff 

  0x000002491b814c0c: ;   {other}
  0x000002491b814c0c: 0f1f 8400 | fc22 0015 | 85c0 0f84 | e02d 0000 | 4c8b 5424 | 284c 8954 | 2468 4c8b | 5424 204c 
  0x000002491b814c2c: 8954 2438 | 448b 5424 | 3044 8954 | 2470 4c8b | ed4c 8b5c | 2440 4c8b | 7424 484c | 8b54 2450 
  0x000002491b814c4c: 4c89 5424 | 784c 8b54 | 2458 488b | 4424 6048 | 8b8c 2480 | 0000 00e9 | 3afe ffff | 498b af50 
  0x000002491b814c6c: 0400 0044 

  0x000002491b814c70: ; ImmutableOopMap {r10=Oop r11=Oop r8=NarrowOop rax=Oop r14=Oop [56]=Oop [104]=Oop [112]=NarrowOop [120]=Oop }
                      ;*ifnonnull {reexecute=1 rethrow=0 return_oop=0}
                      ; - (reexecute) java.util.HashMap::getNode@145 (line 587)
                      ; - java.util.LinkedHashMap::get@2 (line 536)
                      ; - java.util.jar.Attributes::get@5 (line 106)
                      ; - java.util.jar.Attributes::getValue@2 (line 142)
                      ; - jdk.internal.loader.BuiltinClassLoader::isSealed@57 (line 997)
                      ; - jdk.internal.loader.BuiltinClassLoader::getAndVerifyPackage@70 (line 911)
                      ; - jdk.internal.loader.BuiltinClassLoader::defineOrCheckPackage@4 (line 877)
                      ; - jdk.internal.loader.ClassLoaders$AppClassLoader::defineOrCheckPackage@4 (line 211)
                      ; - jdk.internal.loader.BuiltinClassLoader::defineClass@40 (line 849)
                      ;   {poll}
  0x000002491b814c70: 8b41 1885 | 4500 4585 | c00f 846a | ecff ff49 | 8bc8 e909 | ffff ff8b | 7b18 85ff | 0f84 93fd 
  0x000002491b814c90: ffff 8b53 

  0x000002491b814c94: ;   {metadata('java/util/HashMap$TreeNode')}
  0x000002491b814c94: 0881 fa80 | 231a 000f | 84a3 2800 | 0048 8bef | 660f 1f44 | 0000 660f | 1f44 0000 | 8b55 0c3b 
  0x000002491b814cb4: d10f 85be | 0000 008b | 5510 4c8b | c24d 3bc1 | 0f84 a9fc | ffff 898c | 2488 0000 | 004c 898c 
  0x000002491b814cd4: 2480 0000 | 004c 8954 | 2460 4c8b | 5424 784c | 8954 2440 | 4c89 7424 | 504c 895c | 2448 4c89 
  0x000002491b814cf4: 6c24 2044 | 8b54 2470 | 4489 5424 | 584c 8b54 | 2438 4c89 | 5424 284c | 8b54 2468 | 4c89 5424 
  0x000002491b814d14: 3049 8bd1 

  0x000002491b814d18: ;   {optimized virtual_call}
  0x000002491b814d18: c5f8 77e8 

  0x000002491b814d1c: ; ImmutableOopMap {rbp=Oop [40]=Oop [48]=Oop [64]=Oop [72]=Oop [80]=Oop [88]=NarrowOop [96]=Oop [128]=Oop }
                      ;*invokevirtual equals {reexecute=0 rethrow=0 return_oop=0}
                      ; - java.util.HashMap::getNode@128 (line 585)
                      ; - java.util.HashMap::get@2 (line 564)
                      ; - java.util.jar.Manifest::getAttributes@5 (line 160)
                      ; - java.util.jar.Manifest::getTrustedAttributes@2 (line 177)
                      ; - java.util.jar.JavaUtilJarAccessImpl::getTrustedAttributes@2 (line 38)
                      ; - jdk.internal.loader.BuiltinClassLoader::isSealed@17 (line 992)
                      ; - jdk.internal.loader.BuiltinClassLoader::getAndVerifyPackage@70 (line 911)
                      ; - jdk.internal.loader.BuiltinClassLoader::defineOrCheckPackage@4 (line 877)
                      ; - jdk.internal.loader.ClassLoaders$AppClassLoader::defineOrCheckPackage@4 (line 211)
                      ; - jdk.internal.loader.BuiltinClassLoader::defineClass@40 (line 849)
  0x000002491b814d1c: 609d 83ff 

  0x000002491b814d20: ;   {other}
  0x000002491b814d20: 0f1f 8400 | 1024 0017 | 85c0 0f84 | a62c 0000 | 4c8b 5424 | 304c 8954 | 2468 4c8b | 5424 284c 
  0x000002491b814d40: 8954 2438 | 448b 5c24 | 5844 895c | 2470 4c8b | 6c24 204c | 8b5c 2448 | 4c8b 7424 | 504c 8b54 
  0x000002491b814d60: 2440 4c89 | 5424 784c | 8b54 2460 | 4c8b 8c24 | 8000 0000 | e9fa fbff | ff8b 5d18 | 498b af50 
  0x000002491b814d80: ; ImmutableOopMap {r10=Oop r11=Oop r9=Oop rbx=NarrowOop r14=Oop [56]=Oop [104]=Oop [112]=NarrowOop [120]=Oop }
                      ;*ifnonnull {reexecute=1 rethrow=0 return_oop=0}
                      ; - (reexecute) java.util.HashMap::getNode@145 (line 587)
                      ; - java.util.HashMap::get@2 (line 564)
                      ; - java.util.jar.Manifest::getAttributes@5 (line 160)
                      ; - java.util.jar.Manifest::getTrustedAttributes@2 (line 177)
                      ; - java.util.jar.JavaUtilJarAccessImpl::getTrustedAttributes@2 (line 38)
                      ; - jdk.internal.loader.BuiltinClassLoader::isSealed@17 (line 992)
                      ; - jdk.internal.loader.BuiltinClassLoader::getAndVerifyPackage@70 (line 911)
                      ; - jdk.internal.loader.BuiltinClassLoader::defineOrCheckPackage@4 (line 877)
                      ; - jdk.internal.loader.ClassLoaders$AppClassLoader::defineOrCheckPackage@4 (line 211)
                      ; - jdk.internal.loader.BuiltinClassLoader::defineClass@40 (line 849)
                      ;   {poll}
  0x000002491b814d80: 0400 0085 | 4500 85db | 0f84 97fc | ffff 488b | ebe9 1aff | ffff 49bd | 0000 f522 | 4902 0000 
  0x000002491b814da0: e9f5 eaff | ff83 c502 | e949 f5ff | ff41 b92f | 0000 00e9 | e3f6 ffff | 4889 7424 | 5889 5424 
  0x000002491b814dc0: 4044 894c | 242c 4889 | 6c24 3089 | 9c24 8400 | 0000 898c | 2480 0000 | 0089 7c24 | 2844 8984 
  0x000002491b814de0: 2498 0000 | 004c 8954 | 2460 4c89 | 7424 504c | 895c 2448 | 4c89 6c24 | 2033 ede9 | f6f4 ffff 
  0x000002491b814e00: 498b 87b8 | 0100 004c | 8bc8 4983 | c118 4d3b | 8fc8 0100 | 000f 83c0 | 1100 004d | 898f b801 
  0x000002491b814e20: 0000 410f | 1881 0001 | 0000 48c7 | 0001 0000 

  0x000002491b814e30: ;   {metadata('java/lang/String')}
  0x000002491b814e30: 00c7 4008 | 40e7 0000 | 4489 600c | 4489 6010 

  0x000002491b814e40: ;   {oop([B{0x00000000e097e628})}
  0x000002491b814e40: c740 1428 

  0x000002491b814e44: ;   {oop("/"{0x00000000e097e610})}
  0x000002491b814e44: e697 e048 | b910 e697 | e000 0000 | 0044 8b49 | 0c44 8948 | 0c0f b649 | 1188 4811 | e9bc f9ff 
  0x000002491b814e64: ff4c 894e | 20e9 26e9 | ffff 41bb | 2f00 0000 | e92b f7ff | ff45 8bd1 | e928 e5ff | ff89 9c24 
  0x000002491b814e84: 8800 0000 | 894c 2474 | 4c89 8c24 | 8000 0000 | 4c89 5424 | 604c 8b54 | 2478 4c89 | 5424 584c 
  0x000002491b814ea4: 8974 2448 | 4c89 5c24 | 504c 896c | 2440 448b | 5c24 7044 | 895c 2430 | 4c8b 5424 | 384c 8954 
  0x000002491b814ec4: 2420 4c8b | 5424 684c | 8954 2428 | 498b d190 

  0x000002491b814ed4: ;   {optimized virtual_call}
  0x000002491b814ed4: c5f8 77e8 

  0x000002491b814ed8: ; ImmutableOopMap {rbp=Oop [32]=Oop [40]=Oop [48]=NarrowOop [72]=Oop [80]=Oop [88]=Oop [96]=Oop [128]=Oop [136]=NarrowOop }
                      ;*invokevirtual equals {reexecute=0 rethrow=0 return_oop=0}
                      ; - java.util.HashMap::getNode@63 (line 578)
                      ; - java.util.HashMap::get@2 (line 564)
                      ; - java.util.jar.Manifest::getAttributes@5 (line 160)
                      ; - java.util.jar.Manifest::getTrustedAttributes@2 (line 177)
                      ; - java.util.jar.JavaUtilJarAccessImpl::getTrustedAttributes@2 (line 38)
                      ; - jdk.internal.loader.BuiltinClassLoader::isSealed@17 (line 992)
                      ; - jdk.internal.loader.BuiltinClassLoader::getAndVerifyPackage@70 (line 911)
                      ; - jdk.internal.loader.BuiltinClassLoader::defineOrCheckPackage@4 (line 877)
                      ; - jdk.internal.loader.ClassLoaders$AppClassLoader::defineOrCheckPackage@4 (line 211)
                      ; - jdk.internal.loader.BuiltinClassLoader::defineClass@40 (line 849)
  0x000002491b814ed8: a49b 83ff 

  0x000002491b814edc: ;   {other}
  0x000002491b814edc: 0f1f 8400 | cc25 0019 | 85c0 0f84 | 1028 0000 | 4c8b 5424 | 284c 8954 | 2468 4c8b | 5424 204c 
  0x000002491b814efc: 8954 2438 | 448b 5424 | 3044 8954 | 2470 4c8b | 6c24 404c | 8b5c 2450 | 4c8b 7424 | 484c 8b54 
  0x000002491b814f1c: 2458 4c89 | 5424 784c | 8b54 2460 | 4c8b 8c24 | 8000 0000 | e93e faff | ff48 898c | 2488 0000 
  0x000002491b814f3c: 0089 7c24 | 7448 8984 | 2480 0000 | 004c 8954 | 2460 4c8b | 5424 784c | 8954 2440 | 4c89 7424 
  0x000002491b814f5c: 504c 895c | 2448 4c89 | 6c24 2044 | 8b54 2470 | 4489 5424 | 584c 8b54 | 2438 4c89 | 5424 284c 
  0x000002491b814f7c: 8b54 2468 | 4c89 5424 | 304d 8bc1 

  0x000002491b814f88: ;   {oop(a 'java/util/jar/Attributes$Name'{0x00000000e099df90})}
  0x000002491b814f88: 48ba 90df | 99e0 0000 | 0000 6690 

  0x000002491b814f94: ;   {optimized virtual_call}
  0x000002491b814f94: c5f8 77e8 

  0x000002491b814f98: ; ImmutableOopMap {rbp=NarrowOop [40]=Oop [48]=Oop [64]=Oop [72]=Oop [80]=Oop [88]=NarrowOop [96]=Oop [128]=Oop [136]=Oop }
                      ;*invokevirtual equals {reexecute=0 rethrow=0 return_oop=0}
                      ; - java.util.HashMap::getNode@63 (line 578)
                      ; - java.util.LinkedHashMap::get@2 (line 536)
                      ; - java.util.jar.Attributes::get@5 (line 106)
                      ; - java.util.jar.Attributes::getValue@2 (line 142)
                      ; - jdk.internal.loader.BuiltinClassLoader::isSealed@57 (line 997)
                      ; - jdk.internal.loader.BuiltinClassLoader::getAndVerifyPackage@70 (line 911)
                      ; - jdk.internal.loader.BuiltinClassLoader::defineOrCheckPackage@4 (line 877)
                      ; - jdk.internal.loader.ClassLoaders$AppClassLoader::defineOrCheckPackage@4 (line 211)
                      ; - jdk.internal.loader.BuiltinClassLoader::defineClass@40 (line 849)
  0x000002491b814f98: e49a 83ff 

  0x000002491b814f9c: ;   {other}
  0x000002491b814f9c: 0f1f 8400 | 8c26 001a | 85c0 0f84 | 8827 0000 | 4c8b 5424 | 304c 8954 | 2468 4c8b | 5424 284c 
  0x000002491b814fbc: 8954 2438 | 448b 5424 | 5844 8954 | 2470 4c8b | 6c24 204c | 8b5c 2448 | 4c8b 7424 | 504c 8b54 
  0x000002491b814fdc: 2440 4c89 | 5424 784c | 8b54 2460 | 488b 8424 | 8000 0000 | 488b 8c24 | 8800 0000 | e9a5 faff 
  0x000002491b814ffc: ff4c 8b6c | 2420 4c8b | 5c24 484c | 8b74 2450 | 4c8b 5424 | 6044 8b84 | 2498 0000 | 008b 7c24 
  0x000002491b81501c: 288b 8c24 | 8000 0000 | 488b 6c24 | 304c 8bc9 | 498b c149 | 8bdb e9fd | f5ff ff48 | 895c 2450 
  0x000002491b81503c: 4c89 5c24 | 484c 8b54 | 2438 4c89 | 5424 2848 | 8bd3 6690 

  0x000002491b815050: ;   {optimized virtual_call}
  0x000002491b815050: c5f8 77e8 

  0x000002491b815054: ; ImmutableOopMap {[40]=Oop [64]=Oop [72]=Oop [80]=Oop [104]=Oop [112]=NarrowOop [128]=Oop }
                      ;*invokevirtual getManEntry {reexecute=0 rethrow=0 return_oop=1}
                      ; - java.util.jar.JarFile::getManifestFromReference@27 (line 413)
                      ; - java.util.jar.JarFile::getManifest@1 (line 405)
                      ; - jdk.internal.loader.URLClassPath$JarLoader$2::getManifest@22 (line 853)
                      ; - jdk.internal.loader.BuiltinClassLoader::defineClass@29 (line 848)
  0x000002491b815054: a818 acf8 

  0x000002491b815058: ;   {other}
  0x000002491b815058: 0f1f 8400 | 4827 001b | 4c8b c048 | 85c0 0f84 | 4a27 0000 | 4c8b 5c24 | 5041 0fb6 | 6b12 85ed 
  0x000002491b815078: 0f85 6e27 | 0000 4c89 | 5c24 3849 | 8bd3 488b | 6c24 4090 

  0x000002491b81508c: ;   {optimized virtual_call}
  0x000002491b81508c: c5f8 77e8 

  0x000002491b815090: ; ImmutableOopMap {rbp=Oop [40]=Oop [56]=Oop [64]=Oop [72]=Oop [104]=Oop [112]=NarrowOop [128]=Oop }
                      ;*invokespecial getInputStream {reexecute=0 rethrow=0 return_oop=1}
                      ; - java.util.jar.JarFile::getManifestFromReference@130 (line 430)
                      ; - java.util.jar.JarFile::getManifest@1 (line 405)
                      ; - jdk.internal.loader.URLClassPath$JarLoader$2::getManifest@22 (line 853)
                      ; - jdk.internal.loader.BuiltinClassLoader::defineClass@29 (line 848)
  0x000002491b815090: aceb fbff 

  0x000002491b815094: ;   {other}
  0x000002491b815094: 0f1f 8400 | 8427 001c | 488b e849 | 8b87 b801 | 0000 4c8b | d049 83c2 | 184d 3b97 | c801 0000 
  0x000002491b8150b4: 0f83 5911 | 0000 4d89 | 97b8 0100 | 0041 0f18 | 8200 0100 | 0048 c700 | 0100 0000 

  0x000002491b8150d0: ;   {metadata('java/util/jar/Manifest')}
  0x000002491b8150d0: c740 0848 | f004 0044 | 8960 0c4c | 8960 104c | 8bd0 4c89 | 5424 504c | 8b54 2438 | 458b 5a14 
  0x000002491b8150f0: 498b fb48 | 8b54 2450 | 4533 c04c | 8bcd 6690 

  0x000002491b815100: ;   {optimized virtual_call}
  0x000002491b815100: c5f8 77e8 

  0x000002491b815104: ; ImmutableOopMap {rbp=Oop [40]=Oop [56]=Oop [64]=Oop [72]=Oop [80]=Oop [104]=Oop [112]=NarrowOop [128]=Oop }
                      ;*invokespecial <init> {reexecute=0 rethrow=0 return_oop=0}
                      ; - java.util.jar.Manifest::<init>@4 (line 88)
                      ; - java.util.jar.JarFile::getManifestFromReference@143 (line 431)
                      ; - java.util.jar.JarFile::getManifest@1 (line 405)
                      ; - jdk.internal.loader.URLClassPath$JarLoader$2::getManifest@22 (line 853)
                      ; - jdk.internal.loader.BuiltinClassLoader::defineClass@29 (line 848)
  0x000002491b815104: 9037 0000 

  0x000002491b815108: ;   {other}
  0x000002491b815108: 0f1f 8400 | f827 001d | 4c8b d545 

  0x000002491b815114: ;   {metadata('java/util/zip/ZipFile$ZipFileInflaterInputStream')}
  0x000002491b815114: 8b42 0841 | 81f8 80d3 | 3100 0f85 | cc24 0000 | 498b d248 | 8b6c 2440 

  0x000002491b81512c: ;   {optimized virtual_call}
  0x000002491b81512c: c5f8 77e8 

  0x000002491b815130: ; ImmutableOopMap {rbp=Oop [40]=Oop [56]=Oop [64]=Oop [72]=Oop [80]=Oop [104]=Oop [112]=NarrowOop [128]=Oop }
                      ;*invokevirtual close {reexecute=0 rethrow=0 return_oop=0}
                      ; - java.util.jar.JarFile::getManifestFromReference@152 (line 432)
                      ; - java.util.jar.JarFile::getManifest@1 (line 405)
                      ; - jdk.internal.loader.URLClassPath$JarLoader$2::getManifest@22 (line 853)
                      ; - jdk.internal.loader.BuiltinClassLoader::defineClass@29 (line 848)
  0x000002491b815130: acb9 fbff 

  0x000002491b815134: ;   {other}
  0x000002491b815134: 0f1f 8400 | 2428 001e | 4d8b 87b8 | 0100 004d | 8bd0 4983 | c228 4d3b | 97c8 0100 | 000f 83de 
  0x000002491b815154: 1000 004d | 8997 b801 | 0000 410f | 1882 0001 | 0000 49c7 | 0001 0000 

  0x000002491b81516c: ;   {metadata('java/lang/ref/SoftReference')}
  0x000002491b81516c: 0041 c740 | 08c0 d303 | 004d 8960 | 104d 8960 | 184d 8960 | 204c 8b6c | 2450 4d8b | dd45 8958 
  0x000002491b81518c: 0c41 807f | 4000 0f85 | 900c 0000 

  0x000002491b815198: ;   {oop(a 'java/lang/ref/ReferenceQueue$Null'{0x00000000e06eca20})}
  0x000002491b815198: 41c7 4010 | 20ca 6ee0 | 4d8b d049 

  0x000002491b8151a4: ;   {oop(a 'java/lang/ref/ReferenceQueue$Null'{0x00000000e06eca20})}
  0x000002491b8151a4: 8bd8 49bb | 20ca 6ee0 | 0000 0000 | 4d33 da49 | c1eb 144d | 85db 741a | 49c1 ea09 | 48b9 0000 
  0x000002491b8151c4: f522 4902 | 0000 4903 | ca80 3902 | 0f85 d60c | 0000 f083 | 4424 c000 | 4180 7f40 | 000f 8509 
  0x000002491b8151e4: 0c00 004c | 8b4c 2438 | 4189 5928 

  0x000002491b8151f0: ;   {oop(a 'java/lang/Class'{0x00000000e09a0268} = 'java/lang/ref/SoftReference')}
  0x000002491b8151f0: 49ba 6802 | 9ae0 0000 | 0000 4d8b | 5270 4d89 | 5020 4d8b | d04d 8bd9 | 4d33 d349 | c1ea 144d 
  0x000002491b815210: 85d2 741a | 49c1 eb09 | 48b9 0000 | f522 4902 | 0000 4903 | cb80 3902 | 0f85 2d0c | 0000 4d8b 
  0x000002491b815230: f54c 8b54 | 2428 4c89 | 5424 38e9 | 64e5 ffff | 4c89 4c24 | 5044 8944 | 2434 4c89 | 5c24 4844 
  0x000002491b815250: 8b5c 2470 | 4489 5c24 | 304c 8b54 | 2438 4c89 | 5424 284c | 8b54 2468 | 4c89 5424 | 2049 8bd1 
  0x000002491b815270: 41b8 0100 | 0000 488b | 6c24 404c | 8b54 2448 | 4c89 5424 | 3866 6690 

  0x000002491b815288: ;   {optimized virtual_call}
  0x000002491b815288: c5f8 77e8 

  0x000002491b81528c: ; ImmutableOopMap {rbp=Oop [32]=Oop [40]=Oop [48]=NarrowOop [52]=NarrowOop [56]=Oop [64]=Oop [72]=Oop [80]=Oop [128]=Oop }
                      ;*invokevirtual getManifestName {reexecute=0 rethrow=0 return_oop=1}
                      ; - java.util.zip.ZipFile$1::getManifestName@2 (line 1129)
                      ; - java.util.jar.JarFile::maybeInstantiateVerifier@20 (line 721)
                      ; - java.util.jar.JarFile::ensureInitialization@1 (line 1063)
                      ; - java.util.jar.JavaUtilJarAccessImpl::ensureInitialization@1 (line 42)
                      ; - jdk.internal.loader.URLClassPath$JarLoader$2::getManifest@10 (line 852)
                      ; - jdk.internal.loader.BuiltinClassLoader::defineClass@29 (line 848)
  0x000002491b81528c: 709f 4ef8 

  0x000002491b815290: ;   {other}
  0x000002491b815290: 0f1f 8400 | 8029 001f | 4885 c00f | 85af 2500 | 0044 8b5c | 2434 4588 | 6312 418b | 6b30 85ed 
  0x000002491b8152b0: 0f85 0e24 | 0000 4c8b | 5424 204c | 8954 2468 | 4c8b 5424 | 284c 8954 | 2438 448b | 5424 3044 
  0x000002491b8152d0: 8954 2470 | 4c8b 5c24 | 484c 8b4c | 2450 e9bf | e3ff ff4c | 8944 2430 | 4d8b da44 | 8954 242c 
  0x000002491b8152f0: 498b d341 | b801 0000 | 004c 895c | 2450 6690 

  0x000002491b815300: ;   {optimized virtual_call}
  0x000002491b815300: c5f8 77e8 

  0x000002491b815304: ; ImmutableOopMap {[44]=NarrowOop [48]=Oop [56]=Oop [72]=Oop [80]=Oop [112]=NarrowOop [120]=Oop }
                      ;*invokevirtual getManifestName {reexecute=0 rethrow=0 return_oop=1}
                      ; - java.util.zip.ZipFile$1::getManifestName@2 (line 1129)
                      ; - java.util.jar.JarFile::maybeInstantiateVerifier@20 (line 721)
                      ; - java.util.jar.JarFile$JarFileEntry::getCodeSigners@4 (line 669)
                      ; - jdk.internal.loader.URLClassPath$JarLoader$2::getCodeSigners@4 (line 858)
                      ; - jdk.internal.loader.BuiltinClassLoader::defineClass@90 (line 860)
  0x000002491b815304: 7897 83ff 

  0x000002491b815308: ;   {other}
  0x000002491b815308: 0f1f 8400 | f829 0020 | 4885 c00f | 8577 2500 | 0044 8b54 | 242c 4588 | 6212 4c8b | 4424 30e9 
  0x000002491b815328: dce9 ffff | 33c0 e91b | e5ff ff49 | 8bc0 e98d | f2ff ff48 | 894c 2450 | 4489 4424 | 4844 895c 
  0x000002491b815348: 2434 4c89 | 5424 4044 | 8974 2428 | 4c89 6c24 | 2048 8bd1 | 41b8 0100 | 0000 6690 

  0x000002491b815364: ;   {optimized virtual_call}
  0x000002491b815364: c5f8 77e8 

  0x000002491b815368: ; ImmutableOopMap {[52]=NarrowOop [56]=Oop [64]=Oop [72]=NarrowOop [80]=Oop [104]=Oop [112]=NarrowOop [120]=Oop }
                      ;*invokevirtual getManifestName {reexecute=0 rethrow=0 return_oop=1}
                      ; - java.util.zip.ZipFile$1::getManifestName@2 (line 1129)
                      ; - java.util.jar.JarFile::maybeInstantiateVerifier@20 (line 721)
                      ; - java.util.jar.JarFile::getInputStream@9 (line 853)
                      ; - jdk.internal.loader.URLClassPath$JarLoader$2::getInputStream@11 (line 848)
                      ; - jdk.internal.loader.Resource::cachedInputStream@9 (line 77)
                      ; - jdk.internal.loader.Resource::getByteBuffer@1 (line 163)
                      ; - jdk.internal.loader.BuiltinClassLoader::defineClass@45 (line 853)
  0x000002491b815368: 1497 83ff 

  0x000002491b81536c: ;   {other}
  0x000002491b81536c: 0f1f 8400 | 5c2a 0021 | 4885 c00f | 8573 2500 | 0044 8b5c | 2434 4588 | 6312 418b | 6b30 85ed 
  0x000002491b81538c: 0f85 9a24 | 0000 448b | 4424 48e9 | 97e6 ffff | 4c89 5424 | 304c 895c | 2440 4c89 | 6c24 2048 
  0x000002491b8153ac: 8b54 2478 | 4d8b c345 | 33c9 33ff | 33f6 33c9 | 4533 d24c | 8914 244c | 8954 2408 | 4c89 5424 
  0x000002491b8153cc: 1066 6690 

  0x000002491b8153d0: ;   {optimized virtual_call}
  0x000002491b8153d0: c5f8 77e8 

  0x000002491b8153d4: ; ImmutableOopMap {[48]=Oop [56]=Oop [64]=Oop [104]=Oop [112]=NarrowOop [120]=Oop }
                      ;*invokevirtual definePackage {reexecute=0 rethrow=0 return_oop=1}
                      ; - jdk.internal.loader.BuiltinClassLoader::defineOrCheckPackage@39 (line 883)
                      ; - jdk.internal.loader.ClassLoaders$AppClassLoader::defineOrCheckPackage@4 (line 211)
                      ; - jdk.internal.loader.BuiltinClassLoader::defineClass@40 (line 849)
  0x000002491b8153d4: a896 83ff 

  0x000002491b8153d8: ;   {other}
  0x000002491b8153d8: 0f1f 8400 | c82a 0022 | e9ff e4ff 

  0x000002491b8153e4: ;   {metadata('jdk/internal/loader/URLClassPath$FileLoader$1')}
  0x000002491b8153e4: ff41 81fb | 88dc 0d01 | 0f85 c224 | 0000 4533 | f6e9 aae3 

  0x000002491b8153f8: ;   {metadata('jdk/internal/loader/URLClassPath$FileLoader$1')}
  0x000002491b8153f8: ffff 4181 | fb88 dc0d | 010f 841d | e9ff ffba | c6ff ffff | 4c8b 5c24 | 384c 895c | 2420 6690 
  0x000002491b815418: ;   {runtime_call UncommonTrapBlob}
  0x000002491b815418: c5f8 77e8 

  0x000002491b81541c: ; ImmutableOopMap {[32]=Oop [72]=Oop [104]=Oop [112]=NarrowOop [120]=Oop }
                      ;*invokevirtual getCodeSigners {reexecute=0 rethrow=0 return_oop=0}
                      ; - jdk.internal.loader.BuiltinClassLoader::defineClass@90 (line 860)
  0x000002491b81541c: e0f1 83ff 

  0x000002491b815420: ;   {other}
  0x000002491b815420: 0f1f 8400 | 102b 0023 

  0x000002491b815428: ;   {metadata('jdk/internal/loader/URLClassPath$FileLoader$1')}
  0x000002491b815428: 4181 fa88 | dc0d 010f | 859b 2400 | 004d 8bd1 | 458b 5a1c 

  0x000002491b81543c: ; implicit exception: dispatches to 0x000002491b817fbc
  0x000002491b81543c: 458b 530c | 4489 5424 | 70e9 44dc | ffff 4c89 | 6c24 2048 | 8b54 2468 | 6690 c5f8 | 7748 b8ff 
  0x000002491b81545c: ffff ffff 

  0x000002491b815460: ;   {virtual_call}
  0x000002491b815460: ffff ffe8 

  0x000002491b815464: ; ImmutableOopMap {[56]=Oop [104]=Oop [112]=NarrowOop [120]=Oop }
                      ;*invokevirtual getBytes {reexecute=0 rethrow=0 return_oop=1}
                      ; - jdk.internal.loader.BuiltinClassLoader::defineClass@84 (line 859)
  0x000002491b815464: 1899 83ff 

  0x000002491b815468: ;   {other}
  0x000002491b815468: 0f1f 8400 | 582b 0024 | 4889 4424 | 48e9 42e8 | ffff 33c0 | e91b ecff | ff33 db33 | c9e9 bdf4 
  0x000002491b815488: ;   {metadata('jdk/internal/loader/URLClassPath$FileLoader$1')}
  0x000002491b815488: ffff 4181 | fe88 dc0d | 010f 85b9 | 2400 004c | 8b44 2468 | 498b 87b8 | 0100 004c | 8bd0 4983 
  0x000002491b8154a8: c220 4d3b | 97c8 0100 | 000f 83a3 | 1700 004d | 8997 b801 | 0000 410f | 1882 0001 | 0000 48c7 
  0x000002491b8154c8: 0001 0000 

  0x000002491b8154cc: ;   {metadata('java/io/FileInputStream')}
  0x000002491b8154cc: 00c7 4008 | e817 0100 | 4489 600c | 4c89 6010 | 4c89 6018 | 4c8b c841 | 8b68 1849 | 8b87 b801 
  0x000002491b8154ec: 0000 4c8b | d049 83c2 | 104d 3b97 | c801 0000 | 0f83 9f17 | 0000 4d89 | 97b8 0100 | 0041 0f18 
  0x000002491b81550c: 8200 0100 | 0048 c700 | 0100 0000 

  0x000002491b815518: ;   {metadata('java/lang/Object')}
  0x000002491b815518: c740 0870 | 0e00 0044 | 8960 0c4d | 8bd1 4c8b | d845 8959 | 1c4c 8bd8 | 4d33 da49 | c1eb 144d 
  0x000002491b815538: 85db 741a | 49c1 ea09 | 48b9 0000 | f522 4902 | 0000 4903 | ca80 3902 | 0f85 920b | 0000 85ed 
  0x000002491b815558: 0f84 7804 | 0000 448b | 5d10 488b | cd4d 8bd3 | 4c8b d94c | 8954 2430 | 498b eb4c | 894c 2448 
  0x000002491b815578: 4c89 4424 | 4044 8974 | 2428 4c89 | 6c24 2090 

  0x000002491b815588: ;   {static_call}
  0x000002491b815588: c5f8 77e8 

  0x000002491b81558c: ; ImmutableOopMap {rbp=Oop [48]=Oop [56]=Oop [64]=Oop [72]=Oop [104]=Oop [112]=NarrowOop [120]=Oop }
                      ;*invokestatic getSecurityManager {reexecute=0 rethrow=0 return_oop=1}
                      ; - java.io.FileInputStream::<init>@28 (line 139)
                      ; - jdk.internal.loader.URLClassPath$FileLoader$1::getInputStream@8 (line 1119)
                      ; - jdk.internal.loader.Resource::cachedInputStream@9 (line 77)
                      ; - jdk.internal.loader.Resource::getByteBuffer@1 (line 163)
                      ; - jdk.internal.loader.BuiltinClassLoader::defineClass@45 (line 853)
  0x000002491b81558c: f09a 83ff 

  0x000002491b815590: ;   {other}
  0x000002491b815590: 0f1f 8400 | 802c 0025 | 4885 c074 | 1b48 8bd0 | 4c8b 4424 | 3066 6690 

  0x000002491b8155a8: ;   {optimized virtual_call}
  0x000002491b8155a8: c5f8 77e8 

  0x000002491b8155ac: ; ImmutableOopMap {rbp=Oop [48]=Oop [56]=Oop [64]=Oop [72]=Oop [104]=Oop [112]=NarrowOop [120]=Oop }
                      ;*invokevirtual checkRead {reexecute=0 rethrow=0 return_oop=0}
                      ; - java.io.FileInputStream::<init>@38 (line 141)
                      ; - jdk.internal.loader.URLClassPath$FileLoader$1::getInputStream@8 (line 1119)
                      ; - jdk.internal.loader.Resource::cachedInputStream@9 (line 77)
                      ; - jdk.internal.loader.Resource::getByteBuffer@1 (line 163)
                      ; - jdk.internal.loader.BuiltinClassLoader::defineClass@45 (line 853)
  0x000002491b8155ac: d094 83ff 

  0x000002491b8155b0: ;   {other}
  0x000002491b8155b0: 0f1f 8400 | a02c 0026 | 4c8b 5424 | 304d 85d2 | 0f84 4e23 | 0000 4c8b | dd4d 85db | 0f84 6223 
  0x000002491b8155d0: 0000 498b | ea49 8bd3 

  0x000002491b8155d8: ;   {optimized virtual_call}
  0x000002491b8155d8: c5f8 77e8 

  0x000002491b8155dc: ; ImmutableOopMap {rbp=Oop [56]=Oop [64]=Oop [72]=Oop [104]=Oop [112]=NarrowOop [120]=Oop }
                      ;*invokevirtual isInvalid {reexecute=0 rethrow=0 return_oop=0}
                      ; - java.io.FileInputStream::<init>@54 (line 146)
                      ; - jdk.internal.loader.URLClassPath$FileLoader$1::getInputStream@8 (line 1119)
                      ; - jdk.internal.loader.Resource::cachedInputStream@9 (line 77)
                      ; - jdk.internal.loader.Resource::getByteBuffer@1 (line 163)
                      ; - jdk.internal.loader.BuiltinClassLoader::defineClass@45 (line 853)
  0x000002491b8155dc: a094 83ff 

  0x000002491b8155e0: ;   {other}
  0x000002491b8155e0: 0f1f 8400 | d02c 0027 | 85c0 0f85 | 8023 0000 | 4d8b 87b8 | 0100 004d | 8bd0 4983 | c228 4d3b 
  0x000002491b815600: 97c8 0100 | 000f 831c | 1700 004d | 8997 b801 | 0000 410f | 1882 0001 | 0000 49c7 | 0001 0000 
  0x000002491b815620: ;   {metadata('java/io/FileDescriptor')}
  0x000002491b815620: 0041 c740 | 0870 2201 | 004d 8960 | 184d 8960 | 2041 c740 | 0cff ffff | ff49 c740 | 10ff ffff 
  0x000002491b815640: ff41 807f | 4000 0f85 | 2c0a 0000 | 488b 5c24 | 484d 8bd8 | 4489 5b10 | 4c8b d34d | 8bd8 4d33 
  0x000002491b815660: da49 c1eb | 144d 85db | 741a 49c1 | ea09 48b9 | 0000 f522 | 4902 0000 | 4903 ca80 | 3902 0f85 
  0x000002491b815680: d90a 0000 | 4889 5c24 | 3049 8bd0 | 4c8b c390 

  0x000002491b815690: ;   {optimized virtual_call}
  0x000002491b815690: c5f8 77e8 

  0x000002491b815694: ; ImmutableOopMap {rbp=Oop [48]=Oop [56]=Oop [64]=Oop [104]=Oop [112]=NarrowOop [120]=Oop }
                      ;*invokevirtual attach {reexecute=0 rethrow=0 return_oop=0}
                      ; - java.io.FileInputStream::<init>@86 (line 150)
                      ; - jdk.internal.loader.URLClassPath$FileLoader$1::getInputStream@8 (line 1119)
                      ; - jdk.internal.loader.Resource::cachedInputStream@9 (line 77)
                      ; - jdk.internal.loader.Resource::getByteBuffer@1 (line 163)
                      ; - jdk.internal.loader.BuiltinClassLoader::defineClass@45 (line 853)
  0x000002491b815694: e893 83ff 

  0x000002491b815698: ;   {other}
  0x000002491b815698: 0f1f 8400 | 882d 0028 | 4180 7f40 | 000f 8505 | 0a00 0048 | 8b5c 2430 | 4c8b d348 | 8bfd 4c8b 
  0x000002491b8156b8: c744 8943 | 144c 8bdf | 4d33 da49 | c1eb 144d | 85db 741a | 49c1 ea09 | 48b9 0000 | f522 4902 
  0x000002491b8156d8: 0000 4903 | ca80 3902 | 0f85 d40a | 0000 4889 | 5c24 3090 

  0x000002491b8156ec: ;   {static_call}
  0x000002491b8156ec: c5f8 77e8 

  0x000002491b8156f0: ; ImmutableOopMap {rbp=Oop [48]=Oop [56]=Oop [64]=Oop [104]=Oop [112]=NarrowOop [120]=Oop }
                      ;*invokestatic begin {reexecute=0 rethrow=0 return_oop=0}
                      ; - java.io.FileInputStream::open@0 (line 211)
                      ; - java.io.FileInputStream::<init>@96 (line 152)
                      ; - jdk.internal.loader.URLClassPath$FileLoader$1::getInputStream@8 (line 1119)
                      ; - jdk.internal.loader.Resource::cachedInputStream@9 (line 77)
                      ; - jdk.internal.loader.Resource::getByteBuffer@1 (line 163)
                      ; - jdk.internal.loader.BuiltinClassLoader::defineClass@45 (line 853)
  0x000002491b8156f0: 8c99 83ff 

  0x000002491b8156f4: ;   {other}
  0x000002491b8156f4: 0f1f 8400 | e42d 0029 | 4889 4424 | 4848 8b54 | 2430 4c8b | c566 6690 

  0x000002491b81570c: ;   {optimized virtual_call}
  0x000002491b81570c: c5f8 77e8 

  0x000002491b815710: ; ImmutableOopMap {[48]=Oop [56]=Oop [64]=Oop [104]=Oop [112]=NarrowOop [120]=Oop }
                      ;*invokevirtual open0 {reexecute=0 rethrow=0 return_oop=0}
                      ; - java.io.FileInputStream::open@6 (line 213)
                      ; - java.io.FileInputStream::<init>@96 (line 152)
                      ; - jdk.internal.loader.URLClassPath$FileLoader$1::getInputStream@8 (line 1119)
                      ; - jdk.internal.loader.Resource::cachedInputStream@9 (line 77)
                      ; - jdk.internal.loader.Resource::getByteBuffer@1 (line 163)
                      ; - jdk.internal.loader.BuiltinClassLoader::defineClass@45 (line 853)
  0x000002491b815710: 6c93 83ff 

  0x000002491b815714: ;   {other}
  0x000002491b815714: 0f1f 8400 | 042e 002a | 488b 5424 | 4866 6690 

  0x000002491b815724: ;   {static_call}
  0x000002491b815724: c5f8 77e8 

  0x000002491b815728: ; ImmutableOopMap {[48]=Oop [56]=Oop [64]=Oop [104]=Oop [112]=NarrowOop [120]=Oop }
                      ;*invokestatic end {reexecute=0 rethrow=0 return_oop=0}
                      ; - java.io.FileInputStream::open@10 (line 215)
                      ; - java.io.FileInputStream::<init>@96 (line 152)
                      ; - jdk.internal.loader.URLClassPath$FileLoader$1::getInputStream@8 (line 1119)
                      ; - jdk.internal.loader.Resource::cachedInputStream@9 (line 77)
                      ; - jdk.internal.loader.Resource::getByteBuffer@1 (line 163)
                      ; - jdk.internal.loader.BuiltinClassLoader::defineClass@45 (line 853)
  0x000002491b815728: 5499 83ff 

  0x000002491b81572c: ;   {other}
  0x000002491b81572c: 0f1f 8400 | 1c2e 002b | 4c8b 5424 | 3045 8b5a | 1049 8bd3 

  0x000002491b815740: ;   {static_call}
  0x000002491b815740: c5f8 77e8 

  0x000002491b815744: ; ImmutableOopMap {[48]=Oop [56]=Oop [64]=Oop [104]=Oop [112]=NarrowOop [120]=Oop }
                      ;*invokestatic register {reexecute=0 rethrow=0 return_oop=0}
                      ; - java.io.FileInputStream::<init>@103 (line 153)
                      ; - jdk.internal.loader.URLClassPath$FileLoader$1::getInputStream@8 (line 1119)
                      ; - jdk.internal.loader.Resource::cachedInputStream@9 (line 77)
                      ; - jdk.internal.loader.Resource::getByteBuffer@1 (line 163)
                      ; - jdk.internal.loader.BuiltinClassLoader::defineClass@45 (line 853)
  0x000002491b815744: 3899 83ff 

  0x000002491b815748: ;   {other}
  0x000002491b815748: 0f1f 8400 | 382e 002c | 488b 5c24 | 30e9 91e3 

  0x000002491b815758: ;   {oop(""{0x00000000e0700068})}
  0x000002491b815758: ffff 48bb | 6800 70e0 | 0000 0000 | e95c deff | ff44 8b5d | 2045 85db | 0f84 2ce6 | ffff 4d8b 
  0x000002491b815778: 5728 498b | cb4d 85d2 | 0f84 ca0f | 0000 4d8b | 5f38 4b89 | 4c13 f849 | 83c2 f84d | 8957 28e9 
  0x000002491b815798: 06e6 ffff | 4d8b 5758 | 4d8b 5f48 | f083 4424 | c000 4180 | 3800 0f84 | 22e6 ffff | 4588 204d 
  0x000002491b8157b8: 85db 7523 | 498b c849 | 8bd7 c5f8 | 7749 bab0 | ed0d 32fa | 7f00 0041 

  0x000002491b8157d0: ;   {other}
  0x000002491b8157d0: ffd2 0f1f | 8400 0000 | 0000 e9f7 | e5ff ff4f | 8944 1af8 | 4983 c3f8 | 4d89 5f48 | e9e5 e5ff 
  0x000002491b8157f0: ff85 ed0f | 847c dfff | ff4d 8b57 | 2848 8bcd | 4d85 d20f | 848b 0f00 | 004d 8b47 | 384b 894c 
  0x000002491b815810: 10f8 4983 | c2f8 4d89 | 5728 e956 | dfff ff44 | 8b53 1445 | 85d2 0f84 | 62dd ffff | 4d8b 5f28 
  0x000002491b815830: 498b ca4d | 85db 0f84 | c012 0000 | 4d8b 5738 | 4b89 4c1a | f849 83c3 | f84d 895f | 28e9 3cdd 
  0x000002491b815850: ffff 4d8b | 5758 4d8b | 5f48 f083 | 4424 c000 | 8039 000f | 8458 ddff | ff44 8821 | 4d85 db75 
  0x000002491b815870: 2049 8bd7 | c5f8 7749 | bab0 ed0d | 32fa 7f00 | 0041 ffd2 

  0x000002491b815884: ;   {other}
  0x000002491b815884: 0f1f 8400 | 0000 0000 | e930 ddff | ff4b 894c | 1af8 4983 | c3f8 4d89 | 5f48 e91e | ddff ff4c 
  0x000002491b8158a4: 63c5 4d8d | 5010 498b | ca48 83e1 | f848 8bfe | 4803 f949 | c1ea 034d | 2bca 498b | c948 33c0 
  0x000002491b8158c4: 4883 f908 | 7f10 48ff | c978 4f48 | 8904 cf48 | ffc9 7df7 | eb44 c5fd | efc0 e90d | 0000 00c5 
  0x000002491b8158e4: fe7f 07c5 | fe7f 4720 | 4883 c740 | 4883 e908 | 7ded 4883 | c104 7c0c | c5fe 7f07 | 4883 c720 
  0x000002491b815904: 4883 e904 | 4883 c104 | 7e10 48ff | c9c5 f9d6 | 0748 83c7 | 0848 ffc9 | 7df3 498b | cbc5 f877 
  0x000002491b815924: 49ba c02c | 031b 4902 | 0000 41ff 

  0x000002491b815930: ;   {other}
  0x000002491b815930: d20f 1f84 | 0000 0000 | 00e9 45dc | ffff 4c8b | 5424 6845 | 8b52 0c45 | 85d2 0f84 | a6e1 ffff 
  0x000002491b815950: 4d8b 5f28 | 498b ca4d | 85db 0f84 | ec13 0000 | 4d8b 5738 | 4b89 4c1a | f849 83c3 | f84d 895f 
  0x000002491b815970: 28e9 80e1 | ffff 4d8b | 5748 4d8b | 5f58 f083 | 4424 c000 | 8039 000f | 84a8 e1ff | ff44 8821 
  0x000002491b815990: 4d85 d275 | 2049 8bd7 | c5f8 7749 | bab0 ed0d | 32fa 7f00 | 0041 ffd2 

  0x000002491b8159a8: ;   {other}
  0x000002491b8159a8: 0f1f 8400 | 0000 0000 | e980 e1ff | ff4b 894c | 13f8 4983 | c2f8 4d89 | 5748 e96e | e1ff ff49 
  0x000002491b8159c8: bd00 00f5 | 2249 0200 | 00e9 c4de | ffff 4533 | db45 33d2 | e98a fbff | ff4c 8b5c | 2420 41c6 
  0x000002491b8159e8: 4311 0133 | c04c 8b74 | 2428 8b4c | 2430 e953 | deff ff4c | 8b5c 2420 | 4c8b 7424 | 2844 8b54 
  0x000002491b815a08: 2430 448b | 4c24 34e9 | 1ae4 ffff 

  0x000002491b815a14: ;   {metadata('java/security/CodeSource')}
  0x000002491b815a14: 48ba c05c | 0027 4902 | 0000 6690 

  0x000002491b815a20: ;   {runtime_call _new_instance_Java}
  0x000002491b815a20: c5f8 77e8 

  0x000002491b815a24: ; ImmutableOopMap {[56]=Oop [72]=Oop [112]=NarrowOop [120]=Oop }
                      ;*new {reexecute=0 rethrow=0 return_oop=1}
                      ; - jdk.internal.loader.BuiltinClassLoader::defineClass@95 (line 861)
  0x000002491b815a24: d863 90ff 

  0x000002491b815a28: ;   {other}
  0x000002491b815a28: 0f1f 8400 | 1831 002d | e937 e3ff | ff44 8954 | 2434 897c | 2430 894c | 242c 4c8b | 5424 384c 
  0x000002491b815a48: 8954 2420 | 488b 6c24 

  0x000002491b815a50: ;   {metadata('java/lang/String')}
  0x000002491b815a50: 6848 ba40 | e700 2749 | 0200 0090 

  0x000002491b815a5c: ;   {runtime_call _new_instance_Java}
  0x000002491b815a5c: c5f8 77e8 

  0x000002491b815a60: ; ImmutableOopMap {rbp=Oop [32]=Oop [44]=NarrowOop [64]=Oop [104]=Oop [112]=NarrowOop [120]=Oop }
                      ;*new {reexecute=0 rethrow=0 return_oop=1}
                      ; - java.lang.StringLatin1::newString@7 (line 752)
                      ; - java.lang.String::substring@41 (line 2839)
                      ; - jdk.internal.loader.BuiltinClassLoader::defineClass@23 (line 847)
  0x000002491b815a60: 9c63 90ff 

  0x000002491b815a64: ;   {other}
  0x000002491b815a64: 0f1f 8400 | 5431 002e | 4c8b 5424 | 204c 8954 | 2438 8b4c | 242c 8b7c | 2430 448b | 5424 3448 
  0x000002491b815a84: 8bd8 e98c | d9ff ff4c | 8b5c 2428 | 41c6 4311 | 0133 c04c | 8b6c 2420 | 4c8b 7424 | 3044 8b54 
  0x000002491b815aa4: 2440 8b4c | 2444 e9ed | e5ff ff4c | 8b6c 2420 | 4c8b 5c24 | 284c 8b74 | 2430 448b | 5424 4044 
  0x000002491b815ac4: 8b44 2444 | 8b4c 2448 | e90f d7ff | ff4c 8b8c | 2480 0000 | 0041 c641 | 1101 33db | 33c9 4c8b 
  0x000002491b815ae4: 5424 204c | 8954 2468 | 4c8b 5424 | 284c 8954 | 2438 4c8b | 6c24 404c | 8b5c 2448 | 4c8b 7424 
  0x000002491b815b04: 504c 8b54 | 2458 4c89 | 5424 784c | 8b54 2460 | 448b 4424 | 34e9 29ee | ffff 4889 | 4c24 604c 
  0x000002491b815b24: 8954 2458 | 4c89 7424 | 484c 895c | 2440 4c89 | 6c24 3044 | 8b5c 2470 | 4489 5c24 | 284c 8b54 
  0x000002491b815b44: 2438 4c89 | 5424 2048 | 8b6c 2468 | 488b d04c | 8bc1 6690 

  0x000002491b815b58: ;   {optimized virtual_call}
  0x000002491b815b58: c5f8 77e8 

  0x000002491b815b5c: ; ImmutableOopMap {rbp=Oop [32]=Oop [40]=NarrowOop [64]=Oop [72]=Oop [88]=Oop [96]=Oop [120]=Oop }
                      ;*invokevirtual afterNodeAccess {reexecute=0 rethrow=0 return_oop=0}
                      ; - java.util.LinkedHashMap::get@21 (line 539)
                      ; - java.util.jar.Attributes::get@5 (line 106)
                      ; - java.util.jar.Attributes::getValue@2 (line 142)
                      ; - jdk.internal.loader.BuiltinClassLoader::isSealed@57 (line 997)
                      ; - jdk.internal.loader.BuiltinClassLoader::getAndVerifyPackage@70 (line 911)
                      ; - jdk.internal.loader.BuiltinClassLoader::defineOrCheckPackage@4 (line 877)
                      ; - jdk.internal.loader.ClassLoaders$AppClassLoader::defineOrCheckPackage@4 (line 211)
                      ; - jdk.internal.loader.BuiltinClassLoader::defineClass@40 (line 849)
  0x000002491b815b5c: 208f 83ff 

  0x000002491b815b60: ;   {other}
  0x000002491b815b60: 0f1f 8400 | 5032 002f | 4889 6c24 | 684c 8b54 | 2420 4c89 | 5424 3844 | 8b5c 2428 | 4489 5c24 
  0x000002491b815b80: 704c 8b6c | 2430 4c8b | 5c24 404c | 8b74 2448 | 4c8b 5424 | 5848 8b4c | 2460 e911 | efff ff48 
  0x000002491b815ba0: 897c 2460 | 4c89 4c24 | 584c 895c | 2450 4889 | 5c24 4844 | 8954 2434 | 448b 5424 | 7044 8954 
  0x000002491b815bc0: 2430 4c8b | 5424 384c | 8954 2428 | 4c8b 5424 | 684c 8954 

  0x000002491b815bd4: ;   {metadata({type array byte})}
  0x000002491b815bd4: 2420 48ba | 6822 0027 | 4902 0000 | 448b 4424 | 3466 6690 

  0x000002491b815be8: ;   {runtime_call _new_array_nozero_Java}
  0x000002491b815be8: c5f8 77e8 

  0x000002491b815bec: ; ImmutableOopMap {[32]=Oop [40]=Oop [48]=NarrowOop [64]=Oop [72]=Oop [120]=Oop [80]=Derived_oop_[120] }
                      ;*newarray {reexecute=0 rethrow=0 return_oop=1}
                      ; - java.util.Arrays::copyOfRangeByte@10 (line 3863)
                      ; - java.util.Arrays::copyOfRange@13 (line 3854)
                      ; - java.lang.StringLatin1::newString@16 (line 752)
                      ; - java.lang.String::substring@41 (line 2839)
                      ; - jdk.internal.loader.BuiltinClassLoader::defineClass@23 (line 847)
  0x000002491b815bec: 1079 90ff 

  0x000002491b815bf0: ;   {other}
  0x000002491b815bf0: 0f1f 8400 | e032 0030 | 4c8b 5424 | 204c 8954 | 2468 4c8b | 5424 284c | 8954 2438 | 448b 5c24 
  0x000002491b815c10: 3044 895c | 2470 448b | 5424 3448 | 8b5c 2448 | 4c8b 5c24 | 504c 8b4c | 2458 488b | 7c24 6048 
  0x000002491b815c30: 8bf0 e90a 

  0x000002491b815c34: ;   {metadata({type array byte})}
  0x000002491b815c34: d9ff ff48 | ba68 2200 | 2749 0200 | 0044 8b84 | 2484 0000 | 0066 6690 

  0x000002491b815c4c: ;   {runtime_call _new_array_Java}
  0x000002491b815c4c: c5f8 77e8 

  0x000002491b815c50: ; ImmutableOopMap {[48]=Oop [56]=Oop [72]=Oop [80]=Oop [88]=Oop [96]=Oop [104]=Oop [112]=NarrowOop [120]=Oop [128]=NarrowOop [152]=NarrowOop }
                      ;*invokevirtual allocateUninitializedArray0 {reexecute=0 rethrow=0 return_oop=1}
                      ; - jdk.internal.misc.Unsafe::allocateUninitializedArray@51 (line 1380)
                      ; - java.lang.StringConcatHelper::newArray@33 (line 511)
                      ; - java.lang.StringLatin1::replace@49 (line 304)
                      ; - java.lang.String::replace@18 (line 2933)
                      ; - jdk.internal.loader.BuiltinClassLoader::isSealed@9 (line 992)
                      ; - jdk.internal.loader.BuiltinClassLoader::getAndVerifyPackage@70 (line 911)
                      ; - jdk.internal.loader.BuiltinClassLoader::defineOrCheckPackage@4 (line 877)
                      ; - jdk.internal.loader.ClassLoaders$AppClassLoader::defineOrCheckPackage@4 (line 211)
                      ; - jdk.internal.loader.BuiltinClassLoader::defineClass@40 (line 849)
  0x000002491b815c50: ac7b 90ff 

  0x000002491b815c54: ;   {other}
  0x000002491b815c54: 0f1f 8400 | 4433 0031 | 4c8b c0e9 | 18e7 ffff 

  0x000002491b815c64: ;   {metadata('java/lang/String')}
  0x000002491b815c64: 488b e848 | ba40 e700 | 2749 0200 | 0066 6690 

  0x000002491b815c74: ;   {runtime_call _new_instance_Java}
  0x000002491b815c74: c5f8 77e8 

  0x000002491b815c78: ; ImmutableOopMap {rbp=Oop [48]=Oop [56]=Oop [72]=Oop [80]=Oop [96]=Oop [104]=Oop [112]=NarrowOop [120]=Oop [152]=NarrowOop }
                      ;*new {reexecute=0 rethrow=0 return_oop=1}
                      ; - java.lang.StringLatin1::replace@116 (line 313)
                      ; - java.lang.String::replace@18 (line 2933)
                      ; - jdk.internal.loader.BuiltinClassLoader::isSealed@9 (line 992)
                      ; - jdk.internal.loader.BuiltinClassLoader::getAndVerifyPackage@70 (line 911)
                      ; - jdk.internal.loader.BuiltinClassLoader::defineOrCheckPackage@4 (line 877)
                      ; - jdk.internal.loader.ClassLoaders$AppClassLoader::defineOrCheckPackage@4 (line 211)
                      ; - jdk.internal.loader.BuiltinClassLoader::defineClass@40 (line 849)
  0x000002491b815c78: 8461 90ff 

  0x000002491b815c7c: ;   {other}
  0x000002491b815c7c: 0f1f 8400 | 6c33 0032 | 4c8b d048 | 8bc5 498b | dae9 76e9 

  0x000002491b815c90: ;   {metadata({type array byte})}
  0x000002491b815c90: ffff 48ba | 6822 0027 | 4902 0000 | 448b c548 | 89b4 24c8 | 0000 0090 

  0x000002491b815ca8: ;   {runtime_call _new_array_Java}
  0x000002491b815ca8: c5f8 77e8 

  0x000002491b815cac: ; ImmutableOopMap {[48]=Oop [56]=Oop [88]=Oop [96]=Oop [104]=Oop [112]=NarrowOop [120]=Oop [128]=Oop [136]=NarrowOop [144]=Oop [152]=Oop }
                      ;*invokevirtual allocateUninitializedArray0 {reexecute=0 rethrow=0 return_oop=1}
                      ; - jdk.internal.misc.Unsafe::allocateUninitializedArray@51 (line 1380)
                      ; - java.lang.StringConcatHelper::newArray@33 (line 511)
                      ; - java.lang.StringConcatHelper::simpleConcat@61 (line 435)
                      ; - java.lang.String::concat@11 (line 2899)
                      ; - jdk.internal.loader.BuiltinClassLoader::isSealed@14 (line 992)
                      ; - jdk.internal.loader.BuiltinClassLoader::getAndVerifyPackage@70 (line 911)
                      ; - jdk.internal.loader.BuiltinClassLoader::defineOrCheckPackage@4 (line 877)
                      ; - jdk.internal.loader.ClassLoaders$AppClassLoader::defineOrCheckPackage@4 (line 211)
                      ; - jdk.internal.loader.BuiltinClassLoader::defineClass@40 (line 849)
  0x000002491b815cac: 507b 90ff 

  0x000002491b815cb0: ;   {other}
  0x000002491b815cb0: 0f1f 8400 | a033 0033 | 488b d8e9 | 85ea ffff | 4889 5c24 

  0x000002491b815cc4: ;   {metadata('java/lang/String')}
  0x000002491b815cc4: 4048 ba40 | e700 2749 | 0200 0048 | 8b6c 2430 

  0x000002491b815cd4: ;   {runtime_call _new_instance_Java}
  0x000002491b815cd4: c5f8 77e8 

  0x000002491b815cd8: ; ImmutableOopMap {rbp=Oop [56]=Oop [64]=Oop [88]=Oop [96]=Oop [104]=Oop [112]=NarrowOop [120]=Oop [128]=Oop [136]=NarrowOop }
                      ;*new {reexecute=0 rethrow=0 return_oop=1}
                      ; - java.lang.StringConcatHelper::newString@6 (line 400)
                      ; - java.lang.StringConcatHelper::simpleConcat@90 (line 440)
                      ; - java.lang.String::concat@11 (line 2899)
                      ; - jdk.internal.loader.BuiltinClassLoader::isSealed@14 (line 992)
                      ; - jdk.internal.loader.BuiltinClassLoader::getAndVerifyPackage@70 (line 911)
                      ; - jdk.internal.loader.BuiltinClassLoader::defineOrCheckPackage@4 (line 877)
                      ; - jdk.internal.loader.ClassLoaders$AppClassLoader::defineOrCheckPackage@4 (line 211)
                      ; - jdk.internal.loader.BuiltinClassLoader::defineClass@40 (line 849)
  0x000002491b815cd8: 2461 90ff 

  0x000002491b815cdc: ;   {other}
  0x000002491b815cdc: 0f1f 8400 | cc33 0034 | 488b 5c24 | 40e9 09eb | ffff 4c89 | 4424 504c | 895c 2448 | 4889 5c24 
  0x000002491b815cfc: 3089 4c24 | 2c48 8b6c | 2438 4c8b | 5424 684c | 8954 2420 

  0x000002491b815d10: ;   {metadata({type array byte})}
  0x000002491b815d10: 48ba 6822 | 0027 4902 | 0000 448b | c766 6690 

  0x000002491b815d20: ;   {runtime_call _new_array_nozero_Java}
  0x000002491b815d20: c5f8 77e8 

  0x000002491b815d24: ; ImmutableOopMap {rbp=Oop [32]=Oop [44]=NarrowOop [48]=Oop [64]=Oop [104]=Oop [112]=NarrowOop [120]=Oop [72]=Derived_oop_[120] }
                      ;*invokevirtual clone {reexecute=1 rethrow=0 return_oop=1}
                      ; - (reexecute) java.util.Arrays::copyOfRange@18 (line 3856)
                      ; - java.lang.StringLatin1::newString@16 (line 752)
                      ; - java.lang.String::substring@41 (line 2839)
                      ; - jdk.internal.loader.BuiltinClassLoader::defineClass@23 (line 847)
  0x000002491b815d24: d877 90ff 

  0x000002491b815d28: ;   {other}
  0x000002491b815d28: 0f1f 8400 | 1834 0035 | 4889 6c24 | 3848 8b5c | 2430 4c8b | 5c24 484c | 8b44 2450 | 488b f0e9 
  0x000002491b815d48: 39d7 ffff | 4489 5424 | 344c 8b54 | 2478 4c89 | 5424 584c | 8974 2450 | 4c89 5c24 | 484c 896c 
  0x000002491b815d68: 2440 448b | 5424 7044 | 8954 2430 | 4c8b 5424 | 384c 8954 | 2428 4c8b | 5424 684c | 8954 2420 
  0x000002491b815d88: ;   {metadata('java/lang/ClassLoader$$Lambda+0x0000024928044fd8')}
  0x000002491b815d88: 48ba d84f | 0428 4902 | 0000 4c8b | 5424 784c | 8954 2438 

  0x000002491b815d9c: ;   {runtime_call _new_instance_Java}
  0x000002491b815d9c: c5f8 77e8 

  0x000002491b815da0: ; ImmutableOopMap {rbp=NarrowOop [32]=Oop [40]=Oop [48]=NarrowOop [52]=NarrowOop [56]=Oop [72]=Oop [80]=Oop [88]=Oop }
                      ;*invokevirtual allocateInstance {reexecute=0 rethrow=0 return_oop=1}
                      ; - java.lang.invoke.DirectMethodHandle::allocateInstance@12 (line 501)
                      ; - java.lang.invoke.DirectMethodHandle$Holder::newInvokeSpecial@1
                      ; - java.lang.invoke.Invokers$Holder::linkToTargetMethod@6
                      ; - java.lang.ClassLoader::definePackage@73 (line 2129)
                      ; - java.lang.ClassLoader::getDefinedPackage@32 (line 2267)
                      ; - jdk.internal.loader.BuiltinClassLoader::getAndVerifyPackage@2 (line 902)
                      ; - jdk.internal.loader.BuiltinClassLoader::defineOrCheckPackage@4 (line 877)
                      ; - jdk.internal.loader.ClassLoaders$AppClassLoader::defineOrCheckPackage@4 (line 211)
                      ; - jdk.internal.loader.BuiltinClassLoader::defineClass@40 (line 849)
  0x000002491b815da0: 5c60 90ff 

  0x000002491b815da4: ;   {other}
  0x000002491b815da4: 0f1f 8400 | 9434 0036 | 4c8b 5424 | 204c 8954 | 2468 4c8b | 5424 284c | 8954 2438 | 448b 5c24 
  0x000002491b815dc4: 3044 895c | 2470 4c8b | 6c24 404c | 8b5c 2448 | 4c8b 7424 | 504c 8b54 | 2458 4c89 | 5424 7844 
  0x000002491b815de4: 8b54 2434 | 4c8b c8e9 | 4bd5 ffff | 4c8b 4c24 | 3845 8b51 | 2845 85d2 | 0f84 eaf3 | ffff 4d8b 
  0x000002491b815e04: 5f28 498b | ca4d 85db | 0f84 7819 | 0000 4d8b | 5738 4b89 | 4c1a f849 | 83c3 f84d | 895f 28e9 
  0x000002491b815e24: c4f3 ffff | 458b 5010 | 4585 d20f | 8463 f3ff | ff4d 8b5f | 2849 8bca | 4d85 db0f | 841f 1900 
  0x000002491b815e44: 004d 8b57 | 384b 894c | 1af8 4983 | c3f8 4d89 | 5f28 e93d | f3ff ff4d | 8b57 484d | 8b5f 58f0 
  0x000002491b815e64: 8344 24c0 | 0080 3900 | 0f84 bcf3 | ffff 4488 | 214d 85d2 | 7520 498b | d7c5 f877 | 49ba b0ed 
  0x000002491b815e84: 0d32 fa7f | 0000 41ff 

  0x000002491b815e8c: ;   {other}
  0x000002491b815e8c: d20f 1f84 | 0000 0000 | 00e9 94f3 | ffff 4b89 | 4c13 f849 | 83c2 f84d | 8957 48e9 | 82f3 ffff 
  0x000002491b815eac: 4d8b 5748 | 4d8b 5f58 | f083 4424 | c000 8039 | 000f 8413 | f3ff ff44 | 8821 4d85 | d275 2649 
  0x000002491b815ecc: 8bf0 498b | d7c5 f877 | 49ba b0ed | 0d32 fa7f | 0000 41ff 

  0x000002491b815ee0: ;   {other}
  0x000002491b815ee0: d20f 1f84 | 0000 0000 | 004c 8bc6 | e9e5 f2ff | ff4b 894c | 13f8 4983 | c2f8 4d89 | 5748 e9d3 
  0x000002491b815f00: f2ff ff48 | 8974 2458 | 8954 2440 | 4489 4c24 | 2c48 896c | 2430 899c | 2484 0000 | 0089 8c24 
  0x000002491b815f20: 8000 0000 | 897c 2428 | 4489 8424 | 9800 0000 | 4c89 5424 | 604c 8974 | 2450 4c89 | 5c24 484c 
  0x000002491b815f40: 896c 2420 | 41b9 0100 | 0000 443b | 8c24 8400 | 0000 7d56 | 448b 9424 | 8000 0000 | 470f be54 
  0x000002491b815f60: 0a10 4183 | fa2e 0f84 | 9f02 0000 | 41ff c144 | 3b8c 2484 | 0000 007c | db4c 8b6c | 2420 4c8b 
  0x000002491b815f80: 5c24 484c | 8b74 2450 | 4c8b 5424 | 6044 8b84 | 2498 0000 | 008b 7c24 | 288b 8c24 | 8000 0000 
  0x000002491b815fa0: 488b 6c24 | 30e9 7ff0 | ffff 4c8b | 6c24 204c | 8b5c 2448 | 4c8b 7424 | 504c 8b54 | 2460 448b 
  0x000002491b815fc0: 8424 9800 | 0000 8b7c | 2428 8b8c | 2480 0000 | 0048 8b6c | 2430 e94e | f0ff ff89 | 7c24 7444 
  0x000002491b815fe0: ;   {no_reloc}
  0x000002491b815fe0: 8944 2434 | 4c89 5424 | 604c 8b54 | 2478 4c89 | 5424 584c | 8974 2450 | 4c89 5c24 | 484c 896c 
  0x000002491b816000: 2440 4c8b | 5424 384c | 8954 2428 | 4c8b 5424 | 684c 8954 

  0x000002491b816014: ;   {metadata('java/lang/String')}
  0x000002491b816014: 2420 48ba | 40e7 0027 | 4902 0000 

  0x000002491b816020: ;   {runtime_call _new_instance_Java}
  0x000002491b816020: c5f8 77e8 

  0x000002491b816024: ; ImmutableOopMap {rbp=Oop [32]=Oop [40]=Oop [52]=NarrowOop [72]=Oop [80]=Oop [88]=Oop [96]=Oop [112]=NarrowOop }
                      ;*new {reexecute=0 rethrow=0 return_oop=1}
                      ; - java.lang.StringConcatHelper::simpleConcat@17 (line 425)
                      ; - java.lang.String::concat@11 (line 2899)
                      ; - jdk.internal.loader.BuiltinClassLoader::isSealed@14 (line 992)
                      ; - jdk.internal.loader.BuiltinClassLoader::getAndVerifyPackage@70 (line 911)
                      ; - jdk.internal.loader.BuiltinClassLoader::defineOrCheckPackage@4 (line 877)
                      ; - jdk.internal.loader.ClassLoaders$AppClassLoader::defineOrCheckPackage@4 (line 211)
                      ; - jdk.internal.loader.BuiltinClassLoader::defineClass@40 (line 849)
  0x000002491b816024: d85d 90ff 

  0x000002491b816028: ;   {other}
  0x000002491b816028: 0f1f 8400 | 1837 0037 | 4c8b 5424 | 204c 8954 | 2468 4c8b | 5424 284c | 8954 2438 | 4c8b 6c24 
  0x000002491b816048: 404c 8b5c | 2448 4c8b | 7424 504c | 8b54 2458 | 4c89 5424 | 784c 8b54 | 2460 448b | 4424 348b 
  0x000002491b816068: 7c24 74e9 | d0ed ffff | 458b d1e9 | 31d3 ffff | 488b 5c24 | 4844 8b53 | 1045 85d2 | 0f84 c7f5 
  0x000002491b816088: ffff 4d8b | 5f28 498b | ca4d 85db | 0f84 f618 | 0000 4d8b | 5738 4b89 | 4c1a f849 | 83c3 f84d 
  0x000002491b8160a8: 895f 28e9 | a1f5 ffff | 488b 5c24 | 3044 8b53 | 1445 85d2 | 0f84 eef5 | ffff 4d8b | 5f28 498b 
  0x000002491b8160c8: ca4d 85db | 0f84 e418 | 0000 4d8b | 5738 4b89 | 4c1a f849 | 83c3 f84d | 895f 28e9 | c8f5 ffff 
  0x000002491b8160e8: 4d8b 5758 | 4d8b 5f48 | f083 4424 | c000 8039 | 000f 8457 | f4ff ff44 | 8821 4d85 | db75 444c 
  0x000002491b816108: 894c 2430 | 4c89 4424 | 2844 8974 | 2420 498b | f549 8bd7 | c5f8 7749 | bab0 ed0d 

  0x000002491b816124: ;   {no_reloc}
  0x000002491b816124: 32fa 7f00 | 0041 ffd2 

  0x000002491b81612c: ;   {other}
  0x000002491b81612c: 0f1f 8400 | 0000 0000 | 4c8b ee44 | 8b74 2420 | 4c8b 4424 | 284c 8b4c | 2430 e90b | f4ff ff4b 
  0x000002491b81614c: 894c 1af8 | 4983 c3f8 | 4d89 5f48 | e9f9 f3ff | ff4d 8b57 | 584d 8b5f | 48f0 8344 | 24c0 0080 
  0x000002491b81616c: 3900 7432 | 4488 214d | 85db 740f | 4b89 4c1a | f849 83c3 | f84d 895f | 48eb 1b49 | 8bd7 c5f8 
  0x000002491b81618c: 7749 bab0 | ed0d 32fa | 7f00 0041 

  0x000002491b816198: ;   {other}
  0x000002491b816198: ffd2 0f1f | 8400 0000 | 0000 448b | 5b10 4585 | db0f 8475 | 1800 004d | 8bd3 4d8b | c2e9 caf4 
  0x000002491b8161b8: ffff 4d8b | 5748 4d8b | 5f58 f083 | 4424 c000 | 8039 000f | 8415 f5ff | ff44 8821 | 4d85 d275 
  0x000002491b8161d8: 2049 8bd7 | c5f8 7749 | bab0 ed0d | 32fa 7f00 | 0041 ffd2 

  0x000002491b8161ec: ;   {other}
  0x000002491b8161ec: 0f1f 8400 | 0000 0000 | e9ed f4ff | ff4b 894c | 13f8 4983 | c2f8 4d89 | 5748 e9db | f4ff ff41 
  0x000002491b81620c: 8be9 e9e3 

  0x000002491b816210: ;   {metadata('java/util/jar/Manifest')}
  0x000002491b816210: e0ff ff48 | ba48 f004 | 2749 0200 | 0066 6690 

  0x000002491b816220: ;   {runtime_call _new_instance_Java}
  0x000002491b816220: c5f8 77e8 

  0x000002491b816224: ; ImmutableOopMap {rbp=Oop [40]=Oop [56]=Oop [64]=Oop [72]=Oop [104]=Oop [112]=NarrowOop [128]=Oop }
                      ;*new {reexecute=0 rethrow=0 return_oop=1}
                      ; - java.util.jar.JarFile::getManifestFromReference@134 (line 431)
                      ; - java.util.jar.JarFile::getManifest@1 (line 405)
                      ; - jdk.internal.loader.URLClassPath$JarLoader$2::getManifest@22 (line 853)
                      ; - jdk.internal.loader.BuiltinClassLoader::defineClass@29 (line 848)
  0x000002491b816224: d85b 90ff 

  0x000002491b816228: ;   {other}
  0x000002491b816228: 0f1f 8400 | 1839 0038 | e9aa eeff 

  0x000002491b816234: ;   {metadata('java/lang/ref/SoftReference')}
  0x000002491b816234: ff48 bac0 | d303 2749 | 0200 0090 

  0x000002491b816240: ;   {runtime_call _new_instance_Java}
  0x000002491b816240: c5f8 77e8 

  0x000002491b816244: ; ImmutableOopMap {rbp=Oop [40]=Oop [56]=Oop [64]=Oop [72]=Oop [80]=Oop [104]=Oop [112]=NarrowOop [128]=Oop }
                      ;*new {reexecute=0 rethrow=0 return_oop=1}
                      ; - java.util.jar.JarFile::getManifestFromReference@184 (line 434)
                      ; - java.util.jar.JarFile::getManifest@1 (line 405)
                      ; - jdk.internal.loader.URLClassPath$JarLoader$2::getManifest@22 (line 853)
                      ; - jdk.internal.loader.BuiltinClassLoader::defineClass@29 (line 848)
  0x000002491b816244: b85b 90ff 

  0x000002491b816248: ;   {other}
  0x000002491b816248: 0f1f 8400 | 3839 0039 | 4c8b c0e9 | 29ef ffff | baf6 ffff | ff49 8beb | 4c8b 5424 | 384c 8954 
  0x000002491b816268: 2420 4c89 | 7424 4890 

  0x000002491b816270: ;   {runtime_call UncommonTrapBlob}
  0x000002491b816270: c5f8 77e8 

  0x000002491b816274: ; ImmutableOopMap {rbp=Oop [32]=Oop [72]=Oop [104]=Oop [112]=NarrowOop [128]=Oop }
                      ;*invokevirtual get {reexecute=0 rethrow=0 return_oop=0}
                      ; - java.lang.ClassLoader::getDefinedPackage@13 (line 2263)
                      ; - jdk.internal.loader.BuiltinClassLoader::getAndVerifyPackage@2 (line 902)
                      ; - jdk.internal.loader.BuiltinClassLoader::defineOrCheckPackage@4 (line 877)
                      ; - jdk.internal.loader.ClassLoaders$AppClassLoader::defineOrCheckPackage@4 (line 211)
                      ; - jdk.internal.loader.BuiltinClassLoader::defineClass@40 (line 849)
  0x000002491b816274: 88e3 83ff 

  0x000002491b816278: ;   {other}
  0x000002491b816278: 0f1f 8400 | 6839 003a | ba45 ffff | ff4c 8b54 | 2438 4c89 | 5424 2890 

  0x000002491b816290: ;   {runtime_call UncommonTrapBlob}
  0x000002491b816290: c5f8 77e8 

  0x000002491b816294: ; ImmutableOopMap {rbp=NarrowOop [40]=Oop [104]=Oop [112]=NarrowOop [120]=Oop }
                      ;*ifeq {reexecute=1 rethrow=0 return_oop=0}
                      ; - (reexecute) jdk.internal.loader.Resource::getByteBuffer@9 (line 164)
                      ; - jdk.internal.loader.BuiltinClassLoader::defineClass@45 (line 853)
  0x000002491b816294: 68e3 83ff 

  0x000002491b816298: ;   {other}
  0x000002491b816298: 0f1f 8400 | 8839 003b | ba76 ffff | ff49 8be8 | 894c 242c | 4489 4c24 | 3466 6690 

  0x000002491b8162b4: ;   {runtime_call UncommonTrapBlob}
  0x000002491b8162b4: c5f8 77e8 

  0x000002491b8162b8: ; ImmutableOopMap {rbp=Oop [44]=NarrowOop [64]=Oop [104]=Oop [112]=NarrowOop }
                      ;*iflt {reexecute=1 rethrow=0 return_oop=0}
                      ; - (reexecute) java.lang.StringLatin1::lastIndexOf@19 (line 285)
                      ; - java.lang.String::lastIndexOf@13 (line 2573)
                      ; - java.lang.String::lastIndexOf@8 (line 2535)
                      ; - jdk.internal.loader.BuiltinClassLoader::defineClass@8 (line 845)
  0x000002491b8162b8: 44e3 83ff 

  0x000002491b8162bc: ;   {other}
  0x000002491b8162bc: 0f1f 8400 | ac39 003c | baf6 ffff | ff66 6690 

  0x000002491b8162cc: ;   {runtime_call UncommonTrapBlob}
  0x000002491b8162cc: c5f8 77e8 

  0x000002491b8162d0: ; ImmutableOopMap {}
                      ;*invokevirtual ensureInitialization {reexecute=0 rethrow=0 return_oop=0}
                      ; - java.util.jar.JavaUtilJarAccessImpl::ensureInitialization@1 (line 42)
                      ; - jdk.internal.loader.URLClassPath$JarLoader$2::getManifest@10 (line 852)
                      ; - jdk.internal.loader.BuiltinClassLoader::defineClass@29 (line 848)
  0x000002491b8162d0: 2ce3 83ff 

  0x000002491b8162d4: ;   {other}
  0x000002491b8162d4: 0f1f 8400 | c439 003d | bae4 ffff | ff4c 8b54 | 2438 4c89 | 5424 2848 | 8944 2450 | 4489 4424 
  0x000002491b8162f4: 5866 6690 

  0x000002491b8162f8: ;   {runtime_call UncommonTrapBlob}
  0x000002491b8162f8: c5f8 77e8 

  0x000002491b8162fc: ; ImmutableOopMap {[40]=Oop [64]=Oop [80]=Oop [112]=NarrowOop [120]=Oop }
                      ;*invokestatic checkIndex {reexecute=0 rethrow=0 return_oop=0}
                      ; - java.util.zip.CRC32::updateBytesCheck@30 (line 153)
                      ; - java.util.zip.CRC32::updateBytes@3 (line 139)
                      ; - java.util.zip.CRC32::update@31 (line 79)
                      ; - java.util.zip.Checksum::update@5 (line 58)
                      ; - jdk.internal.loader.URLClassPath$JarLoader$2::getBytes@15 (line 864)
                      ; - jdk.internal.loader.BuiltinClassLoader::defineClass@84 (line 859)
  0x000002491b8162fc: 00e3 83ff 

  0x000002491b816300: ;   {other}
  0x000002491b816300: 0f1f 8400 | f039 003e | bade ffff | ff48 8b6c | 2438 4c89 | 7424 3890 

  0x000002491b816318: ;   {runtime_call UncommonTrapBlob}
  0x000002491b816318: c5f8 77e8 

  0x000002491b81631c: ; ImmutableOopMap {rbp=Oop [56]=Oop [64]=Oop [104]=Oop [112]=NarrowOop [128]=Oop }
                      ;*invokevirtual defineOrCheckPackage {reexecute=0 rethrow=0 return_oop=0}
                      ; - jdk.internal.loader.BuiltinClassLoader::defineClass@40 (line 849)
  0x000002491b81631c: e0e2 83ff 

  0x000002491b816320: ;   {other}
  0x000002491b816320: 0f1f 8400 | 103a 003f | 4c89 6c24 | 304c 8b54 | 2438 4c89 | 5424 2048 | 8b54 2468 | 4c8d 8424 
  0x000002491b816340: d000 0000 

  0x000002491b816344: ;   {runtime_call _complete_monitor_locking_Java}
  0x000002491b816344: c5f8 77e8 

  0x000002491b816348: ; ImmutableOopMap {[32]=Oop [104]=Oop [112]=NarrowOop [120]=Oop }
                      ;*synchronization entry
                      ; - jdk.internal.loader.Resource::cachedInputStream@-1 (line 76)
                      ; - jdk.internal.loader.Resource::getByteBuffer@1 (line 163)
                      ; - jdk.internal.loader.BuiltinClassLoader::defineClass@45 (line 853)
  0x000002491b816348: 349d 90ff 

  0x000002491b81634c: ;   {other}
  0x000002491b81634c: 0f1f 8400 | 3c3a 0040 | 4c8b 5424 | 204c 8954 | 2438 4c8b | 6c24 30e9 | f1d5 ffff | 488b 4c24 
  0x000002491b81636c: 6848 8d94 | 24d0 0000 | 004d 8bc7 | c5f8 7749 | ba60 ef4e | 32fa 7f00 | 0041 ffd2 

  0x000002491b816388: ;   {other}
  0x000002491b816388: 0f1f 8400 | 0000 0000 | e953 d8ff | ffba 6eff | ffff 498b | e889 4c24 | 2c44 894c | 2434 6690 
  0x000002491b8163a8: ;   {runtime_call UncommonTrapBlob}
  0x000002491b8163a8: c5f8 77e8 

  0x000002491b8163ac: ; ImmutableOopMap {rbp=Oop [44]=NarrowOop [64]=Oop [104]=Oop [112]=NarrowOop }
                      ;*iflt {reexecute=1 rethrow=0 return_oop=0}
                      ; - (reexecute) java.lang.StringLatin1::lastIndexOf@19 (line 285)
                      ; - java.lang.String::lastIndexOf@13 (line 2573)
                      ; - java.lang.String::lastIndexOf@8 (line 2535)
                      ; - jdk.internal.loader.BuiltinClassLoader::defineClass@8 (line 845)
  0x000002491b8163ac: 50e2 83ff 

  0x000002491b8163b0: ;   {other}
  0x000002491b8163b0: 0f1f 8400 | a03a 0041 | bade ffff | ff48 8b6c | 2438 4c8b | 4c24 404c | 894c 2430 | 4c89 5c24 
  0x000002491b8163d0: 4044 8954 | 2424 4489 | 4424 4890 

  0x000002491b8163dc: ;   {runtime_call UncommonTrapBlob}
  0x000002491b8163dc: c5f8 77e8 

  0x000002491b8163e0: ; ImmutableOopMap {rbp=Oop [36]=NarrowOop [48]=Oop [64]=Oop [72]=NarrowOop [112]=NarrowOop [128]=Oop }
                      ;*invokeinterface ensureInitialization {reexecute=0 rethrow=0 return_oop=0}
                      ; - jdk.internal.loader.URLClassPath$JarLoader$2::getManifest@10 (line 852)
                      ; - jdk.internal.loader.BuiltinClassLoader::defineClass@29 (line 848)
  0x000002491b8163e0: 1ce2 83ff 

  0x000002491b8163e4: ;   {other}
  0x000002491b8163e4: 0f1f 8400 | d43a 0042 | baec ffff | ff4c 8b54 | 2438 4c89 | 5424 204c | 8b54 2440 | 4c89 5424 
  0x000002491b816404: 384c 895c | 2448 4489 | 4424 5044 | 8944 2454 

  0x000002491b816414: ;   {runtime_call UncommonTrapBlob}
  0x000002491b816414: c5f8 77e8 

  0x000002491b816418: ; ImmutableOopMap {rbp=NarrowOop [32]=Oop [56]=Oop [72]=Oop [80]=NarrowOop [84]=NarrowOop [112]=NarrowOop [128]=Oop }
                      ;*ifnull {reexecute=1 rethrow=0 return_oop=0}
                      ; - (reexecute) java.util.jar.JarFile::maybeInstantiateVerifier@4 (line 712)
                      ; - java.util.jar.JarFile::ensureInitialization@1 (line 1063)
                      ; - java.util.jar.JavaUtilJarAccessImpl::ensureInitialization@1 (line 42)
                      ; - jdk.internal.loader.URLClassPath$JarLoader$2::getManifest@10 (line 852)
                      ; - jdk.internal.loader.BuiltinClassLoader::defineClass@29 (line 848)
  0x000002491b816418: e4e1 83ff 

  0x000002491b81641c: ;   {other}
  0x000002491b81641c: 0f1f 8400 | 0c3b 0043 | 4c89 4c24 | 4844 8944 | 242c 4c89 | 5c24 304c | 8b54 2438 | 4c89 5424 
  0x000002491b81643c: 2049 8bd1 | 4c8d 8424 | d000 0000 

  0x000002491b816448: ;   {runtime_call _complete_monitor_locking_Java}
  0x000002491b816448: c5f8 77e8 

  0x000002491b81644c: ; ImmutableOopMap {[32]=Oop [44]=NarrowOop [48]=Oop [64]=Oop [72]=Oop [104]=Oop [112]=NarrowOop [128]=Oop }
                      ;*synchronization entry
                      ; - java.util.jar.JarFile::ensureInitialization@-1 (line 1063)
                      ; - java.util.jar.JavaUtilJarAccessImpl::ensureInitialization@1 (line 42)
                      ; - jdk.internal.loader.URLClassPath$JarLoader$2::getManifest@10 (line 852)
                      ; - jdk.internal.loader.BuiltinClassLoader::defineClass@29 (line 848)
  0x000002491b81644c: 309c 90ff 

  0x000002491b816450: ;   {other}
  0x000002491b816450: 0f1f 8400 | 403b 0044 | 4c8b 5424 | 204c 8954 | 2438 4c8b | 5c24 3044 | 8b44 242c | 4c8b 4c24 
  0x000002491b816470: 48e9 12d2 | ffff 498b | eb49 8bc9 | 488d 9424 | d000 0000 | 4d8b c7c5 | f877 49ba | 60ef 4e32 
  0x000002491b816490: fa7f 0000 

  0x000002491b816494: ;   {other}
  0x000002491b816494: 41ff d20f | 1f84 0000 | 0000 004c | 8bdd e996 | d2ff ffba | deff ffff | 4c8b 5424 | 384c 8954 
  0x000002491b8164b4: 2420 4c8b | 5424 404c | 8954 2438 | 4c89 5c24 | 4066 6690 

  0x000002491b8164c8: ;   {runtime_call UncommonTrapBlob}
  0x000002491b8164c8: c5f8 77e8 

  0x000002491b8164cc: ; ImmutableOopMap {rbp=NarrowOop [32]=Oop [56]=Oop [64]=Oop [112]=NarrowOop [128]=Oop }
                      ;*invokevirtual getManifest {reexecute=0 rethrow=0 return_oop=0}
                      ; - jdk.internal.loader.URLClassPath$JarLoader$2::getManifest@22 (line 853)
                      ; - jdk.internal.loader.BuiltinClassLoader::defineClass@29 (line 848)
  0x000002491b8164cc: 30e1 83ff 

  0x000002491b8164d0: ;   {other}
  0x000002491b8164d0: 0f1f 8400 | c03b 0045 | bade ffff | ff4c 8b54 | 2438 4c89 | 5424 2890 

  0x000002491b8164e8: ;   {runtime_call UncommonTrapBlob}
  0x000002491b8164e8: c5f8 77e8 

  0x000002491b8164ec: ; ImmutableOopMap {rbp=NarrowOop [40]=Oop [72]=Oop [112]=NarrowOop [120]=Oop }
                      ;*invokevirtual getCodeSigners {reexecute=0 rethrow=0 return_oop=0}
                      ; - jdk.internal.loader.URLClassPath$JarLoader$2::getCodeSigners@4 (line 858)
                      ; - jdk.internal.loader.BuiltinClassLoader::defineClass@90 (line 860)
  0x000002491b8164ec: 10e1 83ff 

  0x000002491b8164f0: ;   {other}
  0x000002491b8164f0: 0f1f 8400 | e03b 0046 | baec ffff | ff4c 8b5c | 2438 4c89 | 5c24 284c | 8944 2440 | 4489 5424 
  0x000002491b816510: 3466 6690 

  0x000002491b816514: ;   {runtime_call UncommonTrapBlob}
  0x000002491b816514: c5f8 77e8 

  0x000002491b816518: ; ImmutableOopMap {rbp=NarrowOop [40]=Oop [52]=NarrowOop [64]=Oop [72]=Oop [112]=NarrowOop [120]=Oop }
                      ;*ifnull {reexecute=1 rethrow=0 return_oop=0}
                      ; - (reexecute) java.util.jar.JarFile::maybeInstantiateVerifier@4 (line 712)
                      ; - java.util.jar.JarFile$JarFileEntry::getCodeSigners@4 (line 669)
                      ; - jdk.internal.loader.URLClassPath$JarLoader$2::getCodeSigners@4 (line 858)
                      ; - jdk.internal.loader.BuiltinClassLoader::defineClass@90 (line 860)
  0x000002491b816518: e4e0 83ff 

  0x000002491b81651c: ;   {other}
  0x000002491b81651c: 0f1f 8400 | 0c3c 0047 | baec ffff | ff4c 8b54 | 2438 4c89 | 5424 284c | 8944 2440 

  0x000002491b816538: ;   {runtime_call UncommonTrapBlob}
  0x000002491b816538: c5f8 77e8 

  0x000002491b81653c: ; ImmutableOopMap {rbp=NarrowOop [40]=Oop [64]=Oop [72]=Oop [112]=NarrowOop [120]=Oop }
                      ;*ifnull {reexecute=1 rethrow=0 return_oop=0}
                      ; - (reexecute) java.util.jar.JarFile$JarFileEntry::getCodeSigners@34 (line 673)
                      ; - jdk.internal.loader.URLClassPath$JarLoader$2::getCodeSigners@4 (line 858)
                      ; - jdk.internal.loader.BuiltinClassLoader::defineClass@90 (line 860)
  0x000002491b81653c: c0e0 83ff 

  0x000002491b816540: ;   {other}
  0x000002491b816540: 0f1f 8400 | 303c 0048 | 4d63 cae9 | 74cf ffff | 4983 c1fe | 498b c948 | 8bfa 4833 | c048 83f9 
  0x000002491b816560: 087f 1048 | ffc9 784f | 4889 04cf | 48ff c97d | f7eb 44c5 | fdef c0e9 | 0d00 0000 | c5fe 7f07 
  0x000002491b816580: c5fe 7f47 | 2048 83c7 | 4048 83e9 | 087d ed48 | 83c1 047c | 0cc5 fe7f | 0748 83c7 | 2048 83e9 
  0x000002491b8165a0: 0448 83c1 | 047e 1048 | ffc9 c5f9 | d607 4883 | c708 48ff | c97d f3e9 | c7cf ffff | bacc ffff 
  0x000002491b8165c0: ff48 8b6c | 2438 894c | 242c 4489 | 5424 344c | 8b54 2440 | 4c89 5424 | 3848 895c | 2448 6690 
  0x000002491b8165e0: ;   {runtime_call UncommonTrapBlob}
  0x000002491b8165e0: c5f8 77e8 

  0x000002491b8165e4: ; ImmutableOopMap {rbp=Oop [44]=NarrowOop [56]=Oop [72]=Oop [104]=Oop [112]=NarrowOop }
                      ;*newarray {reexecute=1 rethrow=0 return_oop=0}
                      ; - (reexecute) java.util.Arrays::copyOfRangeByte@10 (line 3863)
                      ; - java.util.Arrays::copyOfRange@13 (line 3854)
                      ; - java.lang.StringLatin1::newString@16 (line 752)
                      ; - java.lang.String::substring@41 (line 2839)
                      ; - jdk.internal.loader.BuiltinClassLoader::defineClass@23 (line 847)
  0x000002491b8165e4: 18e0 83ff 

  0x000002491b8165e8: ;   {other}
  0x000002491b8165e8: 0f1f 8400 | d83c 0049 | baf6 ffff | ff49 8bea | 4489 4424 | 2066 6690 

  0x000002491b816600: ;   {runtime_call UncommonTrapBlob}
  0x000002491b816600: c5f8 77e8 

  0x000002491b816604: ; ImmutableOopMap {rbp=Oop [32]=NarrowOop }
                      ;*invokevirtual getInputStream {reexecute=0 rethrow=0 return_oop=0}
                      ; - jdk.internal.loader.URLClassPath$JarLoader$2::getInputStream@11 (line 848)
                      ; - jdk.internal.loader.Resource::cachedInputStream@9 (line 77)
                      ; - jdk.internal.loader.Resource::getByteBuffer@1 (line 163)
                      ; - jdk.internal.loader.BuiltinClassLoader::defineClass@45 (line 853)
  0x000002491b816604: f8df 83ff 

  0x000002491b816608: ;   {other}
  0x000002491b816608: 0f1f 8400 | f83c 004a | 4889 4c24 | 5844 8944 | 2454 4489 | 5c24 504c | 8954 2448 | 4489 7424 
  0x000002491b816628: 2c4c 896c | 2430 448b | 5424 7044 | 8954 2428 | 4c8b 5424 | 384c 8954 | 2420 488b | 6c24 6848 
  0x000002491b816648: 8bd1 4c8d | 8424 d800 | 0000 6690 

  0x000002491b816654: ;   {runtime_call _complete_monitor_locking_Java}
  0x000002491b816654: c5f8 77e8 

  0x000002491b816658: ; ImmutableOopMap {rbp=Oop [32]=Oop [40]=NarrowOop [72]=Oop [80]=NarrowOop [84]=NarrowOop [88]=Oop [120]=Oop }
                      ;*synchronization entry
                      ; - java.util.jar.JarFile::getInputStream@-1 (line 851)
                      ; - jdk.internal.loader.URLClassPath$JarLoader$2::getInputStream@11 (line 848)
                      ; - jdk.internal.loader.Resource::cachedInputStream@9 (line 77)
                      ; - jdk.internal.loader.Resource::getByteBuffer@1 (line 163)
                      ; - jdk.internal.loader.BuiltinClassLoader::defineClass@45 (line 853)
  0x000002491b816658: 249a 90ff 

  0x000002491b81665c: ;   {other}
  0x000002491b81665c: 0f1f 8400 | 4c3d 004b | 4889 6c24 | 684c 8b54 | 2420 4c89 | 5424 3844 | 8b5c 2428 | 4489 5c24 
  0x000002491b81667c: 704c 8b6c | 2430 448b | 7424 2c4c | 8b54 2448 | 448b 5c24 | 5044 8b44 | 2454 488b | 4c24 58e9 
  0x000002491b81669c: 5cd3 ffff | baec ffff | ff4c 8b4c | 2438 4c89 | 4c24 284c | 8954 2448 | 4c89 5424 | 5044 8944 
  0x000002491b8166bc: 2458 4489 | 5c24 5c44 | 895c 2460 

  0x000002491b8166c8: ;   {runtime_call UncommonTrapBlob}
  0x000002491b8166c8: c5f8 77e8 

  0x000002491b8166cc: ; ImmutableOopMap {rbp=NarrowOop [40]=Oop [72]=Oop [80]=Oop [88]=NarrowOop [92]=NarrowOop [96]=NarrowOop [104]=Oop [112]=NarrowOop [120]=Oop }
                      ;*ifnull {reexecute=1 rethrow=0 return_oop=0}
                      ; - (reexecute) java.util.jar.JarFile::maybeInstantiateVerifier@4 (line 712)
                      ; - java.util.jar.JarFile::getInputStream@9 (line 853)
                      ; - jdk.internal.loader.URLClassPath$JarLoader$2::getInputStream@11 (line 848)
                      ; - jdk.internal.loader.Resource::cachedInputStream@9 (line 77)
                      ; - jdk.internal.loader.Resource::getByteBuffer@1 (line 163)
                      ; - jdk.internal.loader.BuiltinClassLoader::defineClass@45 (line 853)
  0x000002491b8166cc: 30df 83ff 

  0x000002491b8166d0: ;   {other}
  0x000002491b8166d0: 0f1f 8400 | c03d 004c | 488b 4c24 | 5048 8d94 | 24d8 0000 | 004d 8bc7 | c5f8 7749 | ba60 ef4e 
  0x000002491b8166f0: 32fa 7f00 | 0041 ffd2 

  0x000002491b8166f8: ;   {other}
  0x000002491b8166f8: 0f1f 8400 | 0000 0000 | e9e6 d3ff | ff33 ed45 | 85db 400f | 94c5 ba45 | ffff ff44 | 8954 2434 
  0x000002491b816718: ;   {runtime_call UncommonTrapBlob}
  0x000002491b816718: c5f8 77e8 

  0x000002491b81671c: ; ImmutableOopMap {[56]=Oop [64]=Oop [104]=Oop [112]=NarrowOop }
                      ;*ifeq {reexecute=1 rethrow=0 return_oop=0}
                      ; - (reexecute) java.lang.String::lastIndexOf@4 (line 2573)
                      ; - java.lang.String::lastIndexOf@8 (line 2535)
                      ; - jdk.internal.loader.BuiltinClassLoader::defineClass@8 (line 845)
  0x000002491b81671c: e0de 83ff 

  0x000002491b816720: ;   {other}
  0x000002491b816720: 0f1f 8400 | 103e 004d | ba45 ffff | ff48 8b6c | 2438 4489 | 5424 3844 | 8954 243c | 895c 244c 
  0x000002491b816740: ;   {runtime_call UncommonTrapBlob}
  0x000002491b816740: c5f8 77e8 

  0x000002491b816744: ; ImmutableOopMap {rbp=Oop [64]=Oop [104]=Oop [112]=NarrowOop }
                      ;*if_icmpgt {reexecute=1 rethrow=0 return_oop=0}
                      ; - (reexecute) jdk.internal.util.Preconditions::checkFromToIndex@6 (line 348)
                      ; - java.lang.String::checkBoundsBeginEnd@6 (line 4865)
                      ; - java.lang.String::substring@8 (line 2834)
                      ; - jdk.internal.loader.BuiltinClassLoader::defineClass@23 (line 847)
  0x000002491b816744: b8de 83ff 

  0x000002491b816748: ;   {other}
  0x000002491b816748: 0f1f 8400 | 383e 004e | 498b d7c5 | f877 49ba | d0ed 0d32 | fa7f 0000 

  0x000002491b816760: ;   {other}
  0x000002491b816760: 41ff d20f | 1f84 0000 | 0000 00e9 | 32d6 ffff | ba45 ffff | ff4c 8b54 | 2438 4c89 | 5424 284c 
  0x000002491b816780: 8944 2440 

  0x000002491b816784: ;   {runtime_call UncommonTrapBlob}
  0x000002491b816784: c5f8 77e8 

  0x000002491b816788: ; ImmutableOopMap {rbp=NarrowOop [40]=Oop [64]=Oop [72]=Oop [112]=NarrowOop [120]=Oop }
                      ;*ifnonnull {reexecute=1 rethrow=0 return_oop=0}
                      ; - (reexecute) java.util.jar.JarFile$JarFileEntry::getCodeSigners@24 (line 673)
                      ; - jdk.internal.loader.URLClassPath$JarLoader$2::getCodeSigners@4 (line 858)
                      ; - jdk.internal.loader.BuiltinClassLoader::defineClass@90 (line 860)
  0x000002491b816788: 74de 83ff 

  0x000002491b81678c: ;   {other}
  0x000002491b81678c: 0f1f 8400 | 7c3e 004f | 4889 5c24 | 204d 8bf3 | 498b d7c5 | f877 49ba | d0ed 0d32 | fa7f 0000 
  0x000002491b8167ac: ;   {other}
  0x000002491b8167ac: 41ff d20f | 1f84 0000 | 0000 004d | 8bde 488b | 5c24 20e9 | b1cf ffff | ba45 ffff | ff48 8b6c 
  0x000002491b8167cc: 2438 4489 | 5424 2c90 

  0x000002491b8167d4: ;   {runtime_call UncommonTrapBlob}
  0x000002491b8167d4: c5f8 77e8 

  0x000002491b8167d8: ; ImmutableOopMap {rbp=Oop [64]=Oop [104]=Oop [112]=NarrowOop }
                      ;*if_icmpeq {reexecute=1 rethrow=0 return_oop=0}
                      ; - (reexecute) jdk.internal.loader.BuiltinClassLoader::defineClass@16 (line 846)
  0x000002491b8167d8: 24de 83ff 

  0x000002491b8167dc: ;   {other}
  0x000002491b8167dc: 0f1f 8400 | cc3e 0050 | ba45 ffff | ff48 8b6c | 2438 4489 | 5424 3844 | 8954 243c | 895c 244c 
  0x000002491b8167fc: 895c 2450 

  0x000002491b816800: ;   {runtime_call UncommonTrapBlob}
  0x000002491b816800: c5f8 77e8 

  0x000002491b816804: ; ImmutableOopMap {rbp=Oop [64]=Oop [104]=Oop [112]=NarrowOop }
                      ;*if_icmple {reexecute=1 rethrow=0 return_oop=0}
                      ; - (reexecute) jdk.internal.util.Preconditions::checkFromToIndex@11 (line 348)
                      ; - java.lang.String::checkBoundsBeginEnd@6 (line 4865)
                      ; - java.lang.String::substring@8 (line 2834)
                      ; - jdk.internal.loader.BuiltinClassLoader::defineClass@23 (line 847)
  0x000002491b816804: f8dd 83ff 

  0x000002491b816808: ;   {other}
  0x000002491b816808: 0f1f 8400 | f83e 0051 | ba45 ffff | ff4c 8b5c | 2438 4c89 | 5c24 2890 

  0x000002491b816820: ;   {runtime_call UncommonTrapBlob}
  0x000002491b816820: c5f8 77e8 

  0x000002491b816824: ; ImmutableOopMap {rbp=Oop [40]=Oop [72]=Oop [112]=NarrowOop [120]=Oop }
                      ;*ifnull {reexecute=1 rethrow=0 return_oop=0}
                      ; - (reexecute) java.security.CodeSource::<init>@25 (line 122)
                      ; - jdk.internal.loader.BuiltinClassLoader::defineClass@102 (line 861)
  0x000002491b816824: d8dd 83ff 

  0x000002491b816828: ;   {other}
  0x000002491b816828: 0f1f 8400 | 183f 0052 | ba45 ffff | ff4c 8b54 | 2438 4c89 | 5424 204c | 8b54 2440 | 4c89 5424 
  0x000002491b816848: 3848 8944 | 2448 4489 | 4424 5090 

  0x000002491b816854: ;   {runtime_call UncommonTrapBlob}
  0x000002491b816854: c5f8 77e8 

  0x000002491b816858: ; ImmutableOopMap {[32]=Oop [56]=Oop [72]=Oop [112]=NarrowOop [120]=Oop }
                      ;*ifgt {reexecute=1 rethrow=0 return_oop=0}
                      ; - (reexecute) java.util.zip.CRC32::updateBytesCheck@1 (line 147)
                      ; - java.util.zip.CRC32::updateBytes@3 (line 139)
                      ; - java.util.zip.CRC32::update@31 (line 79)
                      ; - java.util.zip.Checksum::update@5 (line 58)
                      ; - jdk.internal.loader.URLClassPath$JarLoader$2::getBytes@15 (line 864)
                      ; - jdk.internal.loader.BuiltinClassLoader::defineClass@84 (line 859)
  0x000002491b816858: a4dd 83ff 

  0x000002491b81685c: ;   {other}
  0x000002491b81685c: 0f1f 8400 | 4c3f 0053 | 4d3b dabd | ffff ffff | 7c08 400f | 95c5 400f | b6ed ba45 | ffff ff4c 
  0x000002491b81687c: 8b54 2438 | 4c89 5424 | 2848 895c | 2448 6690 

  0x000002491b81688c: ;   {runtime_call UncommonTrapBlob}
  0x000002491b81688c: c5f8 77e8 

  0x000002491b816890: ; ImmutableOopMap {[40]=Oop [64]=Oop [72]=Oop [112]=NarrowOop [120]=Oop }
                      ;*ifeq {reexecute=1 rethrow=0 return_oop=0}
                      ; - (reexecute) jdk.internal.loader.URLClassPath$JarLoader$2::getBytes@30 (line 865)
                      ; - jdk.internal.loader.BuiltinClassLoader::defineClass@84 (line 859)
  0x000002491b816890: 6cdd 83ff 

  0x000002491b816894: ;   {other}
  0x000002491b816894: 0f1f 8400 | 843f 0054 | baf6 ffff | ff4c 8b54 | 2438 4c89 | 5424 204c | 8974 2448 | 4c89 5c24 
  0x000002491b8168b4: 5066 6690 

  0x000002491b8168b8: ;   {runtime_call UncommonTrapBlob}
  0x000002491b8168b8: c5f8 77e8 

  0x000002491b8168bc: ; ImmutableOopMap {[32]=Oop [72]=Oop [80]=Oop [104]=Oop [112]=NarrowOop [120]=Oop }
                      ;*invokevirtual get {reexecute=0 rethrow=0 return_oop=0}
                      ; - java.lang.ClassLoader::definePackage@47 (line 2125)
                      ; - java.lang.ClassLoader::getDefinedPackage@32 (line 2267)
                      ; - jdk.internal.loader.BuiltinClassLoader::getAndVerifyPackage@2 (line 902)
                      ; - jdk.internal.loader.BuiltinClassLoader::defineOrCheckPackage@4 (line 877)
                      ; - jdk.internal.loader.ClassLoaders$AppClassLoader::defineOrCheckPackage@4 (line 211)
                      ; - jdk.internal.loader.BuiltinClassLoader::defineClass@40 (line 849)
  0x000002491b8168bc: 40dd 83ff 

  0x000002491b8168c0: ;   {other}
  0x000002491b8168c0: 0f1f 8400 | b03f 0055 | ba45 ffff | ff48 8b6c | 2478 4c8b | 5424 384c | 8954 2420 | 4c8b 5424 
  0x000002491b8168e0: 684c 8954 | 2428 448b | 4c24 7044 | 894c 2434 | 4c89 5c24 | 584c 8974 | 2460 4489 | 4c24 684c 
  0x000002491b816900: 895c 2478 | 4489 4424 | 6c66 6690 

  0x000002491b81690c: ;   {runtime_call UncommonTrapBlob}
  0x000002491b81690c: c5f8 77e8 

  0x000002491b816910: ; ImmutableOopMap {rbp=Oop [32]=Oop [40]=Oop [52]=NarrowOop [88]=Oop [96]=Oop [104]=NarrowOop [120]=Oop }
                      ;*ifle {reexecute=1 rethrow=0 return_oop=0}
                      ; - (reexecute) java.util.concurrent.ConcurrentHashMap::get@23 (line 937)
                      ; - java.lang.ClassLoader::getDefinedPackage@13 (line 2263)
                      ; - jdk.internal.loader.BuiltinClassLoader::getAndVerifyPackage@2 (line 902)
                      ; - jdk.internal.loader.BuiltinClassLoader::defineOrCheckPackage@4 (line 877)
                      ; - jdk.internal.loader.ClassLoaders$AppClassLoader::defineOrCheckPackage@4 (line 211)
                      ; - jdk.internal.loader.BuiltinClassLoader::defineClass@40 (line 849)
  0x000002491b816910: ecdc 83ff 

  0x000002491b816914: ;   {other}
  0x000002491b816914: 0f1f 8400 | 0440 0056 | ba76 ffff | ff48 8b6c | 2478 4c8b | 4c24 384c | 894c 2420 | 4c8b 4c24 
  0x000002491b816934: 684c 894c | 2428 8b7c | 2470 897c | 2434 4c89 | 5c24 504c | 8954 2458 | 4c89 7424 | 604c 8974 
  0x000002491b816954: 2468 4c89 | 5c24 7089 | 4c24 7889 | 9c24 8000 | 0000 4489 | 8424 8400 | 0000 6690 

  0x000002491b816970: ;   {runtime_call UncommonTrapBlob}
  0x000002491b816970: c5f8 77e8 

  0x000002491b816974: ; ImmutableOopMap {rbp=Oop [32]=Oop [40]=Oop [52]=NarrowOop [80]=Oop [88]=Oop [96]=Oop [104]=Oop [112]=Oop [120]=NarrowOop [132]=NarrowOop }
                      ;*if_icmpge {reexecute=1 rethrow=0 return_oop=0}
                      ; - (reexecute) java.lang.StringLatin1::replace@19 (line 297)
                      ; - java.lang.String::replace@18 (line 2933)
                      ; - jdk.internal.loader.BuiltinClassLoader::isSealed@9 (line 992)
                      ; - jdk.internal.loader.BuiltinClassLoader::getAndVerifyPackage@70 (line 911)
                      ; - jdk.internal.loader.BuiltinClassLoader::defineOrCheckPackage@4 (line 877)
                      ; - jdk.internal.loader.ClassLoaders$AppClassLoader::defineOrCheckPackage@4 (line 211)
                      ; - jdk.internal.loader.BuiltinClassLoader::defineClass@40 (line 849)
  0x000002491b816974: 88dc 83ff 

  0x000002491b816978: ;   {other}
  0x000002491b816978: 0f1f 8400 | 6840 0057 | ba45 ffff | ff48 8b6c | 2478 4c8b | 4424 384c | 8944 2420 | 4c8b 4424 
  0x000002491b816998: 684c 8944 | 2428 448b | 4c24 7044 | 894c 2434 | 4c89 5c24 | 584c 8974 | 2460 4489 | 4c24 684c 
  0x000002491b8169b8: 895c 2478 | 4489 5424 | 6c66 6690 

  0x000002491b8169c4: ;   {runtime_call UncommonTrapBlob}
  0x000002491b8169c4: c5f8 77e8 

  0x000002491b8169c8: ; ImmutableOopMap {rbp=Oop [32]=Oop [40]=Oop [52]=NarrowOop [88]=Oop [96]=Oop [104]=NarrowOop [108]=NarrowOop [120]=Oop }
                      ;*ifeq {reexecute=1 rethrow=0 return_oop=0}
                      ; - (reexecute) java.lang.ClassLoader::definePackage@4 (line 2120)
                      ; - java.lang.ClassLoader::getDefinedPackage@32 (line 2267)
                      ; - jdk.internal.loader.BuiltinClassLoader::getAndVerifyPackage@2 (line 902)
                      ; - jdk.internal.loader.BuiltinClassLoader::defineOrCheckPackage@4 (line 877)
                      ; - jdk.internal.loader.ClassLoaders$AppClassLoader::defineOrCheckPackage@4 (line 211)
                      ; - jdk.internal.loader.BuiltinClassLoader::defineClass@40 (line 849)
  0x000002491b8169c8: 34dc 83ff 

  0x000002491b8169cc: ;   {other}
  0x000002491b8169cc: 0f1f 8400 | bc40 0058 | bade ffff | ff48 8b6c | 2478 4c8b | 4c24 384c | 894c 2420 | 4c8b 4c24 
  0x000002491b8169ec: 684c 894c | 2428 8b4c | 2470 894c | 2434 4c89 | 5c24 504c | 8954 2458 | 4c89 7424 | 604c 8974 
  0x000002491b816a0c: 2468 4489 | 4424 7048 | 8944 2478 

  0x000002491b816a18: ;   {runtime_call UncommonTrapBlob}
  0x000002491b816a18: c5f8 77e8 

  0x000002491b816a1c: ; ImmutableOopMap {rbp=Oop [32]=Oop [40]=Oop [52]=NarrowOop [80]=Oop [88]=Oop [96]=Oop [104]=Oop [112]=NarrowOop [120]=Oop }
                      ;*invokeinterface getTrustedAttributes {reexecute=0 rethrow=0 return_oop=0}
                      ; - jdk.internal.loader.BuiltinClassLoader::isSealed@17 (line 992)
                      ; - jdk.internal.loader.BuiltinClassLoader::getAndVerifyPackage@70 (line 911)
                      ; - jdk.internal.loader.BuiltinClassLoader::defineOrCheckPackage@4 (line 877)
                      ; - jdk.internal.loader.ClassLoaders$AppClassLoader::defineOrCheckPackage@4 (line 211)
                      ; - jdk.internal.loader.BuiltinClassLoader::defineClass@40 (line 849)
  0x000002491b816a1c: e0db 83ff 

  0x000002491b816a20: ;   {other}
  0x000002491b816a20: 0f1f 8400 | 1041 0059 | bade ffff | ff4c 8b44 | 2438 4c89 | 4424 284c | 8b44 2468 | 4c89 4424 
  0x000002491b816a40: 3044 8b4c | 2470 4c8b | 4424 784c | 8944 2440 | 4489 4c24 | 3c4c 895c | 2458 4c89 | 5424 604c 
  0x000002491b816a60: 8974 2468 | 4c89 7424 | 7048 8984 | 2480 0000 | 0066 6690 

  0x000002491b816a74: ;   {runtime_call UncommonTrapBlob}
  0x000002491b816a74: c5f8 77e8 

  0x000002491b816a78: ; ImmutableOopMap {rbp=NarrowOop [40]=Oop [48]=Oop [60]=NarrowOop [64]=Oop [88]=Oop [96]=Oop [104]=Oop [112]=Oop [128]=Oop }
                      ;*invokeinterface get {reexecute=0 rethrow=0 return_oop=0}
                      ; - java.util.jar.Manifest::getAttributes@5 (line 160)
                      ; - java.util.jar.Manifest::getTrustedAttributes@2 (line 177)
                      ; - java.util.jar.JavaUtilJarAccessImpl::getTrustedAttributes@2 (line 38)
                      ; - jdk.internal.loader.BuiltinClassLoader::isSealed@17 (line 992)
                      ; - jdk.internal.loader.BuiltinClassLoader::getAndVerifyPackage@70 (line 911)
                      ; - jdk.internal.loader.BuiltinClassLoader::defineOrCheckPackage@4 (line 877)
                      ; - jdk.internal.loader.ClassLoaders$AppClassLoader::defineOrCheckPackage@4 (line 211)
                      ; - jdk.internal.loader.BuiltinClassLoader::defineClass@40 (line 849)
  0x000002491b816a78: 84db 83ff 

  0x000002491b816a7c: ;   {other}
  0x000002491b816a7c: 0f1f 8400 | 6c41 005a | bade ffff | ff4c 8b44 | 2438 4c89 | 4424 284c | 8974 2450 | 4c89 5c24 
  0x000002491b816a9c: 584c 8954 | 2460 6690 

  0x000002491b816aa4: ;   {runtime_call UncommonTrapBlob}
  0x000002491b816aa4: c5f8 77e8 

  0x000002491b816aa8: ; ImmutableOopMap {rbp=NarrowOop [40]=Oop [80]=Oop [88]=Oop [96]=Oop [104]=Oop [112]=NarrowOop [120]=Oop }
                      ;*invokeinterface get {reexecute=0 rethrow=0 return_oop=0}
                      ; - java.util.jar.Attributes::get@5 (line 106)
                      ; - java.util.jar.Attributes::getValue@2 (line 142)
                      ; - jdk.internal.loader.BuiltinClassLoader::isSealed@57 (line 997)
                      ; - jdk.internal.loader.BuiltinClassLoader::getAndVerifyPackage@70 (line 911)
                      ; - jdk.internal.loader.BuiltinClassLoader::defineOrCheckPackage@4 (line 877)
                      ; - jdk.internal.loader.ClassLoaders$AppClassLoader::defineOrCheckPackage@4 (line 211)
                      ; - jdk.internal.loader.BuiltinClassLoader::defineClass@40 (line 849)
  0x000002491b816aa8: 54db 83ff 

  0x000002491b816aac: ;   {other}
  0x000002491b816aac: 0f1f 8400 | 9c41 005b | ba76 ffff | ff4c 8b54 | 2438 4c89 | 5424 284c | 8b54 2468 | 4c89 5424 
  0x000002491b816acc: 304c 8b54 | 2478 4c89 | 5424 4044 | 8b5c 2470 | 4489 5c24 | 3c4c 8984 | 2488 0000 | 0066 6690 
  0x000002491b816aec: ;   {runtime_call UncommonTrapBlob}
  0x000002491b816aec: c5f8 77e8 

  0x000002491b816af0: ; ImmutableOopMap {[40]=Oop [48]=Oop [60]=NarrowOop [64]=Oop [72]=Oop [80]=Oop [96]=Oop [128]=NarrowOop [136]=Oop [152]=NarrowOop }
                      ;*if_icmpge {reexecute=1 rethrow=0 return_oop=0}
                      ; - (reexecute) java.lang.StringLatin1::replace@82 (line 308)
                      ; - java.lang.String::replace@18 (line 2933)
                      ; - jdk.internal.loader.BuiltinClassLoader::isSealed@9 (line 992)
                      ; - jdk.internal.loader.BuiltinClassLoader::getAndVerifyPackage@70 (line 911)
                      ; - jdk.internal.loader.BuiltinClassLoader::defineOrCheckPackage@4 (line 877)
                      ; - jdk.internal.loader.ClassLoaders$AppClassLoader::defineOrCheckPackage@4 (line 211)
                      ; - jdk.internal.loader.BuiltinClassLoader::defineClass@40 (line 849)
  0x000002491b816af0: 0cdb 83ff 

  0x000002491b816af4: ;   {other}
  0x000002491b816af4: 0f1f 8400 | e441 005c | 498b d7c5 | f877 49ba | d0ed 0d32 | fa7f 0000 

  0x000002491b816b0c: ;   {other}
  0x000002491b816b0c: 41ff d20f | 1f84 0000 | 0000 00e9 | 72ca ffff | 418b e94d | 63d1 e9c0 | dbff ffba | ccff ffff 
  0x000002491b816b2c: 488b 6c24 | 784c 8b54 | 2438 4c89 | 5424 204c | 8b54 2468 | 4c89 5424 | 2844 8b5c | 2470 4c8b 
  0x000002491b816b4c: 5424 584c | 8954 2440 | 4c8b 9424 | 8000 0000 | 4c89 5424 | 4844 895c | 2434 4c8b | 5424 604c 
  0x000002491b816b6c: 8954 2458 | 448b 9c24 | 8800 0000 | 4489 5c24 | 7048 899c | 2490 0000 | 0066 6690 

  0x000002491b816b88: ;   {runtime_call UncommonTrapBlob}
  0x000002491b816b88: c5f8 77e8 

  0x000002491b816b8c: ; ImmutableOopMap {rbp=Oop [32]=Oop [40]=Oop [52]=NarrowOop [64]=Oop [72]=Oop [88]=Oop [112]=NarrowOop [144]=Oop [152]=Oop }
                      ;*invokestatic arraycopy {reexecute=0 rethrow=0 return_oop=0}
                      ; - java.lang.String::getBytes@22 (line 4726)
                      ; - java.lang.StringConcatHelper::prepend@21 (line 324)
                      ; - java.lang.StringConcatHelper::simpleConcat@71 (line 438)
                      ; - java.lang.String::concat@11 (line 2899)
                      ; - jdk.internal.loader.BuiltinClassLoader::isSealed@14 (line 992)
                      ; - jdk.internal.loader.BuiltinClassLoader::getAndVerifyPackage@70 (line 911)
                      ; - jdk.internal.loader.BuiltinClassLoader::defineOrCheckPackage@4 (line 877)
                      ; - jdk.internal.loader.ClassLoaders$AppClassLoader::defineOrCheckPackage@4 (line 211)
                      ; - jdk.internal.loader.BuiltinClassLoader::defineClass@40 (line 849)
  0x000002491b816b8c: 70da 83ff 

  0x000002491b816b90: ;   {other}
  0x000002491b816b90: 0f1f 8400 | 8042 005d | bacc ffff | ff48 8b6c | 2478 4c8b | 5424 384c | 8954 2420 | 4c8b 5424 
  0x000002491b816bb0: 684c 8954 | 2428 448b | 5c24 704c | 8b54 2458 | 4c89 5424 | 404c 8b94 | 2480 0000 | 004c 8954 
  0x000002491b816bd0: 2448 4489 | 5c24 344c | 8b54 2460 | 4c89 5424 | 584c 8b94 | 2490 0000 | 004c 8954 | 2470 4889 
  0x000002491b816bf0: 9c24 9000 | 0000 6690 

  0x000002491b816bf8: ;   {runtime_call UncommonTrapBlob}
  0x000002491b816bf8: c5f8 77e8 

  0x000002491b816bfc: ; ImmutableOopMap {rbp=Oop [32]=Oop [40]=Oop [52]=NarrowOop [64]=Oop [72]=Oop [88]=Oop [112]=Oop [136]=NarrowOop [144]=Oop }
                      ;*invokestatic arraycopy {reexecute=0 rethrow=0 return_oop=0}
                      ; - java.lang.String::getBytes@22 (line 4726)
                      ; - java.lang.StringConcatHelper::prepend@21 (line 324)
                      ; - java.lang.StringConcatHelper::simpleConcat@81 (line 439)
                      ; - java.lang.String::concat@11 (line 2899)
                      ; - jdk.internal.loader.BuiltinClassLoader::isSealed@14 (line 992)
                      ; - jdk.internal.loader.BuiltinClassLoader::getAndVerifyPackage@70 (line 911)
                      ; - jdk.internal.loader.BuiltinClassLoader::defineOrCheckPackage@4 (line 877)
                      ; - jdk.internal.loader.ClassLoaders$AppClassLoader::defineOrCheckPackage@4 (line 211)
                      ; - jdk.internal.loader.BuiltinClassLoader::defineClass@40 (line 849)
  0x000002491b816bfc: 00da 83ff 

  0x000002491b816c00: ;   {other}
  0x000002491b816c00: 0f1f 8400 | f042 005e | ba76 ffff | ff4c 8b54 | 2438 4c89 | 5424 284c | 8b54 2468 | 4c89 5424 
  0x000002491b816c20: 3044 8b5c | 2470 4c8b | 5424 784c | 8954 2440 | 4489 5c24 | 3c4c 8984 | 2488 0000 | 0066 6690 
  0x000002491b816c40: ;   {runtime_call UncommonTrapBlob}
  0x000002491b816c40: c5f8 77e8 

  0x000002491b816c44: ; ImmutableOopMap {[40]=Oop [48]=Oop [60]=NarrowOop [64]=Oop [72]=Oop [80]=Oop [96]=Oop [128]=NarrowOop [136]=Oop [152]=NarrowOop }
                      ;*if_icmpge {reexecute=1 rethrow=0 return_oop=0}
                      ; - (reexecute) java.lang.StringLatin1::replace@61 (line 305)
                      ; - java.lang.String::replace@18 (line 2933)
                      ; - jdk.internal.loader.BuiltinClassLoader::isSealed@9 (line 992)
                      ; - jdk.internal.loader.BuiltinClassLoader::getAndVerifyPackage@70 (line 911)
                      ; - jdk.internal.loader.BuiltinClassLoader::defineOrCheckPackage@4 (line 877)
                      ; - jdk.internal.loader.ClassLoaders$AppClassLoader::defineOrCheckPackage@4 (line 211)
                      ; - jdk.internal.loader.BuiltinClassLoader::defineClass@40 (line 849)
  0x000002491b816c44: b8d9 83ff 

  0x000002491b816c48: ;   {other}
  0x000002491b816c48: 0f1f 8400 | 3843 005f | b901 0000 | 00e9 d4d7 | ffff 4c89 | 4424 4044 | 8974 2424 | 4c89 6c24 
  0x000002491b816c68: 2848 8b6c 

  0x000002491b816c6c: ;   {metadata('java/io/FileInputStream')}
  0x000002491b816c6c: 2438 48ba | e817 0127 | 4902 0000 

  0x000002491b816c78: ;   {runtime_call _new_instance_Java}
  0x000002491b816c78: c5f8 77e8 

  0x000002491b816c7c: ; ImmutableOopMap {rbp=Oop [64]=Oop [104]=Oop [112]=NarrowOop [120]=Oop }
                      ;*new {reexecute=0 rethrow=0 return_oop=1}
                      ; - jdk.internal.loader.URLClassPath$FileLoader$1::getInputStream@0 (line 1119)
                      ; - jdk.internal.loader.Resource::cachedInputStream@9 (line 77)
                      ; - jdk.internal.loader.Resource::getByteBuffer@1 (line 163)
                      ; - jdk.internal.loader.BuiltinClassLoader::defineClass@45 (line 853)
  0x000002491b816c7c: 8051 90ff 

  0x000002491b816c80: ;   {other}
  0x000002491b816c80: 0f1f 8400 | 7043 0060 | 4889 6c24 | 384c 8b6c | 2428 448b | 7424 244c | 8b44 2440 | e93f e8ff 
  0x000002491b816ca0: ff4c 894c | 2450 4c89 | 4424 4844 | 8974 242c | 4c8b 5424 | 784c 8954 | 2440 4c89 | 6c24 3044 
  0x000002491b816cc0: 8b5c 2470 | 4489 5c24 | 284c 8b54 | 2438 4c89 

  0x000002491b816cd0: ;   {metadata('java/lang/Object')}
  0x000002491b816cd0: 5424 2048 | ba70 0e00 | 2749 0200 | 0066 6690 

  0x000002491b816ce0: ;   {runtime_call _new_instance_Java}
  0x000002491b816ce0: c5f8 77e8 

  0x000002491b816ce4: ; ImmutableOopMap {rbp=NarrowOop [32]=Oop [40]=NarrowOop [64]=Oop [72]=Oop [80]=Oop [104]=Oop }
                      ;*new {reexecute=0 rethrow=0 return_oop=1}
                      ; - java.io.FileInputStream::<init>@5 (line 74)
                      ; - jdk.internal.loader.URLClassPath$FileLoader$1::getInputStream@8 (line 1119)
                      ; - jdk.internal.loader.Resource::cachedInputStream@9 (line 77)
                      ; - jdk.internal.loader.Resource::getByteBuffer@1 (line 163)
                      ; - jdk.internal.loader.BuiltinClassLoader::defineClass@45 (line 853)
  0x000002491b816ce4: 1851 90ff 

  0x000002491b816ce8: ;   {other}
  0x000002491b816ce8: 0f1f 8400 | d843 0061 | 4c8b 5424 | 204c 8954 | 2438 448b | 5424 2844 | 8954 2470 | 4c8b 6c24 
  0x000002491b816d08: 304c 8b54 | 2440 4c89 | 5424 7844 | 8b74 242c | 4c8b 4424 | 484c 8b4c | 2450 e9fc 

  0x000002491b816d24: ;   {metadata('java/io/FileDescriptor')}
  0x000002491b816d24: e7ff ff48 | ba70 2201 | 2749 0200 | 0066 6690 

  0x000002491b816d34: ;   {runtime_call _new_instance_Java}
  0x000002491b816d34: c5f8 77e8 

  0x000002491b816d38: ; ImmutableOopMap {rbp=Oop [56]=Oop [64]=Oop [72]=Oop [104]=Oop [112]=NarrowOop [120]=Oop }
                      ;*new {reexecute=0 rethrow=0 return_oop=1}
                      ; - java.io.FileInputStream::<init>@71 (line 149)
                      ; - jdk.internal.loader.URLClassPath$FileLoader$1::getInputStream@8 (line 1119)
                      ; - jdk.internal.loader.Resource::cachedInputStream@9 (line 77)
                      ; - jdk.internal.loader.Resource::getByteBuffer@1 (line 163)
                      ; - jdk.internal.loader.BuiltinClassLoader::defineClass@45 (line 853)
  0x000002491b816d38: c450 90ff 

  0x000002491b816d3c: ;   {other}
  0x000002491b816d3c: 0f1f 8400 | 2c44 0062 | 4c8b c0e9 | e5e8 ffff | 498b d7c5 | f877 49ba | d0ed 0d32 | fa7f 0000 
  0x000002491b816d5c: ;   {other}
  0x000002491b816d5c: 41ff d20f | 1f84 0000 | 0000 00e9 | 8acd ffff | baf6 ffff | ff4c 8b54 | 2438 4c89 | 5424 204c 
  0x000002491b816d7c: 8974 2448 | 4c89 5c24 | 504c 894c | 2458 6690 

  0x000002491b816d8c: ;   {runtime_call UncommonTrapBlob}
  0x000002491b816d8c: c5f8 77e8 

  0x000002491b816d90: ; ImmutableOopMap {[32]=Oop [72]=Oop [80]=Oop [88]=Oop [104]=Oop [112]=NarrowOop [120]=Oop }
                      ;*invokevirtual compute {reexecute=0 rethrow=0 return_oop=0}
                      ; - java.lang.ClassLoader::definePackage@78 (line 2129)
                      ; - java.lang.ClassLoader::getDefinedPackage@32 (line 2267)
                      ; - jdk.internal.loader.BuiltinClassLoader::getAndVerifyPackage@2 (line 902)
                      ; - jdk.internal.loader.BuiltinClassLoader::defineOrCheckPackage@4 (line 877)
                      ; - jdk.internal.loader.ClassLoaders$AppClassLoader::defineOrCheckPackage@4 (line 211)
                      ; - jdk.internal.loader.BuiltinClassLoader::defineClass@40 (line 849)
  0x000002491b816d90: 6cd8 83ff 

  0x000002491b816d94: ;   {other}
  0x000002491b816d94: 0f1f 8400 | 8444 0063 | ba45 ffff | ff4c 8b4c | 2438 4c89 | 4c24 204c | 8954 2440 | 4c89 5424 
  0x000002491b816db4: 4844 895c | 2454 4489 | 4424 5844 | 8944 245c 

  0x000002491b816dc4: ;   {runtime_call UncommonTrapBlob}
  0x000002491b816dc4: c5f8 77e8 

  0x000002491b816dc8: ; ImmutableOopMap {[32]=Oop [64]=Oop [72]=Oop [84]=NarrowOop [88]=NarrowOop [92]=NarrowOop [104]=Oop [112]=NarrowOop [120]=Oop }
                      ;*ifnonnull {reexecute=1 rethrow=0 return_oop=0}
                      ; - (reexecute) java.util.Objects::requireNonNull@1 (line 258)
                      ; - java.util.jar.JarFile::getInputStream@4 (line 851)
                      ; - jdk.internal.loader.URLClassPath$JarLoader$2::getInputStream@11 (line 848)
                      ; - jdk.internal.loader.Resource::cachedInputStream@9 (line 77)
                      ; - jdk.internal.loader.Resource::getByteBuffer@1 (line 163)
                      ; - jdk.internal.loader.BuiltinClassLoader::defineClass@45 (line 853)
  0x000002491b816dc8: 34d8 83ff 

  0x000002491b816dcc: ;   {other}
  0x000002491b816dcc: 0f1f 8400 | bc44 0064 | 33ed 4585 | c040 0f95 | c5ba 45ff | ffff 4c8b | 4424 384c | 8944 2428 
  0x000002491b816dec: 4c8b 4424 | 684c 8944 | 2430 4c8b | 4424 784c | 8944 2440 | 4c8b 4424 | 784c 8944 | 2458 4c89 
  0x000002491b816e0c: 5c24 604c | 8974 2468 | 4c89 5424 | 7866 6690 

  0x000002491b816e1c: ;   {runtime_call UncommonTrapBlob}
  0x000002491b816e1c: c5f8 77e8 

  0x000002491b816e20: ; ImmutableOopMap {[40]=Oop [48]=Oop [64]=Oop [88]=Oop [96]=Oop [104]=Oop [112]=NarrowOop [120]=Oop }
                      ;*ifne {reexecute=1 rethrow=0 return_oop=0}
                      ; - (reexecute) java.lang.Package::isSealed@7 (line 235)
                      ; - jdk.internal.loader.BuiltinClassLoader::getAndVerifyPackage@14 (line 904)
                      ; - jdk.internal.loader.BuiltinClassLoader::defineOrCheckPackage@4 (line 877)
                      ; - jdk.internal.loader.ClassLoaders$AppClassLoader::defineOrCheckPackage@4 (line 211)
                      ; - jdk.internal.loader.BuiltinClassLoader::defineClass@40 (line 849)
  0x000002491b816e20: dcd7 83ff 

  0x000002491b816e24: ;   {other}
  0x000002491b816e24: 0f1f 8400 | 1445 0065 | 33ed 85c9 | 400f 94c5 | ba45 ffff | ff4c 8b4c | 2438 4c89 | 4c24 284c 
  0x000002491b816e44: 8b4c 2468 | 4c89 4c24 | 304c 8b4c | 2478 4c89 | 4c24 408b | 4c24 7089 | 4c24 3c4c | 895c 2458 
  0x000002491b816e64: 4c89 5424 | 604c 8974 | 2468 4c89 | 7424 704c | 895c 2478 | 4489 8424 | 8000 0000 

  0x000002491b816e80: ;   {runtime_call UncommonTrapBlob}
  0x000002491b816e80: c5f8 77e8 

  0x000002491b816e84: ; ImmutableOopMap {[40]=Oop [48]=Oop [60]=NarrowOop [64]=Oop [88]=Oop [96]=Oop [104]=Oop [112]=Oop [120]=Oop [128]=NarrowOop }
                      ;*ifeq {reexecute=1 rethrow=0 return_oop=0}
                      ; - (reexecute) java.lang.String::replace@9 (line 2933)
                      ; - jdk.internal.loader.BuiltinClassLoader::isSealed@9 (line 992)
                      ; - jdk.internal.loader.BuiltinClassLoader::getAndVerifyPackage@70 (line 911)
                      ; - jdk.internal.loader.BuiltinClassLoader::defineOrCheckPackage@4 (line 877)
                      ; - jdk.internal.loader.ClassLoaders$AppClassLoader::defineOrCheckPackage@4 (line 211)
                      ; - jdk.internal.loader.BuiltinClassLoader::defineClass@40 (line 849)
  0x000002491b816e84: 78d7 83ff 

  0x000002491b816e88: ;   {other}
  0x000002491b816e88: 0f1f 8400 | 7845 0066 | ba45 ffff | ff4c 8b44 | 2438 4c89 | 4424 284c | 8b44 2468 | 4c89 4424 
  0x000002491b816ea8: 304c 8b44 | 2478 4c89 | 4424 404c | 8944 2458 | 4c89 5c24 | 604c 8974 | 2468 4c89 | 5424 7890 
  0x000002491b816ec8: ;   {runtime_call UncommonTrapBlob}
  0x000002491b816ec8: c5f8 77e8 

  0x000002491b816ecc: ; ImmutableOopMap {rbp=NarrowOop [40]=Oop [48]=Oop [64]=Oop [88]=Oop [96]=Oop [104]=Oop [112]=NarrowOop [120]=Oop }
                      ;*ifnull {reexecute=1 rethrow=0 return_oop=0}
                      ; - (reexecute) java.lang.Package::isSealed@17 (line 235)
                      ; - jdk.internal.loader.BuiltinClassLoader::getAndVerifyPackage@14 (line 904)
                      ; - jdk.internal.loader.BuiltinClassLoader::defineOrCheckPackage@4 (line 877)
                      ; - jdk.internal.loader.ClassLoaders$AppClassLoader::defineOrCheckPackage@4 (line 211)
                      ; - jdk.internal.loader.BuiltinClassLoader::defineClass@40 (line 849)
  0x000002491b816ecc: 30d7 83ff 

  0x000002491b816ed0: ;   {other}
  0x000002491b816ed0: 0f1f 8400 | c045 0067 | ba45 ffff | ff48 8b6c | 2478 4c8b | 4424 384c | 8944 2420 | 4c8b 4424 
  0x000002491b816ef0: 684c 8944 | 2428 448b | 4c24 7044 | 894c 2434 | 4c89 5c24 | 584c 8974 | 2460 4489 | 4c24 684c 
  0x000002491b816f10: 895c 2478 | 4489 5424 | 6c89 9c24 | 8000 0000 

  0x000002491b816f20: ;   {runtime_call UncommonTrapBlob}
  0x000002491b816f20: c5f8 77e8 

  0x000002491b816f24: ; ImmutableOopMap {rbp=Oop [32]=Oop [40]=Oop [52]=NarrowOop [88]=Oop [96]=Oop [104]=NarrowOop [108]=NarrowOop [120]=Oop }
                      ;*ifle {reexecute=1 rethrow=0 return_oop=0}
                      ; - (reexecute) java.util.concurrent.ConcurrentHashMap::get@23 (line 937)
                      ; - java.lang.ClassLoader::definePackage@47 (line 2125)
                      ; - java.lang.ClassLoader::getDefinedPackage@32 (line 2267)
                      ; - jdk.internal.loader.BuiltinClassLoader::getAndVerifyPackage@2 (line 902)
                      ; - jdk.internal.loader.BuiltinClassLoader::defineOrCheckPackage@4 (line 877)
                      ; - jdk.internal.loader.ClassLoaders$AppClassLoader::defineOrCheckPackage@4 (line 211)
                      ; - jdk.internal.loader.BuiltinClassLoader::defineClass@40 (line 849)
  0x000002491b816f24: d8d6 83ff 

  0x000002491b816f28: ;   {other}
  0x000002491b816f28: 0f1f 8400 | 1846 0068 | ba45 ffff | ff48 8b6c | 2478 4c8b | 4c24 384c | 894c 2420 | 4c8b 4c24 
  0x000002491b816f48: 684c 894c | 2428 8b7c | 2470 897c | 2434 4c89 | 5c24 504c | 8954 2458 | 4c89 7424 | 604c 8974 
  0x000002491b816f68: 2468 4489 | 4424 7048 | 895c 2478 | 894c 2474 

  0x000002491b816f78: ;   {runtime_call UncommonTrapBlob}
  0x000002491b816f78: c5f8 77e8 

  0x000002491b816f7c: ; ImmutableOopMap {rbp=Oop [32]=Oop [40]=Oop [52]=NarrowOop [80]=Oop [88]=Oop [96]=Oop [104]=Oop [112]=NarrowOop [120]=Oop }
                      ;*iflt {reexecute=1 rethrow=0 return_oop=0}
                      ; - (reexecute) java.lang.StringConcatHelper::checkOverflow@2 (line 65)
                      ; - java.lang.StringConcatHelper::mix@23 (line 127)
                      ; - java.lang.StringConcatHelper::simpleConcat@46 (line 433)
                      ; - java.lang.String::concat@11 (line 2899)
                      ; - jdk.internal.loader.BuiltinClassLoader::isSealed@14 (line 992)
                      ; - jdk.internal.loader.BuiltinClassLoader::getAndVerifyPackage@70 (line 911)
                      ; - jdk.internal.loader.BuiltinClassLoader::defineOrCheckPackage@4 (line 877)
                      ; - jdk.internal.loader.ClassLoaders$AppClassLoader::defineOrCheckPackage@4 (line 211)
                      ; - jdk.internal.loader.BuiltinClassLoader::defineClass@40 (line 849)
  0x000002491b816f7c: 80d6 83ff 

  0x000002491b816f80: ;   {other}
  0x000002491b816f80: 0f1f 8400 | 7046 0069 | ba45 ffff | ff4c 8b54 | 2438 4c89 | 5424 284c | 8b54 2468 | 4c89 5424 
  0x000002491b816fa0: 3044 8b5c | 2470 4c8b | 5424 784c | 8954 2440 | 4489 5c24 | 3c4c 8974 | 2468 4c89 | 7424 7090 
  0x000002491b816fc0: ;   {runtime_call UncommonTrapBlob}
  0x000002491b816fc0: c5f8 77e8 

  0x000002491b816fc4: ; ImmutableOopMap {[40]=Oop [48]=Oop [60]=NarrowOop [64]=Oop [88]=Oop [96]=Oop [104]=Oop [112]=Oop [136]=NarrowOop [152]=Oop }
                      ;*iflt {reexecute=1 rethrow=0 return_oop=0}
                      ; - (reexecute) java.lang.StringConcatHelper::checkOverflow@2 (line 65)
                      ; - java.lang.StringConcatHelper::mix@23 (line 127)
                      ; - java.lang.StringConcatHelper::simpleConcat@54 (line 434)
                      ; - java.lang.String::concat@11 (line 2899)
                      ; - jdk.internal.loader.BuiltinClassLoader::isSealed@14 (line 992)
                      ; - jdk.internal.loader.BuiltinClassLoader::getAndVerifyPackage@70 (line 911)
                      ; - jdk.internal.loader.BuiltinClassLoader::defineOrCheckPackage@4 (line 877)
                      ; - jdk.internal.loader.ClassLoaders$AppClassLoader::defineOrCheckPackage@4 (line 211)
                      ; - jdk.internal.loader.BuiltinClassLoader::defineClass@40 (line 849)
  0x000002491b816fc4: 38d6 83ff 

  0x000002491b816fc8: ;   {other}
  0x000002491b816fc8: 0f1f 8400 | b846 006a | ba45 ffff | ff48 8b6c | 2478 4c8b | 5424 384c | 8954 2420 | 4c8b 5424 
  0x000002491b816fe8: 684c 8954 | 2428 4c8b | 5424 584c | 8954 2440 | 4c8b 9424 | 8000 0000 | 4c89 5424 | 4844 8b54 
  0x000002491b817008: 2470 4489 | 5424 344c | 8b54 2460 | 4c89 5424 | 5844 8b9c | 2488 0000 | 0044 895c | 2470 4889 
  0x000002491b817028: 9c24 8800 | 0000 4489 | 4424 7490 

  0x000002491b817034: ;   {runtime_call UncommonTrapBlob}
  0x000002491b817034: c5f8 77e8 

  0x000002491b817038: ; ImmutableOopMap {rbp=Oop [32]=Oop [40]=Oop [52]=NarrowOop [64]=Oop [72]=Oop [88]=Oop [112]=NarrowOop [136]=Oop [152]=Oop }
                      ;*if_icmpne {reexecute=1 rethrow=0 return_oop=0}
                      ; - (reexecute) java.lang.String::getBytes@5 (line 4725)
                      ; - java.lang.StringConcatHelper::prepend@21 (line 324)
                      ; - java.lang.StringConcatHelper::simpleConcat@81 (line 439)
                      ; - java.lang.String::concat@11 (line 2899)
                      ; - jdk.internal.loader.BuiltinClassLoader::isSealed@14 (line 992)
                      ; - jdk.internal.loader.BuiltinClassLoader::getAndVerifyPackage@70 (line 911)
                      ; - jdk.internal.loader.BuiltinClassLoader::defineOrCheckPackage@4 (line 877)
                      ; - jdk.internal.loader.ClassLoaders$AppClassLoader::defineOrCheckPackage@4 (line 211)
                      ; - jdk.internal.loader.BuiltinClassLoader::defineClass@40 (line 849)
  0x000002491b817038: c4d5 83ff 

  0x000002491b81703c: ;   {other}
  0x000002491b81703c: 0f1f 8400 | 2c47 006b | ba45 ffff | ff48 8b6c | 2478 488b | 4c24 3848 | 894c 2420 | 488b 4c24 
  0x000002491b81705c: 6848 894c | 2428 8b7c | 2470 897c | 2434 4c89 | 5c24 504c | 8954 2458 | 4c89 7424 | 604c 8974 
  0x000002491b81707c: 2468 4489 | 4424 7048 | 895c 2478 | 4889 b424 | 8000 0000 | 4489 4c24 | 7466 6690 

  0x000002491b817098: ;   {runtime_call UncommonTrapBlob}
  0x000002491b817098: c5f8 77e8 

  0x000002491b81709c: ; ImmutableOopMap {rbp=Oop [32]=Oop [40]=Oop [52]=NarrowOop [80]=Oop [88]=Oop [96]=Oop [104]=Oop [112]=NarrowOop [120]=Oop }
                      ;*if_icmpne {reexecute=1 rethrow=0 return_oop=0}
                      ; - (reexecute) java.lang.StringConcatHelper::mix@13 (line 124)
                      ; - java.lang.StringConcatHelper::simpleConcat@46 (line 433)
                      ; - java.lang.String::concat@11 (line 2899)
                      ; - jdk.internal.loader.BuiltinClassLoader::isSealed@14 (line 992)
                      ; - jdk.internal.loader.BuiltinClassLoader::getAndVerifyPackage@70 (line 911)
                      ; - jdk.internal.loader.BuiltinClassLoader::defineOrCheckPackage@4 (line 877)
                      ; - jdk.internal.loader.ClassLoaders$AppClassLoader::defineOrCheckPackage@4 (line 211)
                      ; - jdk.internal.loader.BuiltinClassLoader::defineClass@40 (line 849)
  0x000002491b81709c: 60d5 83ff 

  0x000002491b8170a0: ;   {other}
  0x000002491b8170a0: 0f1f 8400 | 9047 006c | ba45 ffff | ff48 8b6c | 2478 4c8b | 5424 384c | 8954 2420 | 4c8b 5424 
  0x000002491b8170c0: 684c 8954 | 2428 4c89 | 5c24 4044 | 8b5c 2470 | 4489 5c24 | 344c 8b54 | 2460 4c89 | 5424 584c 
  0x000002491b8170e0: 8974 2460 | 4c89 7424 | 6848 89b4 | 2480 0000 | 0044 894c | 2474 6690 

  0x000002491b8170f8: ;   {runtime_call UncommonTrapBlob}
  0x000002491b8170f8: c5f8 77e8 

  0x000002491b8170fc: ; ImmutableOopMap {rbp=Oop [32]=Oop [40]=Oop [52]=NarrowOop [64]=Oop [88]=Oop [96]=Oop [104]=Oop [136]=NarrowOop [152]=Oop }
                      ;*ifge {reexecute=1 rethrow=0 return_oop=0}
                      ; - (reexecute) java.lang.StringConcatHelper::newArray@13 (line 508)
                      ; - java.lang.StringConcatHelper::simpleConcat@61 (line 435)
                      ; - java.lang.String::concat@11 (line 2899)
                      ; - jdk.internal.loader.BuiltinClassLoader::isSealed@14 (line 992)
                      ; - jdk.internal.loader.BuiltinClassLoader::getAndVerifyPackage@70 (line 911)
                      ; - jdk.internal.loader.BuiltinClassLoader::defineOrCheckPackage@4 (line 877)
                      ; - jdk.internal.loader.ClassLoaders$AppClassLoader::defineOrCheckPackage@4 (line 211)
                      ; - jdk.internal.loader.BuiltinClassLoader::defineClass@40 (line 849)
  0x000002491b8170fc: 00d5 83ff 

  0x000002491b817100: ;   {other}
  0x000002491b817100: 0f1f 8400 | f047 006d | ba45 ffff | ff48 8b6c | 2478 4c8b | 4424 384c | 8944 2420 | 4c8b 4424 
  0x000002491b817120: 684c 8944 | 2428 448b | 4c24 7044 | 894c 2434 | 4c89 5c24 | 504c 8954 | 2458 4c89 | 7424 604c 
  0x000002491b817140: 8974 2468 | 4889 4424 | 7089 5c24 | 7866 6690 

  0x000002491b817150: ;   {runtime_call UncommonTrapBlob}
  0x000002491b817150: c5f8 77e8 

  0x000002491b817154: ; ImmutableOopMap {rbp=Oop [32]=Oop [40]=Oop [52]=NarrowOop [80]=Oop [88]=Oop [96]=Oop [104]=Oop [112]=Oop }
                      ;*ifle {reexecute=1 rethrow=0 return_oop=0}
                      ; - (reexecute) java.util.HashMap::getNode@14 (line 575)
                      ; - java.util.HashMap::get@2 (line 564)
                      ; - java.util.jar.Manifest::getAttributes@5 (line 160)
                      ; - java.util.jar.Manifest::getTrustedAttributes@2 (line 177)
                      ; - java.util.jar.JavaUtilJarAccessImpl::getTrustedAttributes@2 (line 38)
                      ; - jdk.internal.loader.BuiltinClassLoader::isSealed@17 (line 992)
                      ; - jdk.internal.loader.BuiltinClassLoader::getAndVerifyPackage@70 (line 911)
                      ; - jdk.internal.loader.BuiltinClassLoader::defineOrCheckPackage@4 (line 877)
                      ; - jdk.internal.loader.ClassLoaders$AppClassLoader::defineOrCheckPackage@4 (line 211)
                      ; - jdk.internal.loader.BuiltinClassLoader::defineClass@40 (line 849)
  0x000002491b817154: a8d4 83ff 

  0x000002491b817158: ;   {other}
  0x000002491b817158: 0f1f 8400 | 4848 006e | ba45 ffff | ff4c 8b44 | 2438 4c89 | 4424 204c | 8b44 2468 | 4c89 4424 
  0x000002491b817178: 284c 8974 | 2448 4c89 | 5c24 504c | 8954 2458 | 4889 4424 | 6044 894c | 2468 6690 

  0x000002491b817194: ;   {runtime_call UncommonTrapBlob}
  0x000002491b817194: c5f8 77e8 

  0x000002491b817198: ; ImmutableOopMap {[32]=Oop [40]=Oop [72]=Oop [80]=Oop [88]=Oop [96]=Oop [112]=NarrowOop [120]=Oop }
                      ;*ifle {reexecute=1 rethrow=0 return_oop=0}
                      ; - (reexecute) java.util.HashMap::getNode@14 (line 575)
                      ; - java.util.LinkedHashMap::get@2 (line 536)
                      ; - java.util.jar.Attributes::get@5 (line 106)
                      ; - java.util.jar.Attributes::getValue@2 (line 142)
                      ; - jdk.internal.loader.BuiltinClassLoader::isSealed@57 (line 997)
                      ; - jdk.internal.loader.BuiltinClassLoader::getAndVerifyPackage@70 (line 911)
                      ; - jdk.internal.loader.BuiltinClassLoader::defineOrCheckPackage@4 (line 877)
                      ; - jdk.internal.loader.ClassLoaders$AppClassLoader::defineOrCheckPackage@4 (line 211)
                      ; - jdk.internal.loader.BuiltinClassLoader::defineClass@40 (line 849)
  0x000002491b817198: 64d4 83ff 

  0x000002491b81719c: ;   {other}
  0x000002491b81719c: 0f1f 8400 | 8c48 006f | ba45 ffff | ff4c 8b44 | 2478 4c89 | 4424 204c | 8b44 2438 | 4c89 4424 
  0x000002491b8171bc: 284c 8b44 | 2468 4c89 | 4424 304c | 895c 2460 | 4c89 7424 | 684c 899c | 2480 0000 | 0044 894c 
  0x000002491b8171dc: 2474 4489 | 9424 9000 | 0000 6690 

  0x000002491b8171e8: ;   {runtime_call UncommonTrapBlob}
  0x000002491b8171e8: c5f8 77e8 

  0x000002491b8171ec: ; ImmutableOopMap {[32]=Oop [40]=Oop [48]=Oop [96]=Oop [104]=Oop [112]=NarrowOop [116]=NarrowOop [128]=Oop }
                      ;*ifge {reexecute=1 rethrow=0 return_oop=0}
                      ; - (reexecute) java.util.concurrent.ConcurrentHashMap::get@86 (line 943)
                      ; - java.lang.ClassLoader::getDefinedPackage@13 (line 2263)
                      ; - jdk.internal.loader.BuiltinClassLoader::getAndVerifyPackage@2 (line 902)
                      ; - jdk.internal.loader.BuiltinClassLoader::defineOrCheckPackage@4 (line 877)
                      ; - jdk.internal.loader.ClassLoaders$AppClassLoader::defineOrCheckPackage@4 (line 211)
                      ; - jdk.internal.loader.BuiltinClassLoader::defineClass@40 (line 849)
  0x000002491b8171ec: 10d4 83ff 

  0x000002491b8171f0: ;   {other}
  0x000002491b8171f0: 0f1f 8400 | e048 0070 | 33ed 4585 | d240 0f94 | c5ba 45ff | ffff 4c8b | 5424 784c | 8954 2420 
  0x000002491b817210: 4c8b 5424 | 384c 8954 | 2428 4c8b | 5424 684c | 8954 2430 | 4c89 7424 | 6889 4c24 | 7466 6690 
  0x000002491b817230: ;   {runtime_call UncommonTrapBlob}
  0x000002491b817230: c5f8 77e8 

  0x000002491b817234: ; ImmutableOopMap {[32]=Oop [40]=Oop [48]=Oop [104]=Oop [112]=NarrowOop [116]=NarrowOop [128]=Oop }
                      ;*ifeq {reexecute=1 rethrow=0 return_oop=0}
                      ; - (reexecute) java.lang.String::hashCode@20 (line 2369)
                      ; - java.util.concurrent.ConcurrentHashMap::get@1 (line 936)
                      ; - java.lang.ClassLoader::getDefinedPackage@13 (line 2263)
                      ; - jdk.internal.loader.BuiltinClassLoader::getAndVerifyPackage@2 (line 902)
                      ; - jdk.internal.loader.BuiltinClassLoader::defineOrCheckPackage@4 (line 877)
                      ; - jdk.internal.loader.ClassLoaders$AppClassLoader::defineOrCheckPackage@4 (line 211)
                      ; - jdk.internal.loader.BuiltinClassLoader::defineClass@40 (line 849)
  0x000002491b817234: c8d3 83ff 

  0x000002491b817238: ;   {other}
  0x000002491b817238: 0f1f 8400 | 2849 0071 | ba45 ffff | ff4c 8b44 | 2478 4c89 | 4424 204c | 8b44 2438 | 4c89 4424 
  0x000002491b817258: 284c 8b44 | 2468 4c89 | 4424 304c | 895c 2460 | 4c89 7424 | 684c 899c | 2480 0000 | 0044 894c 
  0x000002491b817278: 2474 4489 | 9424 9000 | 0000 6690 

  0x000002491b817284: ;   {runtime_call UncommonTrapBlob}
  0x000002491b817284: c5f8 77e8 

  0x000002491b817288: ; ImmutableOopMap {rbp=NarrowOop [32]=Oop [40]=Oop [48]=Oop [96]=Oop [104]=Oop [112]=NarrowOop [116]=NarrowOop [128]=Oop }
                      ;*ifnull {reexecute=1 rethrow=0 return_oop=0}
                      ; - (reexecute) java.util.concurrent.ConcurrentHashMap::get@67 (line 940)
                      ; - java.lang.ClassLoader::getDefinedPackage@13 (line 2263)
                      ; - jdk.internal.loader.BuiltinClassLoader::getAndVerifyPackage@2 (line 902)
                      ; - jdk.internal.loader.BuiltinClassLoader::defineOrCheckPackage@4 (line 877)
                      ; - jdk.internal.loader.ClassLoaders$AppClassLoader::defineOrCheckPackage@4 (line 211)
                      ; - jdk.internal.loader.BuiltinClassLoader::defineClass@40 (line 849)
  0x000002491b817288: 74d3 83ff 

  0x000002491b81728c: ;   {other}
  0x000002491b81728c: 0f1f 8400 | 7c49 0072 | 4c8b 5424 | 204c 8954 | 2468 4c8b | 5424 284c | 8954 2438 | 4c8b 5c24 
  0x000002491b8172ac: 484c 8b74 | 2450 ba45 | ffff ff4c | 8b54 2438 | 4c89 5424 | 204c 8974 | 2448 4c89 | 5c24 5090 
  0x000002491b8172cc: ;   {runtime_call UncommonTrapBlob}
  0x000002491b8172cc: c5f8 77e8 

  0x000002491b8172d0: ; ImmutableOopMap {[32]=Oop [72]=Oop [80]=Oop [104]=Oop [112]=NarrowOop [120]=Oop }
                      ;*ifeq {reexecute=1 rethrow=0 return_oop=0}
                      ; - (reexecute) jdk.internal.loader.BuiltinClassLoader::getAndVerifyPackage@73 (line 911)
                      ; - jdk.internal.loader.BuiltinClassLoader::defineOrCheckPackage@4 (line 877)
                      ; - jdk.internal.loader.ClassLoaders$AppClassLoader::defineOrCheckPackage@4 (line 211)
                      ; - jdk.internal.loader.BuiltinClassLoader::defineClass@40 (line 849)
  0x000002491b8172d0: 2cd3 83ff 

  0x000002491b8172d4: ;   {other}
  0x000002491b8172d4: 0f1f 8400 | c449 0073 | baec ffff | ff4c 8b44 | 2438 4c89 | 4424 284c | 8b44 2468 | 4c89 4424 
  0x000002491b8172f4: 304c 8b44 | 2478 4c89 | 4424 408b | 4c24 7089 | 4c24 3c4c | 895c 2458 | 4c89 5424 | 604c 8974 
  0x000002491b817314: 2468 4c89 | 7424 704c | 894c 2478 | 4889 9c24 | 8000 0000 

  0x000002491b817328: ;   {runtime_call UncommonTrapBlob}
  0x000002491b817328: c5f8 77e8 

  0x000002491b81732c: ; ImmutableOopMap {rbp=NarrowOop [40]=Oop [48]=Oop [60]=NarrowOop [64]=Oop [88]=Oop [96]=Oop [104]=Oop [112]=Oop [120]=Oop [128]=Oop }
                      ;*ifnull {reexecute=1 rethrow=0 return_oop=0}
                      ; - (reexecute) java.util.jar.Manifest::getTrustedAttributes@14 (line 178)
                      ; - java.util.jar.JavaUtilJarAccessImpl::getTrustedAttributes@2 (line 38)
                      ; - jdk.internal.loader.BuiltinClassLoader::isSealed@17 (line 992)
                      ; - jdk.internal.loader.BuiltinClassLoader::getAndVerifyPackage@70 (line 911)
                      ; - jdk.internal.loader.BuiltinClassLoader::defineOrCheckPackage@4 (line 877)
                      ; - jdk.internal.loader.ClassLoaders$AppClassLoader::defineOrCheckPackage@4 (line 211)
                      ; - jdk.internal.loader.BuiltinClassLoader::defineClass@40 (line 849)
  0x000002491b81732c: d0d2 83ff 

  0x000002491b817330: ;   {other}
  0x000002491b817330: 0f1f 8400 | 204a 0074 | ba45 ffff | ff4c 8b4c | 2438 4c89 | 4c24 284c | 8b4c 2468 | 4c89 4c24 
  0x000002491b817350: 304c 895c | 2460 4c89 | 7424 684c | 899c 2480 | 0000 0044 | 8954 2474 | 898c 2490 | 0000 0044 
  0x000002491b817370: 8984 2494 | 0000 0090 

  0x000002491b817378: ;   {runtime_call UncommonTrapBlob}
  0x000002491b817378: c5f8 77e8 

  0x000002491b81737c: ; ImmutableOopMap {[40]=Oop [48]=Oop [96]=Oop [104]=Oop [112]=NarrowOop [116]=NarrowOop [120]=Oop [128]=Oop [144]=NarrowOop }
                      ;*ifge {reexecute=1 rethrow=0 return_oop=0}
                      ; - (reexecute) java.util.concurrent.ConcurrentHashMap::get@86 (line 943)
                      ; - java.lang.ClassLoader::definePackage@47 (line 2125)
                      ; - java.lang.ClassLoader::getDefinedPackage@32 (line 2267)
                      ; - jdk.internal.loader.BuiltinClassLoader::getAndVerifyPackage@2 (line 902)
                      ; - jdk.internal.loader.BuiltinClassLoader::defineOrCheckPackage@4 (line 877)
                      ; - jdk.internal.loader.ClassLoaders$AppClassLoader::defineOrCheckPackage@4 (line 211)
                      ; - jdk.internal.loader.BuiltinClassLoader::defineClass@40 (line 849)
  0x000002491b81737c: 80d2 83ff 

  0x000002491b817380: ;   {other}
  0x000002491b817380: 0f1f 8400 | 704a 0075 | 33ed 4585 | c040 0f94 | c5ba 45ff | ffff 4c8b | 4424 384c | 8944 2428 
  0x000002491b8173a0: 4c8b 4424 | 684c 8944 | 2430 4c89 | 5c24 604c | 8974 2468 | 4c89 9c24 | 8000 0000 | 4489 5424 
  0x000002491b8173c0: 7489 8c24 | 9800 0000 

  0x000002491b8173c8: ;   {runtime_call UncommonTrapBlob}
  0x000002491b8173c8: c5f8 77e8 

  0x000002491b8173cc: ; ImmutableOopMap {[40]=Oop [48]=Oop [96]=Oop [104]=Oop [112]=NarrowOop [116]=NarrowOop [120]=Oop [128]=Oop [152]=NarrowOop }
                      ;*ifeq {reexecute=1 rethrow=0 return_oop=0}
                      ; - (reexecute) java.lang.String::hashCode@20 (line 2369)
                      ; - java.util.concurrent.ConcurrentHashMap::get@1 (line 936)
                      ; - java.lang.ClassLoader::definePackage@47 (line 2125)
                      ; - java.lang.ClassLoader::getDefinedPackage@32 (line 2267)
                      ; - jdk.internal.loader.BuiltinClassLoader::getAndVerifyPackage@2 (line 902)
                      ; - jdk.internal.loader.BuiltinClassLoader::defineOrCheckPackage@4 (line 877)
                      ; - jdk.internal.loader.ClassLoaders$AppClassLoader::defineOrCheckPackage@4 (line 211)
                      ; - jdk.internal.loader.BuiltinClassLoader::defineClass@40 (line 849)
  0x000002491b8173cc: 30d2 83ff 

  0x000002491b8173d0: ;   {other}
  0x000002491b8173d0: 0f1f 8400 | c04a 0076 | ba45 ffff | ff4c 8b4c | 2438 4c89 | 4c24 284c | 8b4c 2468 | 4c89 4c24 
  0x000002491b8173f0: 304c 895c | 2460 4c89 | 7424 684c | 899c 2480 | 0000 0044 | 8954 2474 | 898c 2490 | 0000 0044 
  0x000002491b817410: 8984 2494 | 0000 0090 

  0x000002491b817418: ;   {runtime_call UncommonTrapBlob}
  0x000002491b817418: c5f8 77e8 

  0x000002491b81741c: ; ImmutableOopMap {rbp=NarrowOop [40]=Oop [48]=Oop [96]=Oop [104]=Oop [112]=NarrowOop [116]=NarrowOop [120]=Oop [128]=Oop [144]=NarrowOop }
                      ;*ifnull {reexecute=1 rethrow=0 return_oop=0}
                      ; - (reexecute) java.util.concurrent.ConcurrentHashMap::get@67 (line 940)
                      ; - java.lang.ClassLoader::definePackage@47 (line 2125)
                      ; - java.lang.ClassLoader::getDefinedPackage@32 (line 2267)
                      ; - jdk.internal.loader.BuiltinClassLoader::getAndVerifyPackage@2 (line 902)
                      ; - jdk.internal.loader.BuiltinClassLoader::defineOrCheckPackage@4 (line 877)
                      ; - jdk.internal.loader.ClassLoaders$AppClassLoader::defineOrCheckPackage@4 (line 211)
                      ; - jdk.internal.loader.BuiltinClassLoader::defineClass@40 (line 849)
  0x000002491b81741c: e0d1 83ff 

  0x000002491b817420: ;   {other}
  0x000002491b817420: 0f1f 8400 | 104b 0077 | ba45 ffff | ff48 8944 | 2468 6690 

  0x000002491b817434: ;   {runtime_call UncommonTrapBlob}
  0x000002491b817434: c5f8 77e8 

  0x000002491b817438: ; ImmutableOopMap {[32]=Oop [40]=Oop [48]=NarrowOop [64]=Oop [72]=Oop [88]=Oop [104]=Oop [120]=Oop }
                      ;*ifnonnull {reexecute=1 rethrow=0 return_oop=0}
                      ; - (reexecute) jdk.internal.loader.BuiltinClassLoader::isSealed@41 (line 996)
                      ; - jdk.internal.loader.BuiltinClassLoader::getAndVerifyPackage@70 (line 911)
                      ; - jdk.internal.loader.BuiltinClassLoader::defineOrCheckPackage@4 (line 877)
                      ; - jdk.internal.loader.ClassLoaders$AppClassLoader::defineOrCheckPackage@4 (line 211)
                      ; - jdk.internal.loader.BuiltinClassLoader::defineClass@40 (line 849)
  0x000002491b817438: c4d1 83ff 

  0x000002491b81743c: ;   {other}
  0x000002491b81743c: 0f1f 8400 | 2c4b 0078 | 33ed 85d2 | 400f 94c5 | ba45 ffff | ff48 8b4c | 2438 4889 | 4c24 2848 
  0x000002491b81745c: 8b4c 2468 | 4889 4c24 | 308b 7c24 | 7048 8b4c | 2478 4889 | 4c24 4089 | 7c24 3c4c | 895c 2458 
  0x000002491b81747c: 4c89 5424 | 604c 8974 | 2468 4c89 | 7424 7048 | 8984 2480 | 0000 0044 | 8984 2488 | 0000 0089 
  0x000002491b81749c: 9c24 8c00 | 0000 4889 | 8424 9000 | 0000 6690 

  0x000002491b8174ac: ;   {runtime_call UncommonTrapBlob}
  0x000002491b8174ac: c5f8 77e8 

  0x000002491b8174b0: ; ImmutableOopMap {[40]=Oop [48]=Oop [60]=NarrowOop [64]=Oop [88]=Oop [96]=Oop [104]=Oop [112]=Oop [128]=Oop [136]=NarrowOop [144]=Oop }
                      ;*ifeq {reexecute=1 rethrow=0 return_oop=0}
                      ; - (reexecute) java.lang.String::hashCode@20 (line 2369)
                      ; - java.util.HashMap::hash@9 (line 338)
                      ; - java.util.HashMap::getNode@23 (line 576)
                      ; - java.util.HashMap::get@2 (line 564)
                      ; - java.util.jar.Manifest::getAttributes@5 (line 160)
                      ; - java.util.jar.Manifest::getTrustedAttributes@2 (line 177)
                      ; - java.util.jar.JavaUtilJarAccessImpl::getTrustedAttributes@2 (line 38)
                      ; - jdk.internal.loader.BuiltinClassLoader::isSealed@17 (line 992)
                      ; - jdk.internal.loader.BuiltinClassLoader::getAndVerifyPackage@70 (line 911)
                      ; - jdk.internal.loader.BuiltinClassLoader::defineOrCheckPackage@4 (line 877)
                      ; - jdk.internal.loader.ClassLoaders$AppClassLoader::defineOrCheckPackage@4 (line 211)
                      ; - jdk.internal.loader.BuiltinClassLoader::defineClass@40 (line 849)
  0x000002491b8174b0: 4cd1 83ff 

  0x000002491b8174b4: ;   {other}
  0x000002491b8174b4: 0f1f 8400 | a44b 0079 | ba45 ffff | ff4c 894c | 2420 4c8b | 4424 384c | 8944 2428 | 4c8b 4424 
  0x000002491b8174d4: 684c 8944 | 2430 4c89 | 5c24 604c | 8974 2468 | 4c89 9c24 | 8000 0000 | 4889 8c24 | 9000 0000 
  0x000002491b8174f4: 4489 5424 | 7466 6690 

  0x000002491b8174fc: ;   {runtime_call UncommonTrapBlob}
  0x000002491b8174fc: c5f8 77e8 

  0x000002491b817500: ; ImmutableOopMap {rbp=NarrowOop [32]=Oop [40]=Oop [48]=Oop [96]=Oop [104]=Oop [112]=NarrowOop [128]=Oop [144]=Oop }
                      ;*ifnull {reexecute=1 rethrow=0 return_oop=0}
                      ; - (reexecute) java.util.concurrent.ConcurrentHashMap::get@143 (line 946)
                      ; - java.lang.ClassLoader::getDefinedPackage@13 (line 2263)
                      ; - jdk.internal.loader.BuiltinClassLoader::getAndVerifyPackage@2 (line 902)
                      ; - jdk.internal.loader.BuiltinClassLoader::defineOrCheckPackage@4 (line 877)
                      ; - jdk.internal.loader.ClassLoaders$AppClassLoader::defineOrCheckPackage@4 (line 211)
                      ; - jdk.internal.loader.BuiltinClassLoader::defineClass@40 (line 849)
  0x000002491b817500: fcd0 83ff 

  0x000002491b817504: ;   {other}
  0x000002491b817504: 0f1f 8400 | f44b 007a | ba45 ffff | ff48 8b6c | 2438 4c8b | 5c24 684c | 895c 2440 | 448b 8424 
  0x000002491b817524: 8800 0000 | 4489 4424 | 6c89 8424 | 8800 0000 

  0x000002491b817534: ;   {runtime_call UncommonTrapBlob}
  0x000002491b817534: c5f8 77e8 

  0x000002491b817538: ; ImmutableOopMap {rbp=Oop [32]=Oop [40]=Oop [48]=NarrowOop [64]=Oop [72]=Oop [144]=Oop }
                      ;*ifeq {reexecute=1 rethrow=0 return_oop=0}
                      ; - (reexecute) java.util.concurrent.ConcurrentHashMap::get@152 (line 947)
                      ; - java.lang.ClassLoader::getDefinedPackage@13 (line 2263)
                      ; - jdk.internal.loader.BuiltinClassLoader::getAndVerifyPackage@2 (line 902)
                      ; - jdk.internal.loader.BuiltinClassLoader::defineOrCheckPackage@4 (line 877)
                      ; - jdk.internal.loader.ClassLoaders$AppClassLoader::defineOrCheckPackage@4 (line 211)
                      ; - jdk.internal.loader.BuiltinClassLoader::defineClass@40 (line 849)
  0x000002491b817538: c4d0 83ff 

  0x000002491b81753c: ;   {other}
  0x000002491b81753c: 0f1f 8400 | 2c4c 007b | ba45 ffff | ff48 8b6c | 2478 4c8b | 4424 384c | 8944 2420 | 4c8b 4424 
  0x000002491b81755c: 684c 8944 | 2428 8b7c | 2470 897c | 2434 4c89 | 5c24 504c | 8954 2458 | 4c89 7424 | 604c 8974 
  0x000002491b81757c: 2468 4c89 | 4c24 7889 | 9c24 8000 | 0000 898c | 2484 0000 | 0066 6690 

  0x000002491b817594: ;   {runtime_call UncommonTrapBlob}
  0x000002491b817594: c5f8 77e8 

  0x000002491b817598: ; ImmutableOopMap {rbp=Oop [32]=Oop [40]=Oop [52]=NarrowOop [80]=Oop [88]=Oop [96]=Oop [104]=Oop [120]=Oop [128]=NarrowOop }
                      ;*ifeq {reexecute=1 rethrow=0 return_oop=0}
                      ; - (reexecute) java.util.HashMap::getNode@85 (line 581)
                      ; - java.util.HashMap::get@2 (line 564)
                      ; - java.util.jar.Manifest::getAttributes@5 (line 160)
                      ; - java.util.jar.Manifest::getTrustedAttributes@2 (line 177)
                      ; - java.util.jar.JavaUtilJarAccessImpl::getTrustedAttributes@2 (line 38)
                      ; - jdk.internal.loader.BuiltinClassLoader::isSealed@17 (line 992)
                      ; - jdk.internal.loader.BuiltinClassLoader::getAndVerifyPackage@70 (line 911)
                      ; - jdk.internal.loader.BuiltinClassLoader::defineOrCheckPackage@4 (line 877)
                      ; - jdk.internal.loader.ClassLoaders$AppClassLoader::defineOrCheckPackage@4 (line 211)
                      ; - jdk.internal.loader.BuiltinClassLoader::defineClass@40 (line 849)
  0x000002491b817598: 64d0 83ff 

  0x000002491b81759c: ;   {other}
  0x000002491b81759c: 0f1f 8400 | 8c4c 007c | ba45 ffff | ff4c 8b44 | 2438 4c89 | 4424 284c | 8b44 2468 | 4c89 4424 
  0x000002491b8175bc: 304c 8974 | 2450 448b | 4c24 7044 | 894c 243c | 4c89 5c24 | 584c 8954 | 2460 4889 | 4424 6889 
  0x000002491b8175dc: 7c24 7090 

  0x000002491b8175e0: ;   {runtime_call UncommonTrapBlob}
  0x000002491b8175e0: c5f8 77e8 

  0x000002491b8175e4: ; ImmutableOopMap {rbp=NarrowOop [40]=Oop [48]=Oop [60]=NarrowOop [80]=Oop [88]=Oop [96]=Oop [104]=Oop [120]=Oop }
                      ;*ifeq {reexecute=1 rethrow=0 return_oop=0}
                      ; - (reexecute) java.util.HashMap::getNode@85 (line 581)
                      ; - java.util.LinkedHashMap::get@2 (line 536)
                      ; - java.util.jar.Attributes::get@5 (line 106)
                      ; - java.util.jar.Attributes::getValue@2 (line 142)
                      ; - jdk.internal.loader.BuiltinClassLoader::isSealed@57 (line 997)
                      ; - jdk.internal.loader.BuiltinClassLoader::getAndVerifyPackage@70 (line 911)
                      ; - jdk.internal.loader.BuiltinClassLoader::defineOrCheckPackage@4 (line 877)
                      ; - jdk.internal.loader.ClassLoaders$AppClassLoader::defineOrCheckPackage@4 (line 211)
                      ; - jdk.internal.loader.BuiltinClassLoader::defineClass@40 (line 849)
  0x000002491b8175e4: 18d0 83ff 

  0x000002491b8175e8: ;   {other}
  0x000002491b8175e8: 0f1f 8400 | d84c 007d | bade ffff | ff48 8b6c | 2428 4c8b | 5c24 404c | 895c 2430 | 4c8b 5c24 
  0x000002491b817608: 484c 895c | 2440 4c8b | 5c24 504c | 895c 2448 | 4c89 5424 | 5066 6690 

  0x000002491b817620: ;   {runtime_call UncommonTrapBlob}
  0x000002491b817620: c5f8 77e8 

  0x000002491b817624: ; ImmutableOopMap {rbp=Oop [48]=Oop [56]=Oop [64]=Oop [72]=Oop [80]=Oop [112]=NarrowOop [128]=Oop }
                      ;*invokevirtual close {reexecute=0 rethrow=0 return_oop=0}
                      ; - java.util.jar.JarFile::getManifestFromReference@152 (line 432)
                      ; - java.util.jar.JarFile::getManifest@1 (line 405)
                      ; - jdk.internal.loader.URLClassPath$JarLoader$2::getManifest@22 (line 853)
                      ; - jdk.internal.loader.BuiltinClassLoader::defineClass@29 (line 848)
  0x000002491b817624: d8cf 83ff 

  0x000002491b817628: ;   {other}
  0x000002491b817628: 0f1f 8400 | 184d 007e | ba45 ffff | ff4c 8b4c | 2438 4c89 | 4c24 284c | 8b4c 2468 | 4c89 4c24 
  0x000002491b817648: 304c 895c | 2460 4c89 | 7424 684c | 899c 2480 | 0000 0044 | 8954 2474 | 4889 bc24 | 9000 0000 
  0x000002491b817668: 4489 8424 | 9800 0000 

  0x000002491b817670: ;   {runtime_call UncommonTrapBlob}
  0x000002491b817670: c5f8 77e8 

  0x000002491b817674: ; ImmutableOopMap {rbp=NarrowOop [40]=Oop [48]=Oop [96]=Oop [104]=Oop [112]=NarrowOop [116]=NarrowOop [120]=Oop [128]=Oop [144]=Oop }
                      ;*ifnull {reexecute=1 rethrow=0 return_oop=0}
                      ; - (reexecute) java.util.concurrent.ConcurrentHashMap::get@143 (line 946)
                      ; - java.lang.ClassLoader::definePackage@47 (line 2125)
                      ; - java.lang.ClassLoader::getDefinedPackage@32 (line 2267)
                      ; - jdk.internal.loader.BuiltinClassLoader::getAndVerifyPackage@2 (line 902)
                      ; - jdk.internal.loader.BuiltinClassLoader::defineOrCheckPackage@4 (line 877)
                      ; - jdk.internal.loader.ClassLoaders$AppClassLoader::defineOrCheckPackage@4 (line 211)
                      ; - jdk.internal.loader.BuiltinClassLoader::defineClass@40 (line 849)
  0x000002491b817674: 88cf 83ff 

  0x000002491b817678: ;   {other}
  0x000002491b817678: 0f1f 8400 | 684d 007f | ba45 ffff | ff4c 8b54 | 2468 4c89 | 5424 4044 | 8b9c 2488 | 0000 0044 
  0x000002491b817698: 895c 246c | 448b 9424 | 8c00 0000 | 4489 9424 | 8800 0000 | 8984 248c | 0000 0090 

  0x000002491b8176b4: ;   {runtime_call UncommonTrapBlob}
  0x000002491b8176b4: c5f8 77e8 

  0x000002491b8176b8: ; ImmutableOopMap {rbp=Oop [32]=Oop [40]=Oop [48]=NarrowOop [64]=Oop [72]=Oop [108]=NarrowOop [144]=Oop }
                      ;*ifeq {reexecute=1 rethrow=0 return_oop=0}
                      ; - (reexecute) java.util.concurrent.ConcurrentHashMap::get@152 (line 947)
                      ; - java.lang.ClassLoader::definePackage@47 (line 2125)
                      ; - java.lang.ClassLoader::getDefinedPackage@32 (line 2267)
                      ; - jdk.internal.loader.BuiltinClassLoader::getAndVerifyPackage@2 (line 902)
                      ; - jdk.internal.loader.BuiltinClassLoader::defineOrCheckPackage@4 (line 877)
                      ; - jdk.internal.loader.ClassLoaders$AppClassLoader::defineOrCheckPackage@4 (line 211)
                      ; - jdk.internal.loader.BuiltinClassLoader::defineClass@40 (line 849)
  0x000002491b8176b8: 44cf 83ff 

  0x000002491b8176bc: ;   {other}
  0x000002491b8176bc: 0f1f 8400 | ac4d 0080 | baec ffff | ff4c 8b54 | 2428 4c89 | 5424 2044 | 8b44 2430 | 4489 4424 
  0x000002491b8176dc: 284c 8b54 | 2440 4c89 | 5424 3844 | 895c 2450 

  0x000002491b8176ec: ;   {runtime_call UncommonTrapBlob}
  0x000002491b8176ec: c5f8 77e8 

  0x000002491b8176f0: ; ImmutableOopMap {rbp=NarrowOop [32]=Oop [40]=NarrowOop [56]=Oop [72]=Oop [80]=NarrowOop [128]=Oop }
                      ;*ifnull {reexecute=1 rethrow=0 return_oop=0}
                      ; - (reexecute) java.util.jar.JarFile::ensureInitialization@21 (line 1067)
                      ; - java.util.jar.JavaUtilJarAccessImpl::ensureInitialization@1 (line 42)
                      ; - jdk.internal.loader.URLClassPath$JarLoader$2::getManifest@10 (line 852)
                      ; - jdk.internal.loader.BuiltinClassLoader::defineClass@29 (line 848)
  0x000002491b8176f0: 0ccf 83ff 

  0x000002491b8176f4: ;   {other}
  0x000002491b8176f4: 0f1f 8400 | e44d 0081 | ba45 ffff | ff48 8b6c | 2458 4c8b | 5c24 604c | 895c 2458 | 448b 9c24 
  0x000002491b817714: 8800 0000 | 4489 5c24 | 7089 8424 | 8800 0000 

  0x000002491b817724: ;   {runtime_call UncommonTrapBlob}
  0x000002491b817724: c5f8 77e8 

  0x000002491b817728: ; ImmutableOopMap {rbp=Oop [32]=Oop [40]=Oop [48]=NarrowOop [72]=Oop [80]=Oop [88]=Oop [112]=NarrowOop [128]=Oop }
                      ;*ifeq {reexecute=1 rethrow=0 return_oop=0}
                      ; - (reexecute) java.util.HashMap::getNode@66 (line 578)
                      ; - java.util.HashMap::get@2 (line 564)
                      ; - java.util.jar.Manifest::getAttributes@5 (line 160)
                      ; - java.util.jar.Manifest::getTrustedAttributes@2 (line 177)
                      ; - java.util.jar.JavaUtilJarAccessImpl::getTrustedAttributes@2 (line 38)
                      ; - jdk.internal.loader.BuiltinClassLoader::isSealed@17 (line 992)
                      ; - jdk.internal.loader.BuiltinClassLoader::getAndVerifyPackage@70 (line 911)
                      ; - jdk.internal.loader.BuiltinClassLoader::defineOrCheckPackage@4 (line 877)
                      ; - jdk.internal.loader.ClassLoaders$AppClassLoader::defineOrCheckPackage@4 (line 211)
                      ; - jdk.internal.loader.BuiltinClassLoader::defineClass@40 (line 849)
  0x000002491b817728: d4ce 83ff 

  0x000002491b81772c: ;   {other}
  0x000002491b81772c: 0f1f 8400 | 1c4e 0082 | ba45 ffff | ff44 8b54 | 2458 4489 | 5424 3c44 | 8b5c 2474 | 4489 5c24 
  0x000002491b81774c: 7089 4424 | 7466 6690 

  0x000002491b817754: ;   {runtime_call UncommonTrapBlob}
  0x000002491b817754: c5f8 77e8 

  0x000002491b817758: ; ImmutableOopMap {rbp=NarrowOop [40]=Oop [48]=Oop [60]=NarrowOop [64]=Oop [72]=Oop [80]=Oop [96]=Oop [128]=Oop }
                      ;*ifeq {reexecute=1 rethrow=0 return_oop=0}
                      ; - (reexecute) java.util.HashMap::getNode@66 (line 578)
                      ; - java.util.LinkedHashMap::get@2 (line 536)
                      ; - java.util.jar.Attributes::get@5 (line 106)
                      ; - java.util.jar.Attributes::getValue@2 (line 142)
                      ; - jdk.internal.loader.BuiltinClassLoader::isSealed@57 (line 997)
                      ; - jdk.internal.loader.BuiltinClassLoader::getAndVerifyPackage@70 (line 911)
                      ; - jdk.internal.loader.BuiltinClassLoader::defineOrCheckPackage@4 (line 877)
                      ; - jdk.internal.loader.ClassLoaders$AppClassLoader::defineOrCheckPackage@4 (line 211)
                      ; - jdk.internal.loader.BuiltinClassLoader::defineClass@40 (line 849)
  0x000002491b817758: a4ce 83ff 

  0x000002491b81775c: ;   {other}
  0x000002491b81775c: 0f1f 8400 | 4c4e 0083 | 498b f849 | 8bd7 c5f8 | 7749 bad0 | ed0d 32fa | 7f00 0041 

  0x000002491b817778: ;   {other}
  0x000002491b817778: ffd2 0f1f | 8400 0000 | 0000 4c8b | c7e9 0eda | ffff 498b | e849 8bf9 | 498b d7c5 | f877 49ba 
  0x000002491b817798: d0ed 0d32 | fa7f 0000 

  0x000002491b8177a0: ;   {other}
  0x000002491b8177a0: 41ff d20f | 1f84 0000 | 0000 004c | 8bcf 4c8b | c5e9 36da | ffff ba45 | ffff ff48 | 8b6c 2428 
  0x000002491b8177c0: 4c8b 5424 | 404c 8954 | 2430 4c8b | 5424 484c | 8954 2438 | 4889 4424 | 4866 6690 

  0x000002491b8177dc: ;   {runtime_call UncommonTrapBlob}
  0x000002491b8177dc: c5f8 77e8 

  0x000002491b8177e0: ; ImmutableOopMap {rbp=Oop [48]=Oop [56]=Oop [72]=Oop [112]=NarrowOop [128]=Oop }
                      ;*ifnull {reexecute=1 rethrow=0 return_oop=0}
                      ; - (reexecute) java.util.jar.JarFile::getManifestFromReference@32 (line 416)
                      ; - java.util.jar.JarFile::getManifest@1 (line 405)
                      ; - jdk.internal.loader.URLClassPath$JarLoader$2::getManifest@22 (line 853)
                      ; - jdk.internal.loader.BuiltinClassLoader::defineClass@29 (line 848)
  0x000002491b8177e0: 1cce 83ff 

  0x000002491b8177e4: ;   {other}
  0x000002491b8177e4: 0f1f 8400 | d44e 0084 | ba45 ffff | ff4c 8b54 | 2428 4c89 | 5424 204c | 8b54 2440 | 4c89 5424 
  0x000002491b817804: 384c 8b54 | 2448 4c89 | 5424 404c | 895c 2448 | 4889 4424 | 5066 6690 

  0x000002491b81781c: ;   {runtime_call UncommonTrapBlob}
  0x000002491b81781c: c5f8 77e8 

  0x000002491b817820: ; ImmutableOopMap {[32]=Oop [56]=Oop [64]=Oop [72]=Oop [80]=Oop [112]=NarrowOop [128]=Oop }
                      ;*ifeq {reexecute=1 rethrow=0 return_oop=0}
                      ; - (reexecute) java.util.jar.JarFile::getManifestFromReference@39 (line 417)
                      ; - java.util.jar.JarFile::getManifest@1 (line 405)
                      ; - jdk.internal.loader.URLClassPath$JarLoader$2::getManifest@22 (line 853)
                      ; - jdk.internal.loader.BuiltinClassLoader::defineClass@29 (line 848)
  0x000002491b817820: dccd 83ff 

  0x000002491b817824: ;   {other}
  0x000002491b817824: 0f1f 8400 | 144f 0085 | baec ffff | ff4c 8b54 | 2438 4c89 | 5424 2844 | 895c 244c 

  0x000002491b817840: ;   {runtime_call UncommonTrapBlob}
  0x000002491b817840: c5f8 77e8 

  0x000002491b817844: ; ImmutableOopMap {rbp=NarrowOop [40]=Oop [64]=Oop [72]=NarrowOop [76]=NarrowOop [104]=Oop [112]=NarrowOop [120]=Oop }
                      ;*ifnonnull {reexecute=1 rethrow=0 return_oop=0}
                      ; - (reexecute) java.util.jar.JarFile::getInputStream@16 (line 854)
                      ; - jdk.internal.loader.URLClassPath$JarLoader$2::getInputStream@11 (line 848)
                      ; - jdk.internal.loader.Resource::cachedInputStream@9 (line 77)
                      ; - jdk.internal.loader.Resource::getByteBuffer@1 (line 163)
                      ; - jdk.internal.loader.BuiltinClassLoader::defineClass@45 (line 853)
  0x000002491b817844: b8cd 83ff 

  0x000002491b817848: ;   {other}
  0x000002491b817848: 0f1f 8400 | 384f 0086 | ba45 ffff | ff48 8b6c | 2428 448b | 5c24 3044 | 895c 2420 | 4c8b 5c24 
  0x000002491b817868: 404c 895c | 2438 448b | 4424 3444 | 8944 2430 | 4889 4424 | 5066 6690 

  0x000002491b817880: ;   {runtime_call UncommonTrapBlob}
  0x000002491b817880: c5f8 77e8 

  0x000002491b817884: ; ImmutableOopMap {rbp=Oop [32]=NarrowOop [48]=NarrowOop [52]=NarrowOop [56]=Oop [72]=Oop [80]=Oop [128]=Oop }
                      ;*ifnull {reexecute=1 rethrow=0 return_oop=0}
                      ; - (reexecute) java.util.jar.JarFile::maybeInstantiateVerifier@27 (line 722)
                      ; - java.util.jar.JarFile::ensureInitialization@1 (line 1063)
                      ; - java.util.jar.JavaUtilJarAccessImpl::ensureInitialization@1 (line 42)
                      ; - jdk.internal.loader.URLClassPath$JarLoader$2::getManifest@10 (line 852)
                      ; - jdk.internal.loader.BuiltinClassLoader::defineClass@29 (line 848)
  0x000002491b817884: 78cd 83ff 

  0x000002491b817888: ;   {other}
  0x000002491b817888: 0f1f 8400 | 784f 0087 | ba45 ffff | ff4c 8b54 | 2438 4c89 | 5424 2048 | 8944 2440 

  0x000002491b8178a4: ;   {runtime_call UncommonTrapBlob}
  0x000002491b8178a4: c5f8 77e8 

  0x000002491b8178a8: ; ImmutableOopMap {[32]=Oop [44]=NarrowOop [48]=Oop [64]=Oop [72]=Oop [112]=NarrowOop [120]=Oop }
                      ;*ifnull {reexecute=1 rethrow=0 return_oop=0}
                      ; - (reexecute) java.util.jar.JarFile::maybeInstantiateVerifier@27 (line 722)
                      ; - java.util.jar.JarFile$JarFileEntry::getCodeSigners@4 (line 669)
                      ; - jdk.internal.loader.URLClassPath$JarLoader$2::getCodeSigners@4 (line 858)
                      ; - jdk.internal.loader.BuiltinClassLoader::defineClass@90 (line 860)
  0x000002491b8178a8: 54cd 83ff 

  0x000002491b8178ac: ;   {other}
  0x000002491b8178ac: 0f1f 8400 | 9c4f 0088 | bac6 ffff | ff48 8b6c | 2438 6690 

  0x000002491b8178c0: ;   {runtime_call UncommonTrapBlob}
  0x000002491b8178c0: c5f8 77e8 

  0x000002491b8178c4: ; ImmutableOopMap {rbp=Oop [64]=Oop [104]=Oop [112]=NarrowOop [128]=Oop }
                      ;*invokevirtual getManifest {reexecute=0 rethrow=0 return_oop=0}
                      ; - jdk.internal.loader.BuiltinClassLoader::defineClass@29 (line 848)
  0x000002491b8178c4: 38cd 83ff 

  0x000002491b8178c8: ;   {other}
  0x000002491b8178c8: 0f1f 8400 | b84f 0089 | bac6 ffff | ff49 8be8 | 4c89 4c24 | 2866 6690 

  0x000002491b8178e0: ;   {runtime_call UncommonTrapBlob}
  0x000002491b8178e0: c5f8 77e8 

  0x000002491b8178e4: ; ImmutableOopMap {rbp=Oop [40]=Oop [64]=Oop [104]=Oop }
                      ;*invokevirtual getCodeSourceURL {reexecute=0 rethrow=0 return_oop=0}
                      ; - jdk.internal.loader.BuiltinClassLoader::defineClass@1 (line 842)
  0x000002491b8178e4: 18cd 83ff 

  0x000002491b8178e8: ;   {other}
  0x000002491b8178e8: 0f1f 8400 | d84f 008a | ba45 ffff | ff4c 8b5c | 2438 4c89 | 5c24 2048 | 8944 2460 

  0x000002491b817904: ;   {runtime_call UncommonTrapBlob}
  0x000002491b817904: c5f8 77e8 

  0x000002491b817908: ; ImmutableOopMap {[32]=Oop [52]=NarrowOop [64]=Oop [72]=NarrowOop [96]=Oop [104]=Oop [112]=NarrowOop [120]=Oop }
                      ;*ifnull {reexecute=1 rethrow=0 return_oop=0}
                      ; - (reexecute) java.util.jar.JarFile::maybeInstantiateVerifier@27 (line 722)
                      ; - java.util.jar.JarFile::getInputStream@9 (line 853)
                      ; - jdk.internal.loader.URLClassPath$JarLoader$2::getInputStream@11 (line 848)
                      ; - jdk.internal.loader.Resource::cachedInputStream@9 (line 77)
                      ; - jdk.internal.loader.Resource::getByteBuffer@1 (line 163)
                      ; - jdk.internal.loader.BuiltinClassLoader::defineClass@45 (line 853)
  0x000002491b817908: f4cc 83ff 

  0x000002491b81790c: ;   {other}
  0x000002491b81790c: 0f1f 8400 | fc4f 008b | ba27 0000 | 004c 8b54 | 2438 4c89 | 5424 2090 

  0x000002491b817924: ;   {runtime_call UncommonTrapBlob}
  0x000002491b817924: c5f8 77e8 

  0x000002491b817928: ; ImmutableOopMap {[32]=Oop [64]=Oop [72]=Oop [104]=Oop [112]=NarrowOop [120]=Oop }
                      ;*new {reexecute=0 rethrow=0 return_oop=0}
                      ; - java.io.FileInputStream::<init>@45 (line 144)
                      ; - jdk.internal.loader.URLClassPath$FileLoader$1::getInputStream@8 (line 1119)
                      ; - jdk.internal.loader.Resource::cachedInputStream@9 (line 77)
                      ; - jdk.internal.loader.Resource::getByteBuffer@1 (line 163)
                      ; - jdk.internal.loader.BuiltinClassLoader::defineClass@45 (line 853)
  0x000002491b817928: d4cc 83ff 

  0x000002491b81792c: ;   {other}
  0x000002491b81792c: 0f1f 8400 | 1c50 008c | baf6 ffff | ff48 8b6c | 2440 6690 

  0x000002491b817940: ;   {runtime_call UncommonTrapBlob}
  0x000002491b817940: c5f8 77e8 

  0x000002491b817944: ; ImmutableOopMap {rbp=Oop }
                      ;*invokevirtual isInvalid {reexecute=0 rethrow=0 return_oop=0}
                      ; - java.io.FileInputStream::<init>@54 (line 146)
                      ; - jdk.internal.loader.URLClassPath$FileLoader$1::getInputStream@8 (line 1119)
                      ; - jdk.internal.loader.Resource::cachedInputStream@9 (line 77)
                      ; - jdk.internal.loader.Resource::getByteBuffer@1 (line 163)
                      ; - jdk.internal.loader.BuiltinClassLoader::defineClass@45 (line 853)
  0x000002491b817944: b8cc 83ff 

  0x000002491b817948: ;   {other}
  0x000002491b817948: 0f1f 8400 | 3850 008d | bac6 ffff | ff4c 8b54 | 2438 4c89 | 5424 2090 

  0x000002491b817960: ;   {runtime_call UncommonTrapBlob}
  0x000002491b817960: c5f8 77e8 

  0x000002491b817964: ; ImmutableOopMap {[32]=Oop [104]=Oop [112]=NarrowOop [120]=Oop }
                      ;*invokevirtual getInputStream {reexecute=0 rethrow=0 return_oop=0}
                      ; - jdk.internal.loader.Resource::cachedInputStream@9 (line 77)
                      ; - jdk.internal.loader.Resource::getByteBuffer@1 (line 163)
                      ; - jdk.internal.loader.BuiltinClassLoader::defineClass@45 (line 853)
  0x000002491b817964: 98cc 83ff 

  0x000002491b817968: ;   {other}
  0x000002491b817968: 0f1f 8400 | 5850 008e | ba2e 0000 | 004c 8b54 | 2438 4c89 | 5424 2090 

  0x000002491b817980: ;   {runtime_call UncommonTrapBlob}
  0x000002491b817980: c5f8 77e8 

  0x000002491b817984: ; ImmutableOopMap {[32]=Oop [64]=Oop [72]=Oop [104]=Oop [112]=NarrowOop [120]=Oop }
                      ;*new {reexecute=0 rethrow=0 return_oop=0}
                      ; - java.io.FileInputStream::<init>@60 (line 147)
                      ; - jdk.internal.loader.URLClassPath$FileLoader$1::getInputStream@8 (line 1119)
                      ; - jdk.internal.loader.Resource::cachedInputStream@9 (line 77)
                      ; - jdk.internal.loader.Resource::getByteBuffer@1 (line 163)
                      ; - jdk.internal.loader.BuiltinClassLoader::defineClass@45 (line 853)
  0x000002491b817984: 78cc 83ff 

  0x000002491b817988: ;   {other}
  0x000002491b817988: 0f1f 8400 | 7850 008f | 498b f849 | 8bd7 c5f8 | 7749 bad0 | ed0d 32fa | 7f00 0041 

  0x000002491b8179a4: ;   {other}
  0x000002491b8179a4: ffd2 0f1f | 8400 0000 | 0000 4c8b | c7e9 9bdc | ffff 498b | d7c5 f877 | 49ba d0ed | 0d32 fa7f 
  0x000002491b8179c4: 0000 41ff 

  0x000002491b8179c8: ;   {other}
  0x000002491b8179c8: d20f 1f84 | 0000 0000 | 00e9 dadc | ffff ba45 | ffff ff44 | 8b44 2458 | 4489 4424 | 3c89 8424 
  0x000002491b8179e8: 8c00 0000 

  0x000002491b8179ec: ;   {runtime_call UncommonTrapBlob}
  0x000002491b8179ec: c5f8 77e8 

  0x000002491b8179f0: ; ImmutableOopMap {rbp=Oop [40]=Oop [48]=Oop [60]=NarrowOop [64]=Oop [72]=Oop [80]=Oop [96]=Oop [128]=Oop }
                      ;*ifeq {reexecute=1 rethrow=0 return_oop=0}
                      ; - (reexecute) java.util.HashMap::getNode@131 (line 585)
                      ; - java.util.HashMap::get@2 (line 564)
                      ; - java.util.jar.Manifest::getAttributes@5 (line 160)
                      ; - java.util.jar.Manifest::getTrustedAttributes@2 (line 177)
                      ; - java.util.jar.JavaUtilJarAccessImpl::getTrustedAttributes@2 (line 38)
                      ; - jdk.internal.loader.BuiltinClassLoader::isSealed@17 (line 992)
                      ; - jdk.internal.loader.BuiltinClassLoader::getAndVerifyPackage@70 (line 911)
                      ; - jdk.internal.loader.BuiltinClassLoader::defineOrCheckPackage@4 (line 877)
                      ; - jdk.internal.loader.ClassLoaders$AppClassLoader::defineOrCheckPackage@4 (line 211)
                      ; - jdk.internal.loader.BuiltinClassLoader::defineClass@40 (line 849)
  0x000002491b8179f0: 0ccc 83ff 

  0x000002491b8179f4: ;   {other}
  0x000002491b8179f4: 0f1f 8400 | e450 0090 | ba45 ffff | ff48 8b6c | 2450 448b | 5424 7444 | 8954 2470 | 8944 2474 
  0x000002491b817a14: ;   {runtime_call UncommonTrapBlob}
  0x000002491b817a14: c5f8 77e8 

  0x000002491b817a18: ; ImmutableOopMap {rbp=Oop [32]=Oop [40]=Oop [48]=NarrowOop [64]=Oop [72]=Oop [88]=Oop [96]=Oop [128]=Oop }
                      ;*ifeq {reexecute=1 rethrow=0 return_oop=0}
                      ; - (reexecute) java.util.HashMap::getNode@131 (line 585)
                      ; - java.util.LinkedHashMap::get@2 (line 536)
                      ; - java.util.jar.Attributes::get@5 (line 106)
                      ; - java.util.jar.Attributes::getValue@2 (line 142)
                      ; - jdk.internal.loader.BuiltinClassLoader::isSealed@57 (line 997)
                      ; - jdk.internal.loader.BuiltinClassLoader::getAndVerifyPackage@70 (line 911)
                      ; - jdk.internal.loader.BuiltinClassLoader::defineOrCheckPackage@4 (line 877)
                      ; - jdk.internal.loader.ClassLoaders$AppClassLoader::defineOrCheckPackage@4 (line 211)
                      ; - jdk.internal.loader.BuiltinClassLoader::defineClass@40 (line 849)
  0x000002491b817a18: e4cb 83ff 

  0x000002491b817a1c: ;   {other}
  0x000002491b817a1c: 0f1f 8400 | 0c51 0091 | baf6 ffff | ff48 8b6c | 2440 4889 | 5c24 2090 

  0x000002491b817a34: ;   {runtime_call UncommonTrapBlob}
  0x000002491b817a34: c5f8 77e8 

  0x000002491b817a38: ; ImmutableOopMap {rbp=Oop [32]=Oop }
                      ;*invokevirtual attach {reexecute=0 rethrow=0 return_oop=0}
                      ; - java.io.FileInputStream::<init>@86 (line 150)
                      ; - jdk.internal.loader.URLClassPath$FileLoader$1::getInputStream@8 (line 1119)
                      ; - jdk.internal.loader.Resource::cachedInputStream@9 (line 77)
                      ; - jdk.internal.loader.Resource::getByteBuffer@1 (line 163)
                      ; - jdk.internal.loader.BuiltinClassLoader::defineClass@45 (line 853)
  0x000002491b817a38: c4cb 83ff 

  0x000002491b817a3c: ;   {other}
  0x000002491b817a3c: 0f1f 8400 | 2c51 0092 | bade ffff | ff4c 8b54 | 2438 4c89 | 5424 284c | 8b54 2468 | 4c89 5424 
  0x000002491b817a5c: 304c 895c | 2460 4c89 | 7424 684c | 899c 2480 | 0000 0090 

  0x000002491b817a70: ;   {runtime_call UncommonTrapBlob}
  0x000002491b817a70: c5f8 77e8 

  0x000002491b817a74: ; ImmutableOopMap {rbp=NarrowOop [40]=Oop [48]=Oop [96]=Oop [104]=Oop [112]=NarrowOop [120]=Oop [128]=Oop }
                      ;*checkcast {reexecute=0 rethrow=0 return_oop=0}
                      ; - java.lang.ClassLoader::getDefinedPackage@16 (line 2263)
                      ; - jdk.internal.loader.BuiltinClassLoader::getAndVerifyPackage@2 (line 902)
                      ; - jdk.internal.loader.BuiltinClassLoader::defineOrCheckPackage@4 (line 877)
                      ; - jdk.internal.loader.ClassLoaders$AppClassLoader::defineOrCheckPackage@4 (line 211)
                      ; - jdk.internal.loader.BuiltinClassLoader::defineClass@40 (line 849)
  0x000002491b817a74: 88cb 83ff 

  0x000002491b817a78: ;   {other}
  0x000002491b817a78: 0f1f 8400 | 6851 0093 | bade ffff | ff4c 8b54 | 2438 4c89 | 5424 204c | 8b54 2468 | 4c89 5424 
  0x000002491b817a98: 2844 8b5c | 2470 4489 | 5c24 3444 | 895c 2468 | 4889 4424 | 7066 6690 

  0x000002491b817ab0: ;   {runtime_call UncommonTrapBlob}
  0x000002491b817ab0: c5f8 77e8 

  0x000002491b817ab4: ; ImmutableOopMap {[32]=Oop [40]=Oop [52]=NarrowOop [64]=Oop [72]=Oop [104]=NarrowOop [112]=Oop [120]=Oop }
                      ;*checkcast {reexecute=0 rethrow=0 return_oop=0}
                      ; - java.lang.ClassLoader::definePackage@81 (line 2129)
                      ; - java.lang.ClassLoader::getDefinedPackage@32 (line 2267)
                      ; - jdk.internal.loader.BuiltinClassLoader::getAndVerifyPackage@2 (line 902)
                      ; - jdk.internal.loader.BuiltinClassLoader::defineOrCheckPackage@4 (line 877)
                      ; - jdk.internal.loader.ClassLoaders$AppClassLoader::defineOrCheckPackage@4 (line 211)
                      ; - jdk.internal.loader.BuiltinClassLoader::defineClass@40 (line 849)
  0x000002491b817ab4: 48cb 83ff 

  0x000002491b817ab8: ;   {other}
  0x000002491b817ab8: 0f1f 8400 | a851 0094 | bade ffff | ff4c 8b44 | 2438 4c89 | 4424 284c | 8974 2450 | 4c89 5c24 
  0x000002491b817ad8: 584c 8954 | 2460 6690 

  0x000002491b817ae0: ;   {runtime_call UncommonTrapBlob}
  0x000002491b817ae0: c5f8 77e8 

  0x000002491b817ae4: ; ImmutableOopMap {rbp=NarrowOop [40]=Oop [80]=Oop [88]=Oop [96]=Oop [104]=Oop [112]=NarrowOop [120]=Oop }
                      ;*checkcast {reexecute=0 rethrow=0 return_oop=0}
                      ; - java.util.jar.Attributes::getValue@5 (line 142)
                      ; - jdk.internal.loader.BuiltinClassLoader::isSealed@57 (line 997)
                      ; - jdk.internal.loader.BuiltinClassLoader::getAndVerifyPackage@70 (line 911)
                      ; - jdk.internal.loader.BuiltinClassLoader::defineOrCheckPackage@4 (line 877)
                      ; - jdk.internal.loader.ClassLoaders$AppClassLoader::defineOrCheckPackage@4 (line 211)
                      ; - jdk.internal.loader.BuiltinClassLoader::defineClass@40 (line 849)
  0x000002491b817ae4: 18cb 83ff 

  0x000002491b817ae8: ;   {other}
  0x000002491b817ae8: 0f1f 8400 | d851 0095 | bade ffff | ff48 8b6c | 2478 488b | 4c24 3848 | 894c 2420 | 488b 4c24 
  0x000002491b817b08: 6848 894c | 2428 8b5c | 2470 895c | 2434 4c89 | 5c24 504c | 8954 2458 | 4c89 7424 | 604c 8974 
  0x000002491b817b28: 2468 4c89 | 4c24 7044 | 8944 2478 

  0x000002491b817b34: ;   {runtime_call UncommonTrapBlob}
  0x000002491b817b34: c5f8 77e8 

  0x000002491b817b38: ; ImmutableOopMap {rbp=Oop [32]=Oop [40]=Oop [52]=NarrowOop [80]=Oop [88]=Oop [96]=Oop [104]=Oop [112]=Oop [120]=NarrowOop }
                      ;*checkcast {reexecute=0 rethrow=0 return_oop=0}
                      ; - java.util.jar.Manifest::getAttributes@10 (line 160)
                      ; - java.util.jar.Manifest::getTrustedAttributes@2 (line 177)
                      ; - java.util.jar.JavaUtilJarAccessImpl::getTrustedAttributes@2 (line 38)
                      ; - jdk.internal.loader.BuiltinClassLoader::isSealed@17 (line 992)
                      ; - jdk.internal.loader.BuiltinClassLoader::getAndVerifyPackage@70 (line 911)
                      ; - jdk.internal.loader.BuiltinClassLoader::defineOrCheckPackage@4 (line 877)
                      ; - jdk.internal.loader.ClassLoaders$AppClassLoader::defineOrCheckPackage@4 (line 211)
                      ; - jdk.internal.loader.BuiltinClassLoader::defineClass@40 (line 849)
  0x000002491b817b38: c4ca 83ff 

  0x000002491b817b3c: ;   {other}
  0x000002491b817b3c: 0f1f 8400 | 2c52 0096 | bade ffff | ff4c 8b44 | 2438 4c89 | 4424 284c | 8b44 2468 | 4c89 4424 
  0x000002491b817b5c: 304c 895c | 2460 4c89 | 7424 684c | 899c 2480 | 0000 0044 | 8954 2474 

  0x000002491b817b74: ;   {runtime_call UncommonTrapBlob}
  0x000002491b817b74: c5f8 77e8 

  0x000002491b817b78: ; ImmutableOopMap {rbp=NarrowOop [40]=Oop [48]=Oop [96]=Oop [104]=Oop [112]=NarrowOop [116]=NarrowOop [120]=Oop [128]=Oop }
                      ;*checkcast {reexecute=0 rethrow=0 return_oop=0}
                      ; - java.lang.ClassLoader::definePackage@50 (line 2125)
                      ; - java.lang.ClassLoader::getDefinedPackage@32 (line 2267)
                      ; - jdk.internal.loader.BuiltinClassLoader::getAndVerifyPackage@2 (line 902)
                      ; - jdk.internal.loader.BuiltinClassLoader::defineOrCheckPackage@4 (line 877)
                      ; - jdk.internal.loader.ClassLoaders$AppClassLoader::defineOrCheckPackage@4 (line 211)
                      ; - jdk.internal.loader.BuiltinClassLoader::defineClass@40 (line 849)
  0x000002491b817b78: 84ca 83ff 

  0x000002491b817b7c: ;   {other}
  0x000002491b817b7c: 0f1f 8400 | 6c52 0097 | bade ffff | ff4c 8b54 | 2438 4c89 | 5424 204c | 8b54 2440 | 4c89 5424 
  0x000002491b817b9c: 384c 895c | 2440 4889 | 5c24 4890 

  0x000002491b817ba8: ;   {runtime_call UncommonTrapBlob}
  0x000002491b817ba8: c5f8 77e8 

  0x000002491b817bac: ; ImmutableOopMap {rbp=NarrowOop [32]=Oop [56]=Oop [64]=Oop [72]=Oop [112]=NarrowOop [128]=Oop }
                      ;*checkcast {reexecute=0 rethrow=0 return_oop=0}
                      ; - java.util.jar.JarFile::getManifestFromReference@14 (line 409)
                      ; - java.util.jar.JarFile::getManifest@1 (line 405)
                      ; - jdk.internal.loader.URLClassPath$JarLoader$2::getManifest@22 (line 853)
                      ; - jdk.internal.loader.BuiltinClassLoader::defineClass@29 (line 848)
  0x000002491b817bac: 50ca 83ff 

  0x000002491b817bb0: ;   {other}
  0x000002491b817bb0: 0f1f 8400 | a052 0098 | baf6 ffff | ff66 6690 

  0x000002491b817bc0: ;   {runtime_call UncommonTrapBlob}
  0x000002491b817bc0: c5f8 77e8 

  0x000002491b817bc4: ; ImmutableOopMap {}
                      ;*invokevirtual getCodeSourceURL {reexecute=0 rethrow=0 return_oop=0}
                      ; - jdk.internal.loader.BuiltinClassLoader::defineClass@1 (line 842)
  0x000002491b817bc4: 38ca 83ff 

  0x000002491b817bc8: ;   {other}
  0x000002491b817bc8: 0f1f 8400 | b852 0099 | baf6 ffff | ff66 6690 

  0x000002491b817bd8: ;   {runtime_call UncommonTrapBlob}
  0x000002491b817bd8: c5f8 77e8 

  0x000002491b817bdc: ; ImmutableOopMap {}
                      ;*invokevirtual lastIndexOf {reexecute=0 rethrow=0 return_oop=0}
                      ; - jdk.internal.loader.BuiltinClassLoader::defineClass@8 (line 845)
  0x000002491b817bdc: 20ca 83ff 

  0x000002491b817be0: ;   {other}
  0x000002491b817be0: 0f1f 8400 | d052 009a | baf6 ffff | ff66 6690 

  0x000002491b817bf0: ;   {runtime_call UncommonTrapBlob}
  0x000002491b817bf0: c5f8 77e8 

  0x000002491b817bf4: ; ImmutableOopMap {}
                      ;*arraylength {reexecute=0 rethrow=0 return_oop=0}
                      ; - java.lang.String::length@4 (line 1519)
                      ; - java.lang.String::lastIndexOf@3 (line 2535)
                      ; - jdk.internal.loader.BuiltinClassLoader::defineClass@8 (line 845)
  0x000002491b817bf4: 08ca 83ff 

  0x000002491b817bf8: ;   {other}
  0x000002491b817bf8: 0f1f 8400 | e852 009b | baf4 ffff | ff66 6690 

  0x000002491b817c08: ;   {runtime_call UncommonTrapBlob}
  0x000002491b817c08: c5f8 77e8 

  0x000002491b817c0c: ; ImmutableOopMap {[56]=Oop [104]=Oop [112]=NarrowOop [120]=Oop }
                      ;*instanceof {reexecute=0 rethrow=0 return_oop=0}
                      ; - jdk.internal.loader.Resource::getByteBuffer@6 (line 164)
                      ; - jdk.internal.loader.BuiltinClassLoader::defineClass@45 (line 853)
  0x000002491b817c0c: f0c9 83ff 

  0x000002491b817c10: ;   {other}
  0x000002491b817c10: 0f1f 8400 | 0053 009c | baf6 ffff | ff66 6690 

  0x000002491b817c20: ;   {runtime_call UncommonTrapBlob}
  0x000002491b817c20: c5f8 77e8 

  0x000002491b817c24: ; ImmutableOopMap {}
                      ;*arraylength {reexecute=0 rethrow=0 return_oop=0}
                      ; - jdk.internal.loader.BuiltinClassLoader::defineClass@114 (line 862)
  0x000002491b817c24: d8c9 83ff 

  0x000002491b817c28: ;   {other}
  0x000002491b817c28: 0f1f 8400 | 1853 009d | baf6 ffff | ff66 6690 

  0x000002491b817c38: ;   {runtime_call UncommonTrapBlob}
  0x000002491b817c38: c5f8 77e8 

  0x000002491b817c3c: ; ImmutableOopMap {}
                      ;*getfield csu {reexecute=1 rethrow=0 return_oop=0}
                      ; - (reexecute) jdk.internal.loader.URLClassPath$JarLoader$2::getCodeSourceURL@4 (line 846)
                      ; - jdk.internal.loader.BuiltinClassLoader::defineClass@1 (line 842)
  0x000002491b817c3c: c0c9 83ff 

  0x000002491b817c40: ;   {other}
  0x000002491b817c40: 0f1f 8400 | 3053 009e | baf6 ffff | ff66 6690 

  0x000002491b817c50: ;   {runtime_call UncommonTrapBlob}
  0x000002491b817c50: c5f8 77e8 

  0x000002491b817c54: ; ImmutableOopMap {}
                      ;*getfield jar {reexecute=1 rethrow=0 return_oop=0}
                      ; - (reexecute) jdk.internal.loader.URLClassPath$JarLoader$2::getManifest@7 (line 852)
                      ; - jdk.internal.loader.BuiltinClassLoader::defineClass@29 (line 848)
  0x000002491b817c54: a8c9 83ff 

  0x000002491b817c58: ;   {other}
  0x000002491b817c58: 0f1f 8400 | 4853 009f | baf6 ffff | ff66 6690 

  0x000002491b817c68: ;   {runtime_call UncommonTrapBlob}
  0x000002491b817c68: c5f8 77e8 

  0x000002491b817c6c: ; ImmutableOopMap {}
                      ;*getfield jar {reexecute=1 rethrow=0 return_oop=0}
                      ; - (reexecute) jdk.internal.loader.URLClassPath$JarLoader$2::getManifest@19 (line 853)
                      ; - jdk.internal.loader.BuiltinClassLoader::defineClass@29 (line 848)
  0x000002491b817c6c: 90c9 83ff 

  0x000002491b817c70: ;   {other}
  0x000002491b817c70: 0f1f 8400 | 6053 00a0 | baf6 ffff | ff66 6690 

  0x000002491b817c80: ;   {runtime_call UncommonTrapBlob}
  0x000002491b817c80: c5f8 77e8 

  0x000002491b817c84: ; ImmutableOopMap {}
                      ;*invokevirtual getManifest {reexecute=0 rethrow=0 return_oop=0}
                      ; - jdk.internal.loader.URLClassPath$JarLoader$2::getManifest@22 (line 853)
                      ; - jdk.internal.loader.BuiltinClassLoader::defineClass@29 (line 848)
  0x000002491b817c84: 78c9 83ff 

  0x000002491b817c88: ;   {other}
  0x000002491b817c88: 0f1f 8400 | 7853 00a1 | baf6 ffff | ff66 6690 

  0x000002491b817c98: ;   {runtime_call UncommonTrapBlob}
  0x000002491b817c98: c5f8 77e8 

  0x000002491b817c9c: ; ImmutableOopMap {}
                      ;*arraylength {reexecute=0 rethrow=0 return_oop=0}
                      ; - java.util.zip.Checksum::update@4 (line 58)
                      ; - jdk.internal.loader.URLClassPath$JarLoader$2::getBytes@15 (line 864)
                      ; - jdk.internal.loader.BuiltinClassLoader::defineClass@84 (line 859)
  0x000002491b817c9c: 60c9 83ff 

  0x000002491b817ca0: ;   {other}
  0x000002491b817ca0: 0f1f 8400 | 9053 00a2 | baf6 ffff | ff66 6690 

  0x000002491b817cb0: ;   {runtime_call UncommonTrapBlob}
  0x000002491b817cb0: c5f8 77e8 

  0x000002491b817cb4: ; ImmutableOopMap {}
                      ;*invokevirtual getCrc {reexecute=0 rethrow=0 return_oop=0}
                      ; - jdk.internal.loader.URLClassPath$JarLoader$2::getBytes@26 (line 865)
                      ; - jdk.internal.loader.BuiltinClassLoader::defineClass@84 (line 859)
  0x000002491b817cb4: 48c9 83ff 

  0x000002491b817cb8: ;   {other}
  0x000002491b817cb8: 0f1f 8400 | a853 00a3 | baf6 ffff | ff66 6690 

  0x000002491b817cc8: ;   {runtime_call UncommonTrapBlob}
  0x000002491b817cc8: c5f8 77e8 

  0x000002491b817ccc: ; ImmutableOopMap {}
                      ;*invokevirtual getCodeSigners {reexecute=0 rethrow=0 return_oop=0}
                      ; - jdk.internal.loader.URLClassPath$JarLoader$2::getCodeSigners@4 (line 858)
                      ; - jdk.internal.loader.BuiltinClassLoader::defineClass@90 (line 860)
  0x000002491b817ccc: 30c9 83ff 

  0x000002491b817cd0: ;   {other}
  0x000002491b817cd0: 0f1f 8400 | c053 00a4 | baf6 ffff | ff4c 8b54 | 2438 4c89 | 5424 204c | 8944 2438 

  0x000002491b817cec: ;   {runtime_call UncommonTrapBlob}
  0x000002491b817cec: c5f8 77e8 

  0x000002491b817cf0: ; ImmutableOopMap {[32]=Oop [56]=Oop [72]=Oop [112]=NarrowOop [120]=Oop }
                      ;*invokevirtual maybeInstantiateVerifier {reexecute=0 rethrow=0 return_oop=0}
                      ; - java.util.jar.JarFile$JarFileEntry::getCodeSigners@4 (line 669)
                      ; - jdk.internal.loader.URLClassPath$JarLoader$2::getCodeSigners@4 (line 858)
                      ; - jdk.internal.loader.BuiltinClassLoader::defineClass@90 (line 860)
  0x000002491b817cf0: 0cc9 83ff 

  0x000002491b817cf4: ;   {other}
  0x000002491b817cf4: 0f1f 8400 | e453 00a5 | baf6 ffff | ff4c 8b54 | 2438 4c89 | 5424 204c | 8944 2438 

  0x000002491b817d10: ;   {runtime_call UncommonTrapBlob}
  0x000002491b817d10: c5f8 77e8 

  0x000002491b817d14: ; ImmutableOopMap {[32]=Oop [56]=Oop [72]=Oop [112]=NarrowOop [120]=Oop }
                      ;*getfield jv {reexecute=1 rethrow=0 return_oop=0}
                      ; - (reexecute) java.util.jar.JarFile$JarFileEntry::getCodeSigners@31 (line 673)
                      ; - jdk.internal.loader.URLClassPath$JarLoader$2::getCodeSigners@4 (line 858)
                      ; - jdk.internal.loader.BuiltinClassLoader::defineClass@90 (line 860)
  0x000002491b817d14: e8c8 83ff 

  0x000002491b817d18: ;   {other}
  0x000002491b817d18: 0f1f 8400 | 0854 00a6 | baf4 ffff | ff48 8b6c | 2438 4c8b | 5424 404c | 8954 2430 | 4c89 5c24 
  0x000002491b817d38: 3848 895c | 2440 6690 

  0x000002491b817d40: ;   {runtime_call UncommonTrapBlob}
  0x000002491b817d40: c5f8 77e8 

  0x000002491b817d44: ; ImmutableOopMap {rbp=Oop [48]=Oop [56]=Oop [64]=Oop [112]=NarrowOop [128]=Oop }
                      ;*checkcast {reexecute=0 rethrow=0 return_oop=0}
                      ; - java.util.jar.JarFile::getManifestFromReference@14 (line 409)
                      ; - java.util.jar.JarFile::getManifest@1 (line 405)
                      ; - jdk.internal.loader.URLClassPath$JarLoader$2::getManifest@22 (line 853)
                      ; - jdk.internal.loader.BuiltinClassLoader::defineClass@29 (line 848)
  0x000002491b817d44: b8c8 83ff 

  0x000002491b817d48: ;   {other}
  0x000002491b817d48: 0f1f 8400 | 3854 00a7 | baf6 ffff | ff49 8bea 

  0x000002491b817d58: ;   {runtime_call UncommonTrapBlob}
  0x000002491b817d58: c5f8 77e8 

  0x000002491b817d5c: ; ImmutableOopMap {rbp=Oop }
                      ;*getfield jar {reexecute=1 rethrow=0 return_oop=0}
                      ; - (reexecute) jdk.internal.loader.URLClassPath$JarLoader$2::getInputStream@4 (line 848)
                      ; - jdk.internal.loader.Resource::cachedInputStream@9 (line 77)
                      ; - jdk.internal.loader.Resource::getByteBuffer@1 (line 163)
                      ; - jdk.internal.loader.BuiltinClassLoader::defineClass@45 (line 853)
  0x000002491b817d5c: a0c8 83ff 

  0x000002491b817d60: ;   {other}
  0x000002491b817d60: 0f1f 8400 | 5054 00a8 | ba45 ffff | ff48 8b6c | 2438 4c8b | 4424 404c | 8944 2430 | 4c89 5c24 
  0x000002491b817d80: 4044 8954 | 2448 6690 

  0x000002491b817d88: ;   {runtime_call UncommonTrapBlob}
  0x000002491b817d88: c5f8 77e8 

  0x000002491b817d8c: ; ImmutableOopMap {rbp=Oop [48]=Oop [64]=Oop [72]=NarrowOop [112]=NarrowOop [128]=Oop }
                      ;*ifnonnull {reexecute=1 rethrow=0 return_oop=0}
                      ; - (reexecute) jdk.internal.access.SharedSecrets::javaUtilJarAccess@5 (line 139)
                      ; - jdk.internal.loader.URLClassPath$JarLoader$2::getManifest@0 (line 852)
                      ; - jdk.internal.loader.BuiltinClassLoader::defineClass@29 (line 848)
  0x000002491b817d8c: 70c8 83ff 

  0x000002491b817d90: ;   {other}
  0x000002491b817d90: 0f1f 8400 | 8054 00a9 | baf6 ffff | ff4c 8b54 | 2438 4c89 | 5424 204c | 895c 2440 | 4c89 7424 
  0x000002491b817db0: 4866 6690 

  0x000002491b817db4: ;   {runtime_call UncommonTrapBlob}
  0x000002491b817db4: c5f8 77e8 

  0x000002491b817db8: ; ImmutableOopMap {[32]=Oop [64]=Oop [72]=Oop [104]=Oop [112]=NarrowOop [120]=Oop }
                      ;*arraylength {reexecute=0 rethrow=0 return_oop=0}
                      ; - java.lang.String::isEmpty@4 (line 1532)
                      ; - java.lang.ClassLoader::definePackage@1 (line 2120)
                      ; - java.lang.ClassLoader::getDefinedPackage@32 (line 2267)
                      ; - jdk.internal.loader.BuiltinClassLoader::getAndVerifyPackage@2 (line 902)
                      ; - jdk.internal.loader.BuiltinClassLoader::defineOrCheckPackage@4 (line 877)
                      ; - jdk.internal.loader.ClassLoaders$AppClassLoader::defineOrCheckPackage@4 (line 211)
                      ; - jdk.internal.loader.BuiltinClassLoader::defineClass@40 (line 849)
  0x000002491b817db8: 44c8 83ff 

  0x000002491b817dbc: ;   {other}
  0x000002491b817dbc: 0f1f 8400 | ac54 00aa | baf6 ffff | ff4c 8b54 | 2438 4c89 | 5424 204c | 895c 2440 | 4c89 7424 
  0x000002491b817ddc: 4866 6690 

  0x000002491b817de0: ;   {runtime_call UncommonTrapBlob}
  0x000002491b817de0: c5f8 77e8 

  0x000002491b817de4: ; ImmutableOopMap {[32]=Oop [64]=Oop [72]=Oop [104]=Oop [112]=NarrowOop [120]=Oop }
                      ;*invokevirtual isNamed {reexecute=0 rethrow=0 return_oop=0}
                      ; - java.lang.Package::isSealed@4 (line 235)
                      ; - jdk.internal.loader.BuiltinClassLoader::getAndVerifyPackage@14 (line 904)
                      ; - jdk.internal.loader.BuiltinClassLoader::defineOrCheckPackage@4 (line 877)
                      ; - jdk.internal.loader.ClassLoaders$AppClassLoader::defineOrCheckPackage@4 (line 211)
                      ; - jdk.internal.loader.BuiltinClassLoader::defineClass@40 (line 849)
  0x000002491b817de4: 18c8 83ff 

  0x000002491b817de8: ;   {other}
  0x000002491b817de8: 0f1f 8400 | d854 00ab | baf6 ffff | ff4c 8b54 | 2438 4c89 | 5424 204c | 895c 2440 | 4c89 7424 
  0x000002491b817e08: 4866 6690 

  0x000002491b817e0c: ;   {runtime_call UncommonTrapBlob}
  0x000002491b817e0c: c5f8 77e8 

  0x000002491b817e10: ; ImmutableOopMap {[32]=Oop [64]=Oop [72]=Oop [104]=Oop [112]=NarrowOop [120]=Oop }
                      ;*getfield sealBase {reexecute=1 rethrow=0 return_oop=0}
                      ; - (reexecute) java.lang.Package::isSealed@14 (line 235)
                      ; - jdk.internal.loader.BuiltinClassLoader::getAndVerifyPackage@14 (line 904)
                      ; - jdk.internal.loader.BuiltinClassLoader::defineOrCheckPackage@4 (line 877)
                      ; - jdk.internal.loader.ClassLoaders$AppClassLoader::defineOrCheckPackage@4 (line 211)
                      ; - jdk.internal.loader.BuiltinClassLoader::defineClass@40 (line 849)
  0x000002491b817e10: ecc7 83ff 

  0x000002491b817e14: ;   {other}
  0x000002491b817e14: 0f1f 8400 | 0455 00ac | baf6 ffff | ff4c 8b54 | 2438 4c89 | 5424 204c | 895c 2440 | 4c89 7424 
  0x000002491b817e34: 4866 6690 

  0x000002491b817e38: ;   {runtime_call UncommonTrapBlob}
  0x000002491b817e38: c5f8 77e8 

  0x000002491b817e3c: ; ImmutableOopMap {[32]=Oop [64]=Oop [72]=Oop [104]=Oop [112]=NarrowOop [120]=Oop }
                      ;*arraylength {reexecute=0 rethrow=0 return_oop=0}
                      ; - java.lang.StringLatin1::replace@8 (line 295)
                      ; - java.lang.String::replace@18 (line 2933)
                      ; - jdk.internal.loader.BuiltinClassLoader::isSealed@9 (line 992)
                      ; - jdk.internal.loader.BuiltinClassLoader::getAndVerifyPackage@70 (line 911)
                      ; - jdk.internal.loader.BuiltinClassLoader::defineOrCheckPackage@4 (line 877)
                      ; - jdk.internal.loader.ClassLoaders$AppClassLoader::defineOrCheckPackage@4 (line 211)
                      ; - jdk.internal.loader.BuiltinClassLoader::defineClass@40 (line 849)
  0x000002491b817e3c: c0c7 83ff 

  0x000002491b817e40: ;   {other}
  0x000002491b817e40: 0f1f 8400 | 3055 00ad | baf6 ffff | ff4c 8b54 | 2438 4c89 | 5424 204c | 895c 2440 | 4c89 7424 
  0x000002491b817e60: 4848 8944 | 2450 6690 

  0x000002491b817e68: ;   {runtime_call UncommonTrapBlob}
  0x000002491b817e68: c5f8 77e8 

  0x000002491b817e6c: ; ImmutableOopMap {[32]=Oop [64]=Oop [72]=Oop [80]=Oop [104]=Oop [112]=NarrowOop [120]=Oop }
                      ;*invokeinterface get {reexecute=0 rethrow=0 return_oop=0}
                      ; - java.util.jar.Manifest::getAttributes@5 (line 160)
                      ; - java.util.jar.Manifest::getTrustedAttributes@2 (line 177)
                      ; - java.util.jar.JavaUtilJarAccessImpl::getTrustedAttributes@2 (line 38)
                      ; - jdk.internal.loader.BuiltinClassLoader::isSealed@17 (line 992)
                      ; - jdk.internal.loader.BuiltinClassLoader::getAndVerifyPackage@70 (line 911)
                      ; - jdk.internal.loader.BuiltinClassLoader::defineOrCheckPackage@4 (line 877)
                      ; - jdk.internal.loader.ClassLoaders$AppClassLoader::defineOrCheckPackage@4 (line 211)
                      ; - jdk.internal.loader.BuiltinClassLoader::defineClass@40 (line 849)
  0x000002491b817e6c: 90c7 83ff 

  0x000002491b817e70: ;   {other}
  0x000002491b817e70: 0f1f 8400 | 6055 00ae | baf6 ffff | ff4c 8b54 | 2438 4c89 | 5424 204c | 895c 2440 | 4c89 7424 
  0x000002491b817e90: 4866 6690 

  0x000002491b817e94: ;   {runtime_call UncommonTrapBlob}
  0x000002491b817e94: c5f8 77e8 

  0x000002491b817e98: ; ImmutableOopMap {[32]=Oop [64]=Oop [72]=Oop [104]=Oop [112]=NarrowOop [120]=Oop }
                      ;*invokeinterface get {reexecute=0 rethrow=0 return_oop=0}
                      ; - java.util.jar.Attributes::get@5 (line 106)
                      ; - java.util.jar.Attributes::getValue@2 (line 142)
                      ; - jdk.internal.loader.BuiltinClassLoader::isSealed@57 (line 997)
                      ; - jdk.internal.loader.BuiltinClassLoader::getAndVerifyPackage@70 (line 911)
                      ; - jdk.internal.loader.BuiltinClassLoader::defineOrCheckPackage@4 (line 877)
                      ; - jdk.internal.loader.ClassLoaders$AppClassLoader::defineOrCheckPackage@4 (line 211)
                      ; - jdk.internal.loader.BuiltinClassLoader::defineClass@40 (line 849)
  0x000002491b817e98: 64c7 83ff 

  0x000002491b817e9c: ;   {other}
  0x000002491b817e9c: 0f1f 8400 | 8c55 00af | baf4 ffff | ff4c 8b54 | 2438 4c89 | 5424 204c | 8b54 2468 | 4c89 5424 
  0x000002491b817ebc: 2866 6690 

  0x000002491b817ec0: ;   {runtime_call UncommonTrapBlob}
  0x000002491b817ec0: c5f8 77e8 

  0x000002491b817ec4: ; ImmutableOopMap {[32]=Oop [40]=Oop [64]=Oop [72]=Oop [112]=NarrowOop [120]=Oop }
                      ;*checkcast {reexecute=0 rethrow=0 return_oop=0}
                      ; - java.lang.ClassLoader::definePackage@81 (line 2129)
                      ; - java.lang.ClassLoader::getDefinedPackage@32 (line 2267)
                      ; - jdk.internal.loader.BuiltinClassLoader::getAndVerifyPackage@2 (line 902)
                      ; - jdk.internal.loader.BuiltinClassLoader::defineOrCheckPackage@4 (line 877)
                      ; - jdk.internal.loader.ClassLoaders$AppClassLoader::defineOrCheckPackage@4 (line 211)
                      ; - jdk.internal.loader.BuiltinClassLoader::defineClass@40 (line 849)
  0x000002491b817ec4: 38c7 83ff 

  0x000002491b817ec8: ;   {other}
  0x000002491b817ec8: 0f1f 8400 | b855 00b0 | ba45 ffff | ff4c 8b4c | 2438 4c89 | 4c24 204c | 8b4c 2468 | 4c89 4c24 
  0x000002491b817ee8: 288b 4c24 | 7089 4c24 | 344c 895c | 2450 4c89 | 5424 584c | 895c 2460 | 4c89 7424 | 6844 8944 
  0x000002491b817f08: 2474 6690 

  0x000002491b817f0c: ;   {runtime_call UncommonTrapBlob}
  0x000002491b817f0c: c5f8 77e8 

  0x000002491b817f10: ; ImmutableOopMap {[32]=Oop [40]=Oop [52]=NarrowOop [80]=Oop [88]=Oop [96]=Oop [104]=Oop [116]=NarrowOop [120]=Oop }
                      ;*ifnonnull {reexecute=1 rethrow=0 return_oop=0}
                      ; - (reexecute) jdk.internal.access.SharedSecrets::javaUtilJarAccess@5 (line 139)
                      ; - jdk.internal.loader.BuiltinClassLoader::isSealed@0 (line 991)
                      ; - jdk.internal.loader.BuiltinClassLoader::getAndVerifyPackage@70 (line 911)
                      ; - jdk.internal.loader.BuiltinClassLoader::defineOrCheckPackage@4 (line 877)
                      ; - jdk.internal.loader.ClassLoaders$AppClassLoader::defineOrCheckPackage@4 (line 211)
                      ; - jdk.internal.loader.BuiltinClassLoader::defineClass@40 (line 849)
  0x000002491b817f10: ecc6 83ff 

  0x000002491b817f14: ;   {other}
  0x000002491b817f14: 0f1f 8400 | 0456 00b1 | ba45 ffff | ff4c 8b44 | 2438 4c89 | 4424 204c | 8974 2448 | 4c89 5c24 
  0x000002491b817f34: 504c 8954 | 2458 895c | 2464 6690 

  0x000002491b817f40: ;   {runtime_call UncommonTrapBlob}
  0x000002491b817f40: c5f8 77e8 

  0x000002491b817f44: ; ImmutableOopMap {[32]=Oop [72]=Oop [80]=Oop [88]=Oop [100]=NarrowOop [104]=Oop [112]=NarrowOop [120]=Oop }
                      ;*ifnull {reexecute=1 rethrow=0 return_oop=0}
                      ; - (reexecute) jdk.internal.loader.BuiltinClassLoader::isSealed@50 (line 996)
                      ; - jdk.internal.loader.BuiltinClassLoader::getAndVerifyPackage@70 (line 911)
                      ; - jdk.internal.loader.BuiltinClassLoader::defineOrCheckPackage@4 (line 877)
                      ; - jdk.internal.loader.ClassLoaders$AppClassLoader::defineOrCheckPackage@4 (line 211)
                      ; - jdk.internal.loader.BuiltinClassLoader::defineClass@40 (line 849)
  0x000002491b817f44: b8c6 83ff 

  0x000002491b817f48: ;   {other}
  0x000002491b817f48: 0f1f 8400 | 3856 00b2 | baf6 ffff | ff4c 8b54 | 2438 4c89 | 5424 204c | 895c 2440 | 4c89 7424 
  0x000002491b817f68: 4866 6690 

  0x000002491b817f6c: ;   {runtime_call UncommonTrapBlob}
  0x000002491b817f6c: c5f8 77e8 

  0x000002491b817f70: ; ImmutableOopMap {[32]=Oop [64]=Oop [72]=Oop [104]=Oop [112]=NarrowOop [120]=Oop }
                      ;*arraylength {reexecute=0 rethrow=0 return_oop=0}
                      ; - java.lang.String::length@4 (line 1519)
                      ; - java.lang.String::equalsIgnoreCase@14 (line 1992)
                      ; - jdk.internal.loader.BuiltinClassLoader::isSealed@67 (line 998)
                      ; - jdk.internal.loader.BuiltinClassLoader::getAndVerifyPackage@70 (line 911)
                      ; - jdk.internal.loader.BuiltinClassLoader::defineOrCheckPackage@4 (line 877)
                      ; - jdk.internal.loader.ClassLoaders$AppClassLoader::defineOrCheckPackage@4 (line 211)
                      ; - jdk.internal.loader.BuiltinClassLoader::defineClass@40 (line 849)
  0x000002491b817f70: 8cc6 83ff 

  0x000002491b817f74: ;   {other}
  0x000002491b817f74: 0f1f 8400 | 6456 00b3 | ba45 ffff | ff48 8b6c | 2428 4c8b | 5c24 404c | 895c 2430 | 4c8b 5c24 
  0x000002491b817f94: 484c 895c | 2440 4c8b | 5c24 504c | 895c 2448 | 4c89 5424 | 5866 6690 

  0x000002491b817fac: ;   {runtime_call UncommonTrapBlob}
  0x000002491b817fac: c5f8 77e8 

  0x000002491b817fb0: ; ImmutableOopMap {rbp=Oop [48]=Oop [56]=Oop [64]=Oop [72]=Oop [88]=Oop [112]=NarrowOop [128]=Oop }
                      ;*ifnull {reexecute=1 rethrow=0 return_oop=0}
                      ; - (reexecute) java.util.jar.JarFile::getManifestFromReference@148 (line 432)
                      ; - java.util.jar.JarFile::getManifest@1 (line 405)
                      ; - jdk.internal.loader.URLClassPath$JarLoader$2::getManifest@22 (line 853)
                      ; - jdk.internal.loader.BuiltinClassLoader::defineClass@29 (line 848)
  0x000002491b817fb0: 4cc6 83ff 

  0x000002491b817fb4: ;   {other}
  0x000002491b817fb4: 0f1f 8400 | a456 00b4 | baf6 ffff | ff66 6690 

  0x000002491b817fc4: ;   {runtime_call UncommonTrapBlob}
  0x000002491b817fc4: c5f8 77e8 

  0x000002491b817fc8: ; ImmutableOopMap {}
                      ;*invokevirtual getBaseURL {reexecute=0 rethrow=0 return_oop=0}
                      ; - jdk.internal.loader.URLClassPath$FileLoader$1::getCodeSourceURL@4 (line 1117)
                      ; - jdk.internal.loader.BuiltinClassLoader::defineClass@1 (line 842)
  0x000002491b817fc8: 34c6 83ff 

  0x000002491b817fcc: ;   {other}
  0x000002491b817fcc: 0f1f 8400 | bc56 00b5 | ba97 ffff | ff4c 8b54 | 2440 4c89 | 5424 3890 

  0x000002491b817fe4: ;   {runtime_call UncommonTrapBlob}
  0x000002491b817fe4: c5f8 77e8 

  0x000002491b817fe8: ; ImmutableOopMap {rbp=Oop [32]=Oop [44]=NarrowOop [48]=Oop [56]=Oop [112]=NarrowOop }
                      ;*invokevirtual clone {reexecute=1 rethrow=0 return_oop=0}
                      ; - (reexecute) java.util.Arrays::copyOfRange@18 (line 3856)
                      ; - java.lang.StringLatin1::newString@16 (line 752)
                      ; - java.lang.String::substring@41 (line 2839)
                      ; - jdk.internal.loader.BuiltinClassLoader::defineClass@23 (line 847)
  0x000002491b817fe8: 14c6 83ff 

  0x000002491b817fec: ;   {other}
  0x000002491b817fec: 0f1f 8400 | dc56 00b6 | 4c8b d0e9 | 7404 0000 | 488b d8e9 | f700 0000 | 488b d8e9 | a205 0000 
  0x000002491b81800c: 488b 6c24 | 2848 8b54 | 2458 4c8b | c04c 8b54 | 2440 4c89 | 5424 3090 

  0x000002491b818024: ;   {optimized virtual_call}
  0x000002491b818024: c5f8 77e8 

  0x000002491b818028: ; ImmutableOopMap {rbp=Oop [48]=Oop [72]=Oop [88]=Oop [112]=NarrowOop [128]=Oop }
                      ;*invokevirtual addSuppressed {reexecute=0 rethrow=0 return_oop=0}
                      ; - java.util.jar.JarFile::getManifestFromReference@177 (line 430)
                      ; - java.util.jar.JarFile::getManifest@1 (line 405)
                      ; - jdk.internal.loader.URLClassPath$JarLoader$2::getManifest@22 (line 853)
                      ; - jdk.internal.loader.BuiltinClassLoader::defineClass@29 (line 848)
  0x000002491b818028: 546a 83ff 

  0x000002491b81802c: ;   {other}
  0x000002491b81802c: 0f1f 8400 | 1c57 00b7 | e923 0400 | 0048 8bd8 | e96d 0500 | 0048 8bd8 | e965 0500 | 0048 8bd8 
  0x000002491b81804c: e95d 0500 | 0048 8b4c | 2450 488d | 9424 d800 | 0000 4d8b | c7c5 f877 | 49ba 60ef | 4e32 fa7f 
  0x000002491b81806c: 0000 41ff 

  0x000002491b818070: ;   {other}
  0x000002491b818070: d20f 1f84 | 0000 0000 | 00e9 3005 | 0000 4c8b | d0e9 ea03 | 0000 4889 | 4424 58e9 | a103 0000 
  0x000002491b818090: 488b d8e9 | f105 0000 | 4c8b d0e9 | d705 0000 | 4c8b d0e9 | cf05 0000 | 4c8b d0e9 | c705 0000 
  0x000002491b8180b0: 4c8b d0e9 | bf05 0000 | 4c8b d0e9 | b705 0000 | 4c8b d0e9 | af05 0000 | 488b d8e9 | b905 0000 
  0x000002491b8180d0: 4c8b d0e9 | 9f05 0000 | 488b d8e9 | a905 0000 | 488b d8e9 | a105 0000 | 4c8b d0e9 | 8705 0000 
  0x000002491b8180f0: 4c8b d0e9 | 7f05 0000 | 488b d84c | 8b5c 2450 | 488d 8424 | d000 0000 | 4883 3800 | 0f84 7900 
  0x000002491b818110: 0000 4d8b | 1341 f6c2 | 020f 8462 | 0000 0049 | 83ba 8600 | 0000 0074 | 0949 ff8a | 8600 0000 
  0x000002491b818130: eb4b 498b | 8296 0000 | 0049 0b82 | 8e00 0000 | 750a 49c7 | 423e 0000 | 0000 eb3d | 4983 ba9e 
  0x000002491b818150: 0000 0000 | 7422 4833 | c049 c742 | 3e00 0000 | 00f0 8304 | 2400 4983 | ba9e 0000 | 0000 750d 
  0x000002491b818170: ;   {no_reloc}
  0x000002491b818170: f04d 0fb1 | 7a3e 7505 | 83c8 01eb | 0ca8 00eb | 084c 8b10 | f04d 0fb1 | 1375 0a49 | ff8f 4805 
  0x000002491b818190: 0000 4533 | d20f 84ee | 0400 0049 | 8bcb 488d | 9424 d000 | 0000 4d8b | c7c5 f877 | 49ba 60ef 
  0x000002491b8181b0: 4e32 fa7f | 0000 41ff 

  0x000002491b8181b8: ;   {other}
  0x000002491b8181b8: d20f 1f84 | 0000 0000 | 00e9 c304 | 0000 488b | d8e9 e003 | 0000 488b | d8e9 d803 | 0000 4889 
  0x000002491b8181d8: 4424 504c | 8b54 2438 | 4c89 5424 | 2048 8b54 | 2448 6690 

  0x000002491b8181ec: ;   {static_call}
  0x000002491b8181ec: c5f8 77e8 

  0x000002491b8181f0: ; ImmutableOopMap {[32]=Oop [48]=Oop [64]=Oop [80]=Oop [104]=Oop [112]=NarrowOop [120]=Oop }
                      ;*invokestatic end {reexecute=0 rethrow=0 return_oop=0}
                      ; - java.io.FileInputStream::open@19 (line 215)
                      ; - java.io.FileInputStream::<init>@96 (line 152)
                      ; - jdk.internal.loader.URLClassPath$FileLoader$1::getInputStream@8 (line 1119)
                      ; - jdk.internal.loader.Resource::cachedInputStream@9 (line 77)
                      ; - jdk.internal.loader.Resource::getByteBuffer@1 (line 163)
                      ; - jdk.internal.loader.BuiltinClassLoader::defineClass@45 (line 853)
  0x000002491b8181f0: 8c6e 83ff 

  0x000002491b8181f4: ;   {other}
  0x000002491b8181f4: 0f1f 8400 | e458 00b8 | 488b 5c24 | 50e9 a803 | 0000 488b | d8e9 a003 | 0000 488b | d8e9 9803 
  0x000002491b818214: 0000 488b | d8e9 9003 | 0000 488b | d8e9 8803 | 0000 488b | d8e9 8003 | 0000 488b | d844 8b50 
  0x000002491b818234: 0849 bb00 | 0000 2749 | 0200 004d | 03da 4d8b | 5350 4c3b | d50f 853a | 0400 0045 | 33c9 e957 
  0x000002491b818254: 0200 0048 | 8bd8 e92a | 0400 0048 | 8bd8 e9a7 | 0200 004c | 8bd0 e908 | 0400 0048 | 8bd8 448b 
  0x000002491b818274: 5008 49bb | 0000 0027 | 4902 0000 | 4d03 da4d 

  0x000002491b818284: ;   {metadata('java/io/IOException')}
  0x000002491b818284: 8b53 4849 | bbb0 1a04 | 2849 0200 | 004d 3bd3 | 0f85 61fe | ffff 4c8b | d849 8b87 | b801 0000 
  0x000002491b8182a4: 4c8b d049 | 83c2 284d | 3b97 c801 | 0000 0f83 | e403 0000 | 4d89 97b8 | 0100 0041 | 0f18 8200 
  0x000002491b8182c4: 0100 0048 | c700 0100 

  0x000002491b8182cc: ;   {metadata('java/lang/RuntimeException')}
  0x000002491b8182cc: 0000 c740 | 08e8 df05 | 0044 8960 | 0c4c 8960 | 104c 8960 | 184c 8960 | 2048 8be8 | 4c8b 5424 
  0x000002491b8182ec: 284c 8954 | 2420 448b | 4424 3044 | 8944 2428 | 488b d54d | 8bc3 4c8b | 5424 404c | 8954 2438 
  0x000002491b81830c: ;   {optimized virtual_call}
  0x000002491b81830c: c5f8 77e8 

  0x000002491b818310: ; ImmutableOopMap {rbp=Oop [32]=Oop [40]=NarrowOop [56]=Oop [72]=Oop [80]=Oop [128]=Oop }
                      ;*invokespecial <init> {reexecute=0 rethrow=0 return_oop=0}
                      ; - java.util.jar.JarFile::ensureInitialization@13 (line 1065)
                      ; - java.util.jar.JavaUtilJarAccessImpl::ensureInitialization@1 (line 42)
                      ; - jdk.internal.loader.URLClassPath$JarLoader$2::getManifest@10 (line 852)
                      ; - jdk.internal.loader.BuiltinClassLoader::defineClass@29 (line 848)
  0x000002491b818310: 6c67 83ff 

  0x000002491b818314: ;   {other}
  0x000002491b818314: 0f1f 8400 | 045a 00b9 | 4c8b 5c24 | 5048 8d84 | 24d0 0000 | 0048 8338 | 000f 8479 | 0000 004d 
  0x000002491b818334: 8b13 41f6 | c202 0f84 | 6200 0000 | 4983 ba86 | 0000 0000 | 7409 49ff | 8a86 0000 | 00eb 4b49 
  0x000002491b818354: 8b82 9600 | 0000 490b | 828e 0000 | 0075 0a49 | c742 3e00 | 0000 00eb | 3d49 83ba | 9e00 0000 
  0x000002491b818374: 0074 2248 | 33c0 49c7 | 423e 0000 | 0000 f083 | 0424 0049 | 83ba 9e00 | 0000 0075 | 0df0 4d0f 
  0x000002491b818394: b17a 3e75 | 0583 c801 | eb0c a800 | eb08 4c8b | 10f0 4d0f | b113 750a | 49ff 8f48 | 0500 0045 
  0x000002491b8183b4: 33d2 0f85 | 2803 0000 | 488b d5e9 | c802 0000 | 488b d844 | 8b58 0849 | ba00 0000 | 2749 0200 
  0x000002491b8183d4: 004d 03d3 | 4d8b 5248 

  0x000002491b8183dc: ;   {metadata('java/io/IOException')}
  0x000002491b8183dc: 49bb b01a | 0428 4902 | 0000 4d3b | d30f 859a | 0200 0048 | 8be8 ba2a | 0000 004c | 8b54 2438 
  0x000002491b8183fc: 4c89 5424 | 2866 6690 

  0x000002491b818404: ;   {runtime_call UncommonTrapBlob}
  0x000002491b818404: c5f8 77e8 

  0x000002491b818408: ; ImmutableOopMap {rbp=Oop [40]=Oop [72]=Oop [112]=NarrowOop [120]=Oop }
                      ;*new {reexecute=0 rethrow=0 return_oop=0}
                      ; - java.util.jar.JarFile$JarFileEntry::getCodeSigners@11 (line 671)
                      ; - jdk.internal.loader.URLClassPath$JarLoader$2::getCodeSigners@4 (line 858)
                      ; - jdk.internal.loader.BuiltinClassLoader::defineClass@90 (line 860)
  0x000002491b818408: f4c1 83ff 

  0x000002491b81840c: ;   {other}
  0x000002491b81840c: 0f1f 8400 | fc5a 00ba | 4c8b d0e9 | 5b02 0000 | 4c8b d0e9 | 5302 0000 | 4c8b d0e9 | 4b02 0000 
  0x000002491b81842c: 4889 4424 | 584c 8bd5 | 4d85 d274 | 2349 8bd2 | 488b 6c24 | 4090 c5f8 | 7748 b8ff | ffff ffff 
  0x000002491b81844c: ;   {virtual_call}
  0x000002491b81844c: ffff ffe8 

  0x000002491b818450: ; ImmutableOopMap {rbp=Oop [40]=Oop [64]=Oop [72]=Oop [88]=Oop [112]=NarrowOop [128]=Oop }
                      ;*invokevirtual close {reexecute=0 rethrow=0 return_oop=0}
                      ; - java.util.jar.JarFile::getManifestFromReference@165 (line 430)
                      ; - java.util.jar.JarFile::getManifest@1 (line 405)
                      ; - jdk.internal.loader.URLClassPath$JarLoader$2::getManifest@22 (line 853)
                      ; - jdk.internal.loader.BuiltinClassLoader::defineClass@29 (line 848)
  0x000002491b818450: 2c69 83ff 

  0x000002491b818454: ;   {other}
  0x000002491b818454: 0f1f 8400 | 445b 00bb | 4c8b 5424 | 58eb 0d4c | 8bd0 eb08 | 4c8b d0eb | 034c 8bd0 | 498b dae9 
  0x000002491b818474: 1102 0000 | 4c8b d0e9 | f701 0000 | 4c8b d0e9 | ef01 0000 | 488b d844 | 8b58 0849 | ba00 0000 
  0x000002491b818494: 2749 0200 | 004d 03d3 | 4d8b 5250 | 4c3b d50f | 85e0 0100 | 004c 8b4c | 2428 488b | 5424 784c 
  0x000002491b8184b4: 8b44 2440 | 488b 7c24 | 3066 6690 

  0x000002491b8184c0: ;   {optimized virtual_call}
  0x000002491b8184c0: c5f8 77e8 

  0x000002491b8184c4: ; ImmutableOopMap {[56]=Oop [64]=Oop [104]=Oop [112]=NarrowOop [120]=Oop }
                      ;*invokevirtual getAndVerifyPackage {reexecute=0 rethrow=0 return_oop=1}
                      ; - jdk.internal.loader.BuiltinClassLoader::defineOrCheckPackage@53 (line 887)
                      ; - jdk.internal.loader.ClassLoaders$AppClassLoader::defineOrCheckPackage@4 (line 211)
                      ; - jdk.internal.loader.BuiltinClassLoader::defineClass@40 (line 849)
  0x000002491b8184c4: b865 83ff 

  0x000002491b8184c8: ;   {other}
  0x000002491b8184c8: 0f1f 8400 | b85b 00bc | 4885 c00f | 84eb 0100 | 004c 8b6c | 2420 e906 | b4ff ff4c | 8bd0 e98c 
  0x000002491b8184e8: 0100 004c | 8bd0 e984 | 0100 004c | 8bd0 e97c | 0100 004c | 8bd0 e974 | 0100 004c | 8bd0 e96c 
  0x000002491b818508: 0100 0048 | 8bd8 4c8b | 5c24 5048 | 8d84 24d8 | 0000 0048 | 8338 000f | 8479 0000 | 004d 8b13 
  0x000002491b818528: 41f6 c202 | 0f84 6200 | 0000 4983 | ba86 0000 | 0000 7409 | 49ff 8a86 | 0000 00eb | 4b49 8b82 
  0x000002491b818548: 9600 0000 | 490b 828e | 0000 0075 | 0a49 c742 | 3e00 0000 | 00eb 3d49 | 83ba 9e00 | 0000 0074 
  0x000002491b818568: 2248 33c0 | 49c7 423e | 0000 0000 | f083 0424 | 0049 83ba | 9e00 0000 | 0075 0df0 | 4d0f b17a 
  0x000002491b818588: 3e75 0583 | c801 eb0c | a800 eb08 | 4c8b 10f0 | 4d0f b113 | 750a 49ff | 8f48 0500 | 0045 33d2 
  0x000002491b8185a8: 0f85 a3fa | ffff 4c8b | 5c24 6848 | 8d84 24d0 | 0000 0048 | 8338 000f | 8479 0000 

  0x000002491b8185c4: ;   {no_reloc}
  0x000002491b8185c4: 004d 8b13 | 41f6 c202 | 0f84 6200 | 0000 4983 | ba86 0000 | 0000 7409 | 49ff 8a86 | 0000 00eb 
  0x000002491b8185e4: 4b49 8b82 | 9600 0000 | 490b 828e | 0000 0075 | 0a49 c742 | 3e00 0000 | 00eb 3d49 | 83ba 9e00 
  0x000002491b818604: 0000 0074 | 2248 33c0 | 49c7 423e | 0000 0000 | f083 0424 | 0049 83ba | 9e00 0000 | 0075 0df0 
  0x000002491b818624: 4d0f b17a | 3e75 0583 | c801 eb0c | a800 eb08 | 4c8b 10f0 | 4d0f b113 | 750a 49ff | 8f48 0500 
  0x000002491b818644: 0045 33d2 | 743f 488b | 4c24 6848 | 8d94 24d0 | 0000 004d | 8bc7 c5f8 | 7749 ba60 | ef4e 32fa 
  0x000002491b818664: 7f00 0041 

  0x000002491b818668: ;   {other}
  0x000002491b818668: ffd2 0f1f | 8400 0000 | 0000 eb15 | 4c8b d049 | 8bda eb0d | 488b d8eb | 0848 8bd8 | eb03 488b 
  0x000002491b818688: d848 8bd3 | c5f8 7748 | 81c4 f000 

  0x000002491b818694: ;   {runtime_call _rethrow_Java}
  0x000002491b818694: 0000 5de9 | 64d8 90ff 

  0x000002491b81869c: ;   {metadata('java/lang/RuntimeException')}
  0x000002491b81869c: 498b eb48 | bae8 df05 | 2749 0200 | 0066 6690 

  0x000002491b8186ac: ;   {runtime_call _new_instance_Java}
  0x000002491b8186ac: c5f8 77e8 

  0x000002491b8186b0: ; ImmutableOopMap {rbp=Oop [40]=Oop [48]=NarrowOop [56]=Oop [64]=Oop [72]=Oop [80]=Oop [128]=Oop }
                      ;*new {reexecute=0 rethrow=0 return_oop=1}
                      ; - java.util.jar.JarFile::ensureInitialization@8 (line 1065)
                      ; - java.util.jar.JavaUtilJarAccessImpl::ensureInitialization@1 (line 42)
                      ; - jdk.internal.loader.URLClassPath$JarLoader$2::getManifest@10 (line 852)
                      ; - jdk.internal.loader.BuiltinClassLoader::defineClass@29 (line 848)
  0x000002491b8186b0: 4c37 90ff 

  0x000002491b8186b4: ;   {other}
  0x000002491b8186b4: 0f1f 8400 | a45d 00bd | 4c8b dde9 | 21fc ffff | baad ffff | ff4c 8b54 | 2438 4c89 | 5424 2090 
  0x000002491b8186d4: ;   {runtime_call UncommonTrapBlob}
  0x000002491b8186d4: c5f8 77e8 

  0x000002491b8186d8: ; ImmutableOopMap {[32]=Oop [64]=Oop [104]=Oop [112]=NarrowOop [120]=Oop }
                      ;*new {reexecute=0 rethrow=0 return_oop=0}
                      ; - jdk.internal.loader.BuiltinClassLoader::defineOrCheckPackage@63 (line 889)
                      ; - jdk.internal.loader.ClassLoaders$AppClassLoader::defineOrCheckPackage@4 (line 211)
                      ; - jdk.internal.loader.BuiltinClassLoader::defineClass@40 (line 849)
  0x000002491b8186d8: 24bf 83ff 

  0x000002491b8186dc: ;   {other}
  0x000002491b8186dc: 0f1f 8400 | cc5d 00be | 498b cb48 | 8d94 24d0 | 0000 004d | 8bc7 c5f8 | 7749 ba60 | ef4e 32fa 
  0x000002491b8186fc: 7f00 0041 

  0x000002491b818700: ;   {other}
  0x000002491b818700: ffd2 0f1f | 8400 0000 | 0000 e9ad 

  0x000002491b81870c: ;   {internal_word}
  0x000002491b81870c: fcff ff49 | ba0b 3e81 | 1b49 0200 | 004d 8997 | 6004 0000 

  0x000002491b818720: ;   {runtime_call SafepointBlob}
  0x000002491b818720: e9db cf83 

  0x000002491b818724: ;   {runtime_call StubRoutines (final stubs)}
  0x000002491b818724: ffe8 36c6 | 81ff e92f | a9ff fff4 
[Stub Code]
  0x000002491b818730: ;   {no_reloc}
  0x000002491b818730: 48bb 0000 | 0000 0000 

  0x000002491b818738: ;   {runtime_call}
  0x000002491b818738: 0000 e9fb 

  0x000002491b81873c: ;   {static_stub}
  0x000002491b81873c: ffff ff48 | bb00 0000 | 0000 0000 

  0x000002491b818748: ;   {runtime_call}
  0x000002491b818748: 00e9 fbff 

  0x000002491b81874c: ;   {static_stub}
  0x000002491b81874c: ffff 48bb | 0000 0000 | 0000 0000 

  0x000002491b818758: ;   {runtime_call}
  0x000002491b818758: e9fb ffff 

  0x000002491b81875c: ;   {static_stub}
  0x000002491b81875c: ff48 bb00 | 0000 0000 

  0x000002491b818764: ;   {runtime_call}
  0x000002491b818764: 0000 00e9 | fbff ffff 

  0x000002491b81876c: ;   {static_stub}
  0x000002491b81876c: 48bb 0000 | 0000 0000 

  0x000002491b818774: ;   {runtime_call}
  0x000002491b818774: 0000 e9fb 

  0x000002491b818778: ;   {static_stub}
  0x000002491b818778: ffff ff48 | bb00 0000 | 0000 0000 

  0x000002491b818784: ;   {runtime_call}
  0x000002491b818784: 00e9 fbff 

  0x000002491b818788: ;   {static_stub}
  0x000002491b818788: ffff 48bb | 0000 0000 | 0000 0000 

  0x000002491b818794: ;   {runtime_call}
  0x000002491b818794: e9fb ffff 

  0x000002491b818798: ;   {static_stub}
  0x000002491b818798: ff48 bb00 | 0000 0000 

  0x000002491b8187a0: ;   {runtime_call}
  0x000002491b8187a0: 0000 00e9 | fbff ffff 

  0x000002491b8187a8: ;   {static_stub}
  0x000002491b8187a8: 48bb 0000 | 0000 0000 

  0x000002491b8187b0: ;   {runtime_call}
  0x000002491b8187b0: 0000 e9fb 

  0x000002491b8187b4: ;   {static_stub}
  0x000002491b8187b4: ffff ff48 | bb00 0000 | 0000 0000 

  0x000002491b8187c0: ;   {runtime_call}
  0x000002491b8187c0: 00e9 fbff 

  0x000002491b8187c4: ;   {static_stub}
  0x000002491b8187c4: ffff 48bb | 0000 0000 | 0000 0000 

  0x000002491b8187d0: ;   {runtime_call}
  0x000002491b8187d0: e9fb ffff 

  0x000002491b8187d4: ;   {static_stub}
  0x000002491b8187d4: ff48 bb00 | 0000 0000 

  0x000002491b8187dc: ;   {runtime_call}
  0x000002491b8187dc: 0000 00e9 | fbff ffff 

  0x000002491b8187e4: ;   {static_stub}
  0x000002491b8187e4: 48bb 0000 | 0000 0000 

  0x000002491b8187ec: ;   {runtime_call}
  0x000002491b8187ec: 0000 e9fb 

  0x000002491b8187f0: ;   {static_stub}
  0x000002491b8187f0: ffff ff48 | bb00 0000 | 0000 0000 

  0x000002491b8187fc: ;   {runtime_call}
  0x000002491b8187fc: 00e9 fbff 

  0x000002491b818800: ;   {static_stub}
  0x000002491b818800: ffff 48bb | 0000 0000 | 0000 0000 

  0x000002491b81880c: ;   {runtime_call}
  0x000002491b81880c: e9fb ffff 

  0x000002491b818810: ;   {static_stub}
  0x000002491b818810: ff48 bb00 | 0000 0000 

  0x000002491b818818: ;   {runtime_call}
  0x000002491b818818: 0000 00e9 | fbff ffff 

  0x000002491b818820: ;   {static_stub}
  0x000002491b818820: 48bb 0000 | 0000 0000 

  0x000002491b818828: ;   {runtime_call}
  0x000002491b818828: 0000 e9fb 

  0x000002491b81882c: ;   {static_stub}
  0x000002491b81882c: ffff ff48 | bb00 0000 | 0000 0000 

  0x000002491b818838: ;   {runtime_call}
  0x000002491b818838: 00e9 fbff 

  0x000002491b81883c: ;   {static_stub}
  0x000002491b81883c: ffff 48bb | 0000 0000 | 0000 0000 

  0x000002491b818848: ;   {runtime_call}
  0x000002491b818848: e9fb ffff 

  0x000002491b81884c: ;   {static_stub}
  0x000002491b81884c: ff48 bb00 | 0000 0000 

  0x000002491b818854: ;   {runtime_call}
  0x000002491b818854: 0000 00e9 | fbff ffff 

  0x000002491b81885c: ;   {static_stub}
  0x000002491b81885c: 48bb 0000 | 0000 0000 

  0x000002491b818864: ;   {runtime_call}
  0x000002491b818864: 0000 e9fb 

  0x000002491b818868: ;   {static_stub}
  0x000002491b818868: ffff ff48 | bb00 0000 | 0000 0000 

  0x000002491b818874: ;   {runtime_call}
  0x000002491b818874: 00e9 fbff 

  0x000002491b818878: ;   {static_stub}
  0x000002491b818878: ffff 48bb | 0000 0000 | 0000 0000 

  0x000002491b818884: ;   {runtime_call}
  0x000002491b818884: e9fb ffff 

  0x000002491b818888: ;   {static_stub}
  0x000002491b818888: ff48 bb00 | 0000 0000 

  0x000002491b818890: ;   {runtime_call}
  0x000002491b818890: 0000 00e9 | fbff ffff 

  0x000002491b818898: ;   {static_stub}
  0x000002491b818898: 48bb c800 | 0527 4902 

  0x000002491b8188a0: ;   {runtime_call I2C/C2I adapters}
  0x000002491b8188a0: 0000 e9c8 

  0x000002491b8188a4: ;   {static_stub}
  0x000002491b8188a4: 9682 ff48 | bb00 0000 | 0000 0000 

  0x000002491b8188b0: ;   {runtime_call}
  0x000002491b8188b0: 00e9 fbff 

  0x000002491b8188b4: ;   {static_stub}
  0x000002491b8188b4: ffff 48bb | 0000 0000 | 0000 0000 

  0x000002491b8188c0: ;   {runtime_call}
  0x000002491b8188c0: e9fb ffff 

  0x000002491b8188c4: ;   {static_stub}
  0x000002491b8188c4: ff48 bb00 | 0000 0000 

  0x000002491b8188cc: ;   {runtime_call}
  0x000002491b8188cc: 0000 00e9 | fbff ffff 

  0x000002491b8188d4: ;   {static_stub}
  0x000002491b8188d4: 48bb 0000 | 0000 0000 

  0x000002491b8188dc: ;   {runtime_call}
  0x000002491b8188dc: 0000 e9fb 

  0x000002491b8188e0: ;   {static_stub}
  0x000002491b8188e0: ffff ff48 | bb00 0000 | 0000 0000 

  0x000002491b8188ec: ;   {runtime_call}
  0x000002491b8188ec: 00e9 fbff 

  0x000002491b8188f0: ;   {runtime_call ExceptionBlob}
  0x000002491b8188f0: ffff e989 | 3e90 ffe8 | 0000 0000 | 4883 2c24 

  0x000002491b818900: ;   {runtime_call DeoptimizationBlob}
  0x000002491b818900: 05e9 9ac0 | 83ff f4f4 
[/MachCode]


---------------  P R O C E S S  ---------------

Threads class SMR info:
_java_thread_list=0x0000024926cffb90, length=15, elements={
0x0000024909b557b0, 0x0000024926972f60, 0x0000024926976630, 0x000002492697afa0,
0x000002492697ce90, 0x0000024926988470, 0x00000249269895a0, 0x000002492699e350,
0x00000249269a0df0, 0x0000024926988f10, 0x000002492698a2c0, 0x0000024926989c30,
0x000002492698bd00, 0x000002492698a950, 0x000002492698afe0
}

Java Threads: ( => current thread )
=>0x0000024909b557b0 JavaThread "Test worker"                       [_thread_in_vm, id=28560, stack(0x0000007bf9700000,0x0000007bf9800000) (1024K)]
  0x0000024926972f60 JavaThread "Reference Handler"          daemon [_thread_blocked, id=24300, stack(0x0000007bf9f00000,0x0000007bfa000000) (1024K)]
  0x0000024926976630 JavaThread "Finalizer"                  daemon [_thread_blocked, id=7092, stack(0x0000007bfa000000,0x0000007bfa100000) (1024K)]
  0x000002492697afa0 JavaThread "Signal Dispatcher"          daemon [_thread_blocked, id=23136, stack(0x0000007bfa100000,0x0000007bfa200000) (1024K)]
  0x000002492697ce90 JavaThread "Attach Listener"            daemon [_thread_blocked, id=25376, stack(0x0000007bfa200000,0x0000007bfa300000) (1024K)]
  0x0000024926988470 JavaThread "Service Thread"             daemon [_thread_blocked, id=20280, stack(0x0000007bfa300000,0x0000007bfa400000) (1024K)]
  0x00000249269895a0 JavaThread "Monitor Deflation Thread"   daemon [_thread_blocked, id=8964, stack(0x0000007bfa400000,0x0000007bfa500000) (1024K)]
  0x000002492699e350 JavaThread "C2 CompilerThread0"         daemon [_thread_blocked, id=27640, stack(0x0000007bfa500000,0x0000007bfa600000) (1024K)]
  0x00000249269a0df0 JavaThread "C1 CompilerThread0"         daemon [_thread_blocked, id=20552, stack(0x0000007bfa600000,0x0000007bfa700000) (1024K)]
  0x0000024926988f10 JavaThread "Notification Thread"        daemon [_thread_blocked, id=11464, stack(0x0000007bfa700000,0x0000007bfa800000) (1024K)]
  0x000002492698a2c0 JavaThread "Common-Cleaner"             daemon [_thread_blocked, id=28696, stack(0x0000007bfa800000,0x0000007bfa900000) (1024K)]
  0x0000024926989c30 JavaThread "/127.0.0.1:59390 to /127.0.0.1:60173 workers"        [_thread_blocked, id=24248, stack(0x0000007bfab00000,0x0000007bfac00000) (1024K)]
  0x000002492698bd00 JavaThread "/127.0.0.1:59390 to /127.0.0.1:60173 workers Thread 2"        [_thread_blocked, id=20464, stack(0x0000007bfac00000,0x0000007bfad00000) (1024K)]
  0x000002492698a950 JavaThread "/127.0.0.1:59390 to /127.0.0.1:60173 workers Thread 3"        [_thread_in_native, id=16548, stack(0x0000007bfad00000,0x0000007bfae00000) (1024K)]
  0x000002492698afe0 JavaThread "mysql-cj-abandoned-connection-cleanup" daemon [_thread_blocked, id=9936, stack(0x0000007bfa900000,0x0000007bfaa00000) (1024K)]
Total: 15

Other Threads:
  0x000002492695a760 VMThread "VM Thread"                           [id=31548, stack(0x0000007bf9e00000,0x0000007bf9f00000) (1024K)] _threads_hazard_ptr=0x0000024926cffb90
  0x0000024926942710 WatcherThread "VM Periodic Task Thread"        [id=30192, stack(0x0000007bf9d00000,0x0000007bf9e00000) (1024K)]
  0x0000024909eb2d30 WorkerThread "GC Thread#0"                     [id=29116, stack(0x0000007bf9800000,0x0000007bf9900000) (1024K)]
  0x000002496c5d6a10 WorkerThread "GC Thread#1"                     [id=2224, stack(0x0000007bfae00000,0x0000007bfaf00000) (1024K)]
  0x000002496c5d6db0 WorkerThread "GC Thread#2"                     [id=23492, stack(0x0000007bfaf00000,0x0000007bfb000000) (1024K)]
  0x000002496c5d7150 WorkerThread "GC Thread#3"                     [id=9376, stack(0x0000007bfb000000,0x0000007bfb100000) (1024K)]
  0x000002496c6074f0 WorkerThread "GC Thread#4"                     [id=21092, stack(0x0000007bfb100000,0x0000007bfb200000) (1024K)]
  0x000002496c61e150 WorkerThread "GC Thread#5"                     [id=7620, stack(0x0000007bfb200000,0x0000007bfb300000) (1024K)]
  0x000002496c61e8f0 WorkerThread "GC Thread#6"                     [id=25728, stack(0x0000007bfb300000,0x0000007bfb400000) (1024K)]
  0x000002496c61ec90 WorkerThread "GC Thread#7"                     [id=19016, stack(0x0000007bfb400000,0x0000007bfb500000) (1024K)]
  0x0000024909eb6a80 ConcurrentGCThread "G1 Main Marker"            [id=27052, stack(0x0000007bf9900000,0x0000007bf9a00000) (1024K)]
  0x0000024909eb8ae0 WorkerThread "G1 Conc#0"                       [id=11444, stack(0x0000007bf9a00000,0x0000007bf9b00000) (1024K)]
  0x000002496d279470 WorkerThread "G1 Conc#1"                       [id=30608, stack(0x0000007bfb600000,0x0000007bfb700000) (1024K)]
  0x0000024909f2e7a0 ConcurrentGCThread "G1 Refine#0"               [id=22272, stack(0x0000007bf9b00000,0x0000007bf9c00000) (1024K)]
  0x0000024926810190 ConcurrentGCThread "G1 Service"                [id=10100, stack(0x0000007bf9c00000,0x0000007bf9d00000) (1024K)]
Total: 15

Threads with active compile tasks:
Total: 0

VM state: synchronizing (normal execution)

VM Mutex/Monitor currently owned by a thread:  ([mutex/lock_event])
[0x00007ffa329f9e18] Metaspace_lock - owner thread: 0x0000024909b557b0
[0x00007ffa329fbe98] Threads_lock - owner thread: 0x000002492695a760

Heap address: 0x00000000e0000000, size: 512 MB, Compressed Oops mode: 32-bit

CDS archive(s) mapped at: [0x0000024927000000-0x0000024927c90000-0x0000024927c90000), size 13172736, SharedBaseAddress: 0x0000024927000000, ArchiveRelocationMode: 1.
Compressed class space mapped at: 0x0000024928000000-0x0000024968000000, reserved size: 1073741824
Narrow klass base: 0x0000024927000000, Narrow klass shift: 0, Narrow klass range: 0x100000000

GC Precious Log:
 CardTable entry size: 512
 Card Set container configuration: InlinePtr #cards 5 size 8 Array Of Cards #cards 12 size 40 Howl #buckets 4 coarsen threshold 1843 Howl Bitmap #cards 512 size 80 coarsen threshold 460 Card regions per heap region 1 cards per card region 2048
 CPUs: 8 total, 8 available
 Memory: 6091M
 Large Page Support: Disabled
 NUMA Support: Disabled
 Compressed Oops: Enabled (32-bit)
 Heap Region Size: 1M
 Heap Min Capacity: 8M
 Heap Initial Capacity: 96M
 Heap Max Capacity: 512M
 Pre-touch: Disabled
 Parallel Workers: 8
 Concurrent Workers: 2
 Concurrent Refinement Workers: 8
 Periodic GC: Disabled

Heap:
 garbage-first heap   total 61440K, used 33746K [0x00000000e0000000, 0x0000000100000000)
  region size 1024K, 9 young (9216K), 2 survivors (2048K)
 Metaspace       used 60685K, committed 61312K, reserved 1114112K
  class space    used 8466K, committed 8768K, reserved 1048576K

Heap Regions: E=young(eden), S=young(survivor), O=old, HS=humongous(starts), HC=humongous(continues), CS=collection set, F=free, TAMS=top-at-mark-start, PB=parsable bottom
|   0|0x00000000e0000000, 0x00000000e0100000, 0x00000000e0100000|100%|HS|  |TAMS 0x00000000e0000000| PB 0x00000000e0000000| Complete 
|   1|0x00000000e0100000, 0x00000000e0200000, 0x00000000e0200000|100%|HS|  |TAMS 0x00000000e0100000| PB 0x00000000e0100000| Complete 
|   2|0x00000000e0200000, 0x00000000e0300000, 0x00000000e0300000|100%| O|  |TAMS 0x00000000e0200000| PB 0x00000000e0200000| Untracked 
|   3|0x00000000e0300000, 0x00000000e0400000, 0x00000000e0400000|100%| O|  |TAMS 0x00000000e0300000| PB 0x00000000e0300000| Untracked 
|   4|0x00000000e0400000, 0x00000000e0500000, 0x00000000e0500000|100%| O|  |TAMS 0x00000000e0400000| PB 0x00000000e0400000| Untracked 
|   5|0x00000000e0500000, 0x00000000e0600000, 0x00000000e0600000|100%| O|  |TAMS 0x00000000e0500000| PB 0x00000000e0500000| Untracked 
|   6|0x00000000e0600000, 0x00000000e0700000, 0x00000000e0700000|100%| O|  |TAMS 0x00000000e0600000| PB 0x00000000e0600000| Untracked 
|   7|0x00000000e0700000, 0x00000000e0800000, 0x00000000e0800000|100%| O|  |TAMS 0x00000000e0700000| PB 0x00000000e0700000| Untracked 
|   8|0x00000000e0800000, 0x00000000e0900000, 0x00000000e0900000|100%| O|  |TAMS 0x00000000e0800000| PB 0x00000000e0800000| Untracked 
|   9|0x00000000e0900000, 0x00000000e0a00000, 0x00000000e0a00000|100%| O|  |TAMS 0x00000000e0900000| PB 0x00000000e0900000| Untracked 
|  10|0x00000000e0a00000, 0x00000000e0b00000, 0x00000000e0b00000|100%| O|  |TAMS 0x00000000e0a00000| PB 0x00000000e0a00000| Untracked 
|  11|0x00000000e0b00000, 0x00000000e0c00000, 0x00000000e0c00000|100%| O|  |TAMS 0x00000000e0b00000| PB 0x00000000e0b00000| Untracked 
|  12|0x00000000e0c00000, 0x00000000e0d00000, 0x00000000e0d00000|100%| O|  |TAMS 0x00000000e0c00000| PB 0x00000000e0c00000| Untracked 
|  13|0x00000000e0d00000, 0x00000000e0e00000, 0x00000000e0e00000|100%| O|  |TAMS 0x00000000e0d00000| PB 0x00000000e0d00000| Untracked 
|  14|0x00000000e0e00000, 0x00000000e0f00000, 0x00000000e0f00000|100%| O|  |TAMS 0x00000000e0e00000| PB 0x00000000e0e00000| Untracked 
|  15|0x00000000e0f00000, 0x00000000e1000000, 0x00000000e1000000|100%| O|  |TAMS 0x00000000e0f00000| PB 0x00000000e0f00000| Untracked 
|  16|0x00000000e1000000, 0x00000000e1100000, 0x00000000e1100000|100%| O|Cm|TAMS 0x00000000e1000000| PB 0x00000000e1000000| Complete 
|  17|0x00000000e1100000, 0x00000000e1200000, 0x00000000e1200000|100%| O|  |TAMS 0x00000000e1100000| PB 0x00000000e1100000| Untracked 
|  18|0x00000000e1200000, 0x00000000e1300000, 0x00000000e1300000|100%| O|  |TAMS 0x00000000e1200000| PB 0x00000000e1200000| Untracked 
|  19|0x00000000e1300000, 0x00000000e1400000, 0x00000000e1400000|100%| O|  |TAMS 0x00000000e1300000| PB 0x00000000e1300000| Untracked 
|  20|0x00000000e1400000, 0x00000000e1500000, 0x00000000e1500000|100%| O|  |TAMS 0x00000000e1400000| PB 0x00000000e1400000| Untracked 
|  21|0x00000000e1500000, 0x00000000e1600000, 0x00000000e1600000|100%| O|  |TAMS 0x00000000e1500000| PB 0x00000000e1500000| Untracked 
|  22|0x00000000e1600000, 0x00000000e1700000, 0x00000000e1700000|100%| O|  |TAMS 0x00000000e1600000| PB 0x00000000e1600000| Untracked 
|  23|0x00000000e1700000, 0x00000000e1800000, 0x00000000e1800000|100%| O|  |TAMS 0x00000000e1700000| PB 0x00000000e1700000| Untracked 
|  24|0x00000000e1800000, 0x00000000e1900000, 0x00000000e1900000|100%| O|  |TAMS 0x00000000e1800000| PB 0x00000000e1800000| Untracked 
|  25|0x00000000e1900000, 0x00000000e194e458, 0x00000000e1a00000| 30%| O|  |TAMS 0x00000000e1900000| PB 0x00000000e1900000| Untracked 
|  26|0x00000000e1a00000, 0x00000000e1a00000, 0x00000000e1b00000|  0%| F|  |TAMS 0x00000000e1a00000| PB 0x00000000e1a00000| Untracked 
|  27|0x00000000e1b00000, 0x00000000e1b00000, 0x00000000e1c00000|  0%| F|  |TAMS 0x00000000e1b00000| PB 0x00000000e1b00000| Untracked 
|  28|0x00000000e1c00000, 0x00000000e1c00000, 0x00000000e1d00000|  0%| F|  |TAMS 0x00000000e1c00000| PB 0x00000000e1c00000| Untracked 
|  29|0x00000000e1d00000, 0x00000000e1d00000, 0x00000000e1e00000|  0%| F|  |TAMS 0x00000000e1d00000| PB 0x00000000e1d00000| Untracked 
|  30|0x00000000e1e00000, 0x00000000e1e00000, 0x00000000e1f00000|  0%| F|  |TAMS 0x00000000e1e00000| PB 0x00000000e1e00000| Untracked 
|  31|0x00000000e1f00000, 0x00000000e1f00000, 0x00000000e2000000|  0%| F|  |TAMS 0x00000000e1f00000| PB 0x00000000e1f00000| Untracked 
|  32|0x00000000e2000000, 0x00000000e2000000, 0x00000000e2100000|  0%| F|  |TAMS 0x00000000e2000000| PB 0x00000000e2000000| Untracked 
|  33|0x00000000e2100000, 0x00000000e2100000, 0x00000000e2200000|  0%| F|  |TAMS 0x00000000e2100000| PB 0x00000000e2100000| Untracked 
|  34|0x00000000e2200000, 0x00000000e2200000, 0x00000000e2300000|  0%| F|  |TAMS 0x00000000e2200000| PB 0x00000000e2200000| Untracked 
|  35|0x00000000e2300000, 0x00000000e2300000, 0x00000000e2400000|  0%| F|  |TAMS 0x00000000e2300000| PB 0x00000000e2300000| Untracked 
|  36|0x00000000e2400000, 0x00000000e2400000, 0x00000000e2500000|  0%| F|  |TAMS 0x00000000e2400000| PB 0x00000000e2400000| Untracked 
|  37|0x00000000e2500000, 0x00000000e2500000, 0x00000000e2600000|  0%| F|  |TAMS 0x00000000e2500000| PB 0x00000000e2500000| Untracked 
|  38|0x00000000e2600000, 0x00000000e2600000, 0x00000000e2700000|  0%| F|  |TAMS 0x00000000e2600000| PB 0x00000000e2600000| Untracked 
|  39|0x00000000e2700000, 0x00000000e2700000, 0x00000000e2800000|  0%| F|  |TAMS 0x00000000e2700000| PB 0x00000000e2700000| Untracked 
|  40|0x00000000e2800000, 0x00000000e2800000, 0x00000000e2900000|  0%| F|  |TAMS 0x00000000e2800000| PB 0x00000000e2800000| Untracked 
|  41|0x00000000e2900000, 0x00000000e29a6720, 0x00000000e2a00000| 65%| S|CS|TAMS 0x00000000e2900000| PB 0x00000000e2900000| Complete 
|  42|0x00000000e2a00000, 0x00000000e2b00000, 0x00000000e2b00000|100%| S|CS|TAMS 0x00000000e2a00000| PB 0x00000000e2a00000| Complete 
|  43|0x00000000e2b00000, 0x00000000e2b00000, 0x00000000e2c00000|  0%| F|  |TAMS 0x00000000e2b00000| PB 0x00000000e2b00000| Untracked 
|  44|0x00000000e2c00000, 0x00000000e2c00000, 0x00000000e2d00000|  0%| F|  |TAMS 0x00000000e2c00000| PB 0x00000000e2c00000| Untracked 
|  45|0x00000000e2d00000, 0x00000000e2d00000, 0x00000000e2e00000|  0%| F|  |TAMS 0x00000000e2d00000| PB 0x00000000e2d00000| Untracked 
|  46|0x00000000e2e00000, 0x00000000e2e00000, 0x00000000e2f00000|  0%| F|  |TAMS 0x00000000e2e00000| PB 0x00000000e2e00000| Untracked 
|  47|0x00000000e2f00000, 0x00000000e2f00000, 0x00000000e3000000|  0%| F|  |TAMS 0x00000000e2f00000| PB 0x00000000e2f00000| Untracked 
|  48|0x00000000e3000000, 0x00000000e3000000, 0x00000000e3100000|  0%| F|  |TAMS 0x00000000e3000000| PB 0x00000000e3000000| Untracked 
|  49|0x00000000e3100000, 0x00000000e3100000, 0x00000000e3200000|  0%| F|  |TAMS 0x00000000e3100000| PB 0x00000000e3100000| Untracked 
|  50|0x00000000e3200000, 0x00000000e3200000, 0x00000000e3300000|  0%| F|  |TAMS 0x00000000e3200000| PB 0x00000000e3200000| Untracked 
|  51|0x00000000e3300000, 0x00000000e3300000, 0x00000000e3400000|  0%| F|  |TAMS 0x00000000e3300000| PB 0x00000000e3300000| Untracked 
|  52|0x00000000e3400000, 0x00000000e3400000, 0x00000000e3500000|  0%| F|  |TAMS 0x00000000e3400000| PB 0x00000000e3400000| Untracked 
|  53|0x00000000e3500000, 0x00000000e3581730, 0x00000000e3600000| 50%| E|  |TAMS 0x00000000e3500000| PB 0x00000000e3500000| Complete 
|  54|0x00000000e3600000, 0x00000000e3700000, 0x00000000e3700000|100%| E|CS|TAMS 0x00000000e3600000| PB 0x00000000e3600000| Complete 
|  55|0x00000000e3700000, 0x00000000e3800000, 0x00000000e3800000|100%| E|CS|TAMS 0x00000000e3700000| PB 0x00000000e3700000| Complete 
|  56|0x00000000e3800000, 0x00000000e3900000, 0x00000000e3900000|100%| E|CS|TAMS 0x00000000e3800000| PB 0x00000000e3800000| Complete 
|  57|0x00000000e3900000, 0x00000000e3a00000, 0x00000000e3a00000|100%| E|CS|TAMS 0x00000000e3900000| PB 0x00000000e3900000| Complete 
|  58|0x00000000e3a00000, 0x00000000e3b00000, 0x00000000e3b00000|100%| E|CS|TAMS 0x00000000e3a00000| PB 0x00000000e3a00000| Complete 
|  95|0x00000000e5f00000, 0x00000000e6000000, 0x00000000e6000000|100%| E|CS|TAMS 0x00000000e5f00000| PB 0x00000000e5f00000| Complete 

Card table byte_map: [0x0000024923650000,0x0000024923750000] _byte_map_base: 0x0000024922f50000

Marking Bits: (CMBitMap*) 0x0000024909eb3340
 Bits: [0x0000024923750000, 0x0000024923f50000)

Polling page: 0x0000024913ab0000

Metaspace:

Usage:
  Non-class:     50.99 MB used.
      Class:      8.27 MB used.
       Both:     59.26 MB used.

Virtual space:
  Non-class space:       64.00 MB reserved,      51.31 MB ( 80%) committed,  1 nodes.
      Class space:        1.00 GB reserved,       8.56 MB ( <1%) committed,  1 nodes.
             Both:        1.06 GB reserved,      59.88 MB (  6%) committed. 

Chunk freelists:
   Non-Class:  12.55 MB
       Class:  7.44 MB
        Both:  19.98 MB

MaxMetaspaceSize: unlimited
CompressedClassSpaceSize: 1.00 GB
Initial GC threshold: 21.00 MB
Current GC threshold: 98.38 MB
CDS: on
 - commit_granule_bytes: 65536.
 - commit_granule_words: 8192.
 - virtual_space_node_default_size: 8388608.
 - enlarge_chunks_in_place: 1.
 - use_allocation_guard: 0.


Internal statistics:

num_allocs_failed_limit: 9.
num_arena_births: 816.
num_arena_deaths: 0.
num_vsnodes_births: 2.
num_vsnodes_deaths: 0.
num_space_committed: 958.
num_space_uncommitted: 0.
num_chunks_returned_to_freelist: 9.
num_chunks_taken_from_freelist: 2989.
num_chunk_merges: 9.
num_chunk_splits: 2185.
num_chunks_enlarged: 1714.
num_inconsistent_stats: 0.

CodeHeap 'non-profiled nmethods': size=120000Kb used=2627Kb max_used=2789Kb free=117372Kb
 bounds [0x000002491b5a0000, 0x000002491b860000, 0x0000024922ad0000]
CodeHeap 'profiled nmethods': size=120000Kb used=8810Kb max_used=9657Kb free=111189Kb
 bounds [0x0000024913ad0000, 0x0000024914440000, 0x000002491b000000]
CodeHeap 'non-nmethods': size=5760Kb used=1581Kb max_used=1593Kb free=4178Kb
 bounds [0x000002491b000000, 0x000002491b270000, 0x000002491b5a0000]
 total_blobs=5193 nmethods=4555 adapters=541
 compilation: enabled
              stopped_count=0, restarted_count=0
 full_count=0

Compilation events (20 events):
Event: 60.637 Thread 0x00000249269a0df0 5245       3       net.bytebuddy.description.ByteCodeElement$Token$TokenList::get (14 bytes)
Event: 60.638 Thread 0x00000249269a0df0 nmethod 5245 0x0000024914054990 code [0x0000024914054b40, 0x0000024914054e20]
Event: 60.724 Thread 0x00000249269a0df0 5246       3       net.bytebuddy.description.method.ParameterList$TypeSubstituting::size (45 bytes)
Event: 60.725 Thread 0x00000249269a0df0 nmethod 5246 0x0000024914261110 code [0x00000249142612c0, 0x0000024914261578]
Event: 60.725 Thread 0x00000249269a0df0 5250       3       java.util.ArrayList::hashCode (22 bytes)
Event: 60.725 Thread 0x00000249269a0df0 nmethod 5250 0x00000249141b6690 code [0x00000249141b6860, 0x00000249141b6bb8]
Event: 60.726 Thread 0x00000249269a0df0 5248       3       java.util.ArrayList::hashCodeRange (68 bytes)
Event: 60.726 Thread 0x00000249269a0df0 nmethod 5248 0x0000024913b34e10 code [0x0000024913b34fe0, 0x0000024913b35420]
Event: 60.726 Thread 0x00000249269a0df0 5249       3       java.util.ArrayList::checkForComodification (17 bytes)
Event: 60.727 Thread 0x00000249269a0df0 nmethod 5249 0x0000024913b6f690 code [0x0000024913b6f840, 0x0000024913b6fa60]
Event: 60.727 Thread 0x00000249269a0df0 5247       3       java.util.HashMap::afterNodeRemoval (1 bytes)
Event: 60.727 Thread 0x00000249269a0df0 nmethod 5247 0x0000024913d4fb90 code [0x0000024913d4fd20, 0x0000024913d4fe28]
Event: 60.727 Thread 0x00000249269a0df0 5251       3       net.bytebuddy.description.method.MethodDescription$TypeSubstituting::getParameters (22 bytes)
Event: 60.728 Thread 0x00000249269a0df0 nmethod 5251 0x0000024913ca0710 code [0x0000024913ca0900, 0x0000024913ca0ed0]
Event: 60.728 Thread 0x00000249269a0df0 5252       3       net.bytebuddy.description.method.ParameterList$TypeSubstituting::<init> (20 bytes)
Event: 60.729 Thread 0x00000249269a0df0 nmethod 5252 0x000002491407c690 code [0x000002491407c860, 0x000002491407cc58]
Event: 60.750 Thread 0x00000249269a0df0 5253       3       net.bytebuddy.description.ByteCodeElement$Token$TokenList::size (10 bytes)
Event: 60.751 Thread 0x00000249269a0df0 nmethod 5253 0x0000024913f6fa90 code [0x0000024913f6fc40, 0x0000024913f6fe18]
Event: 60.751 Thread 0x00000249269a0df0 5254       1       net.bytebuddy.description.method.ParameterDescription$Token::getType (5 bytes)
Event: 60.751 Thread 0x00000249269a0df0 nmethod 5254 0x000002491b711610 code [0x000002491b7117a0, 0x000002491b711868]

GC Heap History (20 events):
Event: 8.721 GC heap before
{Heap before GC invocations=1 (full 0):
 garbage-first heap   total 98304K, used 33712K [0x00000000e0000000, 0x0000000100000000)
  region size 1024K, 26 young (26624K), 3 survivors (3072K)
 Metaspace       used 11566K, committed 11904K, reserved 1114112K
  class space    used 1517K, committed 1664K, reserved 1048576K
}
Event: 8.733 GC heap after
{Heap after GC invocations=2 (full 0):
 garbage-first heap   total 98304K, used 12503K [0x00000000e0000000, 0x0000000100000000)
  region size 1024K, 2 young (2048K), 2 survivors (2048K)
 Metaspace       used 11566K, committed 11904K, reserved 1114112K
  class space    used 1517K, committed 1664K, reserved 1048576K
}
Event: 15.180 GC heap before
{Heap before GC invocations=2 (full 0):
 garbage-first heap   total 98304K, used 50391K [0x00000000e0000000, 0x0000000100000000)
  region size 1024K, 41 young (41984K), 2 survivors (2048K)
 Metaspace       used 21010K, committed 21504K, reserved 1114112K
  class space    used 2801K, committed 3072K, reserved 1048576K
}
Event: 15.195 GC heap after
{Heap after GC invocations=3 (full 0):
 garbage-first heap   total 98304K, used 15787K [0x00000000e0000000, 0x0000000100000000)
  region size 1024K, 6 young (6144K), 6 survivors (6144K)
 Metaspace       used 21010K, committed 21504K, reserved 1114112K
  class space    used 2801K, committed 3072K, reserved 1048576K
}
Event: 18.031 GC heap before
{Heap before GC invocations=4 (full 0):
 garbage-first heap   total 61440K, used 45483K [0x00000000e0000000, 0x0000000100000000)
  region size 1024K, 36 young (36864K), 6 survivors (6144K)
 Metaspace       used 27139K, committed 27648K, reserved 1114112K
  class space    used 3539K, committed 3776K, reserved 1048576K
}
Event: 18.044 GC heap after
{Heap after GC invocations=5 (full 0):
 garbage-first heap   total 61440K, used 17588K [0x00000000e0000000, 0x0000000100000000)
  region size 1024K, 2 young (2048K), 2 survivors (2048K)
 Metaspace       used 27139K, committed 27648K, reserved 1114112K
  class space    used 3539K, committed 3776K, reserved 1048576K
}
Event: 23.032 GC heap before
{Heap before GC invocations=5 (full 0):
 garbage-first heap   total 61440K, used 45236K [0x00000000e0000000, 0x0000000100000000)
  region size 1024K, 30 young (30720K), 2 survivors (2048K)
 Metaspace       used 30719K, committed 31296K, reserved 1114112K
  class space    used 4072K, committed 4352K, reserved 1048576K
}
Event: 23.037 GC heap after
{Heap after GC invocations=6 (full 0):
 garbage-first heap   total 61440K, used 19840K [0x00000000e0000000, 0x0000000100000000)
  region size 1024K, 4 young (4096K), 4 survivors (4096K)
 Metaspace       used 30719K, committed 31296K, reserved 1114112K
  class space    used 4072K, committed 4352K, reserved 1048576K
}
Event: 32.709 GC heap before
{Heap before GC invocations=6 (full 0):
 garbage-first heap   total 61440K, used 48512K [0x00000000e0000000, 0x0000000100000000)
  region size 1024K, 32 young (32768K), 4 survivors (4096K)
 Metaspace       used 34996K, committed 35584K, reserved 1114112K
  class space    used 4593K, committed 4864K, reserved 1048576K
}
Event: 32.732 GC heap after
{Heap after GC invocations=7 (full 0):
 garbage-first heap   total 61440K, used 21816K [0x00000000e0000000, 0x0000000100000000)
  region size 1024K, 3 young (3072K), 3 survivors (3072K)
 Metaspace       used 34996K, committed 35584K, reserved 1114112K
  class space    used 4593K, committed 4864K, reserved 1048576K
}
Event: 34.098 GC heap before
{Heap before GC invocations=7 (full 0):
 garbage-first heap   total 61440K, used 25912K [0x00000000e0000000, 0x0000000100000000)
  region size 1024K, 8 young (8192K), 3 survivors (3072K)
 Metaspace       used 35579K, committed 36096K, reserved 1114112K
  class space    used 4684K, committed 4928K, reserved 1048576K
}
Event: 34.107 GC heap after
{Heap after GC invocations=8 (full 0):
 garbage-first heap   total 61440K, used 22124K [0x00000000e0000000, 0x0000000100000000)
  region size 1024K, 3 young (3072K), 3 survivors (3072K)
 Metaspace       used 35579K, committed 36096K, reserved 1114112K
  class space    used 4684K, committed 4928K, reserved 1048576K
}
Event: 44.601 GC heap before
{Heap before GC invocations=9 (full 0):
 garbage-first heap   total 61440K, used 50796K [0x00000000e0000000, 0x0000000100000000)
  region size 1024K, 31 young (31744K), 3 survivors (3072K)
 Metaspace       used 41425K, committed 41984K, reserved 1114112K
  class space    used 5631K, committed 5888K, reserved 1048576K
}
Event: 44.642 GC heap after
{Heap after GC invocations=10 (full 0):
 garbage-first heap   total 61440K, used 24204K [0x00000000e0000000, 0x0000000100000000)
  region size 1024K, 3 young (3072K), 3 survivors (3072K)
 Metaspace       used 41425K, committed 41984K, reserved 1114112K
  class space    used 5631K, committed 5888K, reserved 1048576K
}
Event: 49.319 GC heap before
{Heap before GC invocations=10 (full 0):
 garbage-first heap   total 61440K, used 50828K [0x00000000e0000000, 0x0000000100000000)
  region size 1024K, 30 young (30720K), 3 survivors (3072K)
 Metaspace       used 47155K, committed 47744K, reserved 1114112K
  class space    used 6645K, committed 6912K, reserved 1048576K
}
Event: 49.327 GC heap after
{Heap after GC invocations=11 (full 0):
 garbage-first heap   total 61440K, used 25873K [0x00000000e0000000, 0x0000000100000000)
  region size 1024K, 4 young (4096K), 4 survivors (4096K)
 Metaspace       used 47155K, committed 47744K, reserved 1114112K
  class space    used 6645K, committed 6912K, reserved 1048576K
}
Event: 51.538 GC heap before
{Heap before GC invocations=11 (full 0):
 garbage-first heap   total 61440K, used 51473K [0x00000000e0000000, 0x0000000100000000)
  region size 1024K, 30 young (30720K), 4 survivors (4096K)
 Metaspace       used 54110K, committed 54720K, reserved 1114112K
  class space    used 7412K, committed 7680K, reserved 1048576K
}
Event: 51.544 GC heap after
{Heap after GC invocations=12 (full 0):
 garbage-first heap   total 61440K, used 26783K [0x00000000e0000000, 0x0000000100000000)
  region size 1024K, 3 young (3072K), 3 survivors (3072K)
 Metaspace       used 54110K, committed 54720K, reserved 1114112K
  class space    used 7412K, committed 7680K, reserved 1048576K
}
Event: 55.999 GC heap before
{Heap before GC invocations=12 (full 0):
 garbage-first heap   total 61440K, used 43167K [0x00000000e0000000, 0x0000000100000000)
  region size 1024K, 20 young (20480K), 3 survivors (3072K)
 Metaspace       used 59763K, committed 60288K, reserved 1114112K
  class space    used 8194K, committed 8448K, reserved 1048576K
}
Event: 56.011 GC heap after
{Heap after GC invocations=13 (full 0):
 garbage-first heap   total 61440K, used 27602K [0x00000000e0000000, 0x0000000100000000)
  region size 1024K, 2 young (2048K), 2 survivors (2048K)
 Metaspace       used 59763K, committed 60288K, reserved 1114112K
  class space    used 8194K, committed 8448K, reserved 1048576K
}

Dll operation events (9 events):
Event: 0.029 Loaded shared library C:\Program Files\Java\jdk-21\bin\java.dll
Event: 0.124 Loaded shared library C:\Program Files\Java\jdk-21\bin\jsvml.dll
Event: 0.664 Loaded shared library C:\Program Files\Java\jdk-21\bin\net.dll
Event: 0.672 Loaded shared library C:\Program Files\Java\jdk-21\bin\nio.dll
Event: 0.684 Loaded shared library C:\Program Files\Java\jdk-21\bin\zip.dll
Event: 0.934 Loaded shared library C:\Program Files\Java\jdk-21\bin\jimage.dll
Event: 2.151 Loaded shared library C:\Program Files\Java\jdk-21\bin\extnet.dll
Event: 2.820 Loaded shared library C:\Program Files\Java\jdk-21\bin\sunmscapi.dll
Event: 3.345 Loaded shared library C:\Program Files\Java\jdk-21\bin\verify.dll

Deoptimization events (20 events):
Event: 50.090 Thread 0x0000024909b557b0 Uncommon trap: trap_request=0xffffff45 fr.pc=0x000002491b811118 relative=0x0000000000001238
Event: 50.090 Thread 0x0000024909b557b0 Uncommon trap: reason=unstable_if action=reinterpret pc=0x000002491b811118 method=sun.reflect.annotation.AnnotationParser.parseMemberValue(Ljava/lang/Class;Ljava/nio/ByteBuffer;Ljdk/internal/reflect/ConstantPool;Ljava/lang/Class;)Ljava/lang/Object; @ 11 c
Event: 50.090 Thread 0x0000024909b557b0 DEOPT PACKING pc=0x000002491b811118 sp=0x0000007bf97f9da0
Event: 50.090 Thread 0x0000024909b557b0 DEOPT UNPACKING pc=0x000002491b0546a2 sp=0x0000007bf97f9d70 mode 2
Event: 50.271 Thread 0x0000024909b557b0 Uncommon trap: trap_request=0xffffff45 fr.pc=0x000002491b7d87b8 relative=0x00000000000000b8
Event: 50.271 Thread 0x0000024909b557b0 Uncommon trap: reason=unstable_if action=reinterpret pc=0x000002491b7d87b8 method=java.lang.Integer.stringSize(I)I @ 3 c2
Event: 50.271 Thread 0x0000024909b557b0 DEOPT PACKING pc=0x000002491b7d87b8 sp=0x0000007bf97f9d80
Event: 50.271 Thread 0x0000024909b557b0 DEOPT UNPACKING pc=0x000002491b0546a2 sp=0x0000007bf97f9d08 mode 2
Event: 50.271 Thread 0x0000024909b557b0 Uncommon trap: trap_request=0xffffff45 fr.pc=0x000002491b7d8c34 relative=0x00000000000001f4
Event: 50.271 Thread 0x0000024909b557b0 Uncommon trap: reason=unstable_if action=reinterpret pc=0x000002491b7d8c34 method=java.lang.Integer.getChars(II[B)I @ 4 c2
Event: 50.271 Thread 0x0000024909b557b0 DEOPT PACKING pc=0x000002491b7d8c34 sp=0x0000007bf97f9d60
Event: 50.271 Thread 0x0000024909b557b0 DEOPT UNPACKING pc=0x000002491b0546a2 sp=0x0000007bf97f9cf0 mode 2
Event: 51.990 Thread 0x0000024909b557b0 Uncommon trap: trap_request=0xffffff45 fr.pc=0x000002491b6a4204 relative=0x0000000000000064
Event: 51.990 Thread 0x0000024909b557b0 Uncommon trap: reason=unstable_if action=reinterpret pc=0x000002491b6a4204 method=java.lang.StringConcatHelper.stringOf(Ljava/lang/Object;)Ljava/lang/String; @ 1 c2
Event: 51.990 Thread 0x0000024909b557b0 DEOPT PACKING pc=0x000002491b6a4204 sp=0x0000007bf97fa940
Event: 51.990 Thread 0x0000024909b557b0 DEOPT UNPACKING pc=0x000002491b0546a2 sp=0x0000007bf97fa8d0 mode 2
Event: 56.180 Thread 0x0000024909b557b0 Uncommon trap: trap_request=0xffffff45 fr.pc=0x000002491b677350 relative=0x0000000000004dd0
Event: 56.180 Thread 0x0000024909b557b0 Uncommon trap: reason=unstable_if action=reinterpret pc=0x000002491b677350 method=jdk.internal.org.objectweb.asm.Type.getTypeInternal(Ljava/lang/String;II)Ljdk/internal/org/objectweb/asm/Type; @ 5 c2
Event: 56.180 Thread 0x0000024909b557b0 DEOPT PACKING pc=0x000002491b677350 sp=0x0000007bf97f86a0
Event: 56.180 Thread 0x0000024909b557b0 DEOPT UNPACKING pc=0x000002491b0546a2 sp=0x0000007bf97f84c0 mode 2

Classes loaded (20 events):
Event: 50.085 Loading class sun/reflect/generics/repository/FieldRepository
Event: 50.086 Loading class sun/reflect/generics/repository/FieldRepository done
Event: 51.414 Loading class javax/naming/RefAddr
Event: 51.414 Loading class javax/naming/RefAddr done
Event: 51.415 Loading class javax/naming/StringRefAddr
Event: 51.415 Loading class javax/naming/StringRefAddr done
Event: 51.558 Loading class java/util/concurrent/CompletableFuture$AltResult
Event: 51.558 Loading class java/util/concurrent/CompletableFuture$AltResult done
Event: 51.559 Loading class java/util/concurrent/CompletableFuture$Completion
Event: 51.559 Loading class java/util/concurrent/CompletableFuture$AsynchronousCompletionTask
Event: 51.560 Loading class java/util/concurrent/CompletableFuture$AsynchronousCompletionTask done
Event: 51.560 Loading class java/util/concurrent/CompletableFuture$Completion done
Event: 51.740 Loading class java/util/WeakHashMap$EntrySet
Event: 51.741 Loading class java/util/WeakHashMap$EntrySet done
Event: 51.741 Loading class java/util/WeakHashMap$EntryIterator
Event: 51.741 Loading class java/util/WeakHashMap$HashIterator
Event: 51.742 Loading class java/util/WeakHashMap$HashIterator done
Event: 51.742 Loading class java/util/WeakHashMap$EntryIterator done
Event: 59.399 Loading class java/util/AbstractList$SubList
Event: 60.412 Loading class java/util/AbstractList$SubList done

Classes unloaded (0 events):
No events

Classes redefined (0 events):
No events

Internal exceptions (20 events):
Event: 34.013 Thread 0x0000024909b557b0 Exception <a 'java/lang/NoSuchMethodError'{0x00000000e38f7a38}: 'int java.lang.invoke.DirectMethodHandle$Holder.invokeSpecial(java.lang.Object, java.lang.Object, java.lang.Object, int)'> (0x00000000e38f7a38) 
thrown [s\open\src\hotspot\share\interpreter\linkResolver.cpp, line 773]
Event: 34.023 Thread 0x0000024909b557b0 Exception <a 'java/lang/NoSuchMethodError'{0x00000000e370a3b0}: 'java.lang.Object java.lang.invoke.DirectMethodHandle$Holder.invokeStatic(java.lang.Object, java.lang.Object, java.lang.Object, java.lang.Object, int)'> (0x00000000e370a3b0) 
thrown [s\open\src\hotspot\share\interpreter\linkResolver.cpp, line 773]
Event: 34.027 Thread 0x0000024909b557b0 Exception <a 'java/lang/NoSuchMethodError'{0x00000000e3711da0}: 'void java.lang.invoke.DelegatingMethodHandle$Holder.reinvoke_L(java.lang.Object, java.lang.Object, int)'> (0x00000000e3711da0) 
thrown [s\open\src\hotspot\share\interpreter\linkResolver.cpp, line 773]
Event: 34.991 Thread 0x0000024909b557b0 Exception <a 'java/lang/IncompatibleClassChangeError'{0x00000000e3ab3de0}: Found class java.lang.Object, but interface was expected> (0x00000000e3ab3de0) 
thrown [s\open\src\hotspot\share\interpreter\linkResolver.cpp, line 840]
Event: 35.819 Thread 0x0000024909b557b0 Implicit null exception at 0x000002491b728bda to 0x000002491b728c88
Event: 36.321 Thread 0x0000024909b557b0 Exception <a 'java/lang/NoSuchMethodError'{0x00000000e33cc550}: 'java.lang.Object java.lang.invoke.DirectMethodHandle$Holder.invokeSpecialIFC(java.lang.Object, java.lang.Object, java.lang.Object)'> (0x00000000e33cc550) 
thrown [s\open\src\hotspot\share\interpreter\linkResolver.cpp, line 773]
Event: 36.662 Thread 0x0000024909b557b0 Exception <a 'java/lang/NoSuchMethodError'{0x00000000e32e4f90}: 'java.lang.Object java.lang.invoke.DirectMethodHandle$Holder.invokeVirtual(java.lang.Object, java.lang.Object, java.lang.Object, java.lang.Object, java.lang.Object)'> (0x00000000e32e4f90) 
thrown [s\open\src\hotspot\share\interpreter\linkResolver.cpp, line 773]
Event: 36.802 Thread 0x0000024909b557b0 Exception <a 'java/lang/NoSuchMethodError'{0x00000000e3149c28}: 'void java.lang.invoke.DirectMethodHandle$Holder.invokeVirtual(java.lang.Object, java.lang.Object, long)'> (0x00000000e3149c28) 
thrown [s\open\src\hotspot\share\interpreter\linkResolver.cpp, line 773]
Event: 37.010 Thread 0x0000024909b557b0 Exception <a 'java/lang/NoSuchMethodError'{0x00000000e307b3f0}: 'void java.lang.invoke.Invokers$Holder.invokeExact_MT(java.lang.Object, java.lang.Object, java.lang.Object, java.lang.Object)'> (0x00000000e307b3f0) 
thrown [s\open\src\hotspot\share\interpreter\linkResolver.cpp, line 773]
Event: 37.913 Thread 0x0000024909b557b0 Exception <a 'sun/nio/fs/WindowsException'{0x00000000e2dd2390}> (0x00000000e2dd2390) 
thrown [s\open\src\hotspot\share\prims\jni.cpp, line 520]
Event: 38.190 Thread 0x0000024909b557b0 Exception <a 'java/lang/NoSuchMethodError'{0x00000000e2ca2820}: 'void java.lang.invoke.DelegatingMethodHandle$Holder.reinvoke_L(java.lang.Object, java.lang.Object, java.lang.Object, java.lang.Object, int, java.lang.Object, java.lang.Object, java.lang.Object)'> (0x00000000e2ca2820) 
thrown [s\open\src\hotspot\share\interpreter\linkResolver.cpp, line 773]
Event: 49.181 Thread 0x0000024909b557b0 Exception <a 'java/lang/NoSuchMethodError'{0x00000000e228ddf8}: 'int java.lang.invoke.Invokers$Holder.invokeExact_MT(java.lang.Object, java.lang.Object)'> (0x00000000e228ddf8) 
thrown [s\open\src\hotspot\share\interpreter\linkResolver.cpp, line 773]
Event: 49.312 Thread 0x0000024909b557b0 Exception <a 'java/lang/NoSuchMethodError'{0x00000000e21cd640}: 'java.lang.Object java.lang.invoke.DirectMethodHandle$Holder.newInvokeSpecial(java.lang.Object, java.lang.Object, java.lang.Object, java.lang.Object, java.lang.Object, int, java.lang.Object)'> (0x00000000e21cd640) 
thrown [s\open\src\hotspot\share\interpreter\linkResolver.cpp, line 773]
Event: 49.741 Thread 0x0000024909b557b0 Exception <a 'java/lang/NoSuchMethodError'{0x00000000e37030c8}: 'java.lang.Object java.lang.invoke.DirectMethodHandle$Holder.newInvokeSpecial(java.lang.Object, java.lang.Object, java.lang.Object, int)'> (0x00000000e37030c8) 
thrown [s\open\src\hotspot\share\interpreter\linkResolver.cpp, line 773]
Event: 49.742 Thread 0x0000024909b557b0 Exception <a 'java/lang/NoSuchMethodError'{0x00000000e3707940}: 'java.lang.Object java.lang.invoke.DirectMethodHandle$Holder.invokeSpecial(java.lang.Object, java.lang.Object, java.lang.Object, java.lang.Object, int)'> (0x00000000e3707940) 
thrown [s\open\src\hotspot\share\interpreter\linkResolver.cpp, line 773]
Event: 49.743 Thread 0x0000024909b557b0 Exception <a 'java/lang/NoSuchMethodError'{0x00000000e370b898}: 'java.lang.Object java.lang.invoke.Invokers$Holder.linkToTargetMethod(java.lang.Object, java.lang.Object, int, java.lang.Object)'> (0x00000000e370b898) 
thrown [s\open\src\hotspot\share\interpreter\linkResolver.cpp, line 773]
Event: 50.221 Thread 0x0000024909b557b0 Exception <a 'java/lang/NoSuchMethodError'{0x00000000e3252ff8}: 'void java.lang.invoke.DirectMethodHandle$Holder.invokeSpecial(java.lang.Object, java.lang.Object, int, java.lang.Object)'> (0x00000000e3252ff8) 
thrown [s\open\src\hotspot\share\interpreter\linkResolver.cpp, line 773]
Event: 51.990 Thread 0x0000024909b557b0 Implicit null exception at 0x000002491b6a41ba to 0x000002491b6a41f4
Event: 52.027 Thread 0x0000024909b557b0 Exception <a 'java/lang/IncompatibleClassChangeError'{0x00000000e3608748}: Found class java.lang.Object, but interface was expected> (0x00000000e3608748) 
thrown [s\open\src\hotspot\share\interpreter\linkResolver.cpp, line 840]
Event: 52.108 Thread 0x0000024909b557b0 Exception <a 'java/lang/NoSuchMethodError'{0x00000000e36da280}: 'java.lang.Object java.lang.invoke.DirectMethodHandle$Holder.invokeStaticInit(java.lang.Object, java.lang.Object, int, java.lang.Object)'> (0x00000000e36da280) 
thrown [s\open\src\hotspot\share\interpreter\linkResolver.cpp, line 773]

ZGC Phase Switch (0 events):
No events

VM Operations (20 events):
Event: 55.946 Executing VM operation: Cleanup done
Event: 55.999 Executing VM operation: CollectForMetadataAllocation (Metadata GC Threshold)
Event: 56.012 Executing VM operation: CollectForMetadataAllocation (Metadata GC Threshold) done
Event: 56.064 Executing VM operation: G1PauseRemark
Event: 56.076 Executing VM operation: G1PauseRemark done
Event: 56.089 Executing VM operation: G1PauseCleanup
Event: 56.089 Executing VM operation: G1PauseCleanup done
Event: 56.166 Executing VM operation: HandshakeAllThreads (Deoptimize)
Event: 56.166 Executing VM operation: HandshakeAllThreads (Deoptimize) done
Event: 58.308 Executing VM operation: HandshakeAllThreads (Deoptimize)
Event: 58.308 Executing VM operation: HandshakeAllThreads (Deoptimize) done
Event: 59.323 Executing VM operation: Cleanup
Event: 59.323 Executing VM operation: Cleanup done
Event: 60.055 Executing VM operation: HandshakeAllThreads (HandshakeForDeflation)
Event: 60.428 Executing VM operation: HandshakeAllThreads (HandshakeForDeflation) done
Event: 60.428 Executing VM operation: Cleanup
Event: 60.428 Executing VM operation: Cleanup done
Event: 60.428 Executing VM operation: RendezvousGCThreads
Event: 60.428 Executing VM operation: RendezvousGCThreads done
Event: 61.442 Executing VM operation: Cleanup

Events (20 events):
Event: 56.073 Thread 0x000002492695a760 flushing nmethod 0x0000024913dae290
Event: 56.073 Thread 0x000002492695a760 flushing nmethod 0x0000024913fb6310
Event: 56.073 Thread 0x000002492695a760 flushing nmethod 0x0000024914032790
Event: 56.073 Thread 0x000002492695a760 flushing nmethod 0x000002491403c590
Event: 56.073 Thread 0x000002492695a760 flushing nmethod 0x000002491403ed10
Event: 56.073 Thread 0x000002492695a760 flushing nmethod 0x000002491408d610
Event: 56.073 Thread 0x000002492695a760 flushing nmethod 0x0000024914093310
Event: 56.073 Thread 0x000002492695a760 flushing nmethod 0x0000024914093710
Event: 56.073 Thread 0x000002492695a760 flushing nmethod 0x0000024914179790
Event: 56.073 Thread 0x000002492695a760 flushing nmethod 0x000002491417a790
Event: 56.073 Thread 0x000002492695a760 flushing nmethod 0x000002491417e990
Event: 56.073 Thread 0x000002492695a760 flushing nmethod 0x00000249141b6690
Event: 56.073 Thread 0x000002492695a760 flushing nmethod 0x0000024914238290
Event: 56.073 Thread 0x000002492695a760 flushing nmethod 0x000002491423c190
Event: 56.073 Thread 0x000002492695a760 flushing nmethod 0x0000024914241590
Event: 56.073 Thread 0x000002492695a760 flushing nmethod 0x0000024914263c10
Event: 56.073 Thread 0x000002492695a760 flushing nmethod 0x000002491426d410
Event: 56.073 Thread 0x000002492695a760 flushing nmethod 0x00000249142c2610
Event: 56.073 Thread 0x000002492695a760 flushing nmethod 0x00000249142c2c10
Event: 56.073 Thread 0x000002492695a760 flushing nmethod 0x00000249142fc610


Dynamic libraries:
0x00007ff7cee30000 - 0x00007ff7cee40000 	C:\Program Files\Java\jdk-21\bin\java.exe
0x00007ffa50860000 - 0x00007ffa50ac7000 	C:\WINDOWS\SYSTEM32\ntdll.dll
0x00007ffa4f890000 - 0x00007ffa4f959000 	C:\WINDOWS\System32\KERNEL32.DLL
0x00007ffa4dd80000 - 0x00007ffa4e171000 	C:\WINDOWS\System32\KERNELBASE.dll
0x00007ffa4e210000 - 0x00007ffa4e35b000 	C:\WINDOWS\System32\ucrtbase.dll
0x00007ffa3ebb0000 - 0x00007ffa3ebc9000 	C:\Program Files\Java\jdk-21\bin\jli.dll
0x00007ffa3eb90000 - 0x00007ffa3ebab000 	C:\Program Files\Java\jdk-21\bin\VCRUNTIME140.dll
0x00007ffa50270000 - 0x00007ffa5032b000 	C:\WINDOWS\System32\ADVAPI32.dll
0x00007ffa50330000 - 0x00007ffa503d9000 	C:\WINDOWS\System32\msvcrt.dll
0x00007ffa501c0000 - 0x00007ffa50267000 	C:\WINDOWS\System32\sechost.dll
0x00007ffa4f730000 - 0x00007ffa4f848000 	C:\WINDOWS\System32\RPCRT4.dll
0x00007ffa4edf0000 - 0x00007ffa4efb5000 	C:\WINDOWS\System32\USER32.dll
0x00007ffa4d2b0000 - 0x00007ffa4d2d7000 	C:\WINDOWS\System32\win32u.dll
0x00007ffa3c1b0000 - 0x00007ffa3c443000 	C:\WINDOWS\WinSxS\amd64_microsoft.windows.common-controls_6595b64144ccf1df_6.0.26100.8037_none_3e092faae333b53b\COMCTL32.dll
0x00007ffa4e610000 - 0x00007ffa4e63b000 	C:\WINDOWS\System32\GDI32.dll
0x00007ffa4e360000 - 0x00007ffa4e48b000 	C:\WINDOWS\System32\gdi32full.dll
0x00007ffa4db50000 - 0x00007ffa4dbf3000 	C:\WINDOWS\System32\msvcp_win.dll
0x00007ffa47130000 - 0x00007ffa4713b000 	C:\WINDOWS\SYSTEM32\VERSION.dll
0x00007ffa50080000 - 0x00007ffa500b1000 	C:\WINDOWS\System32\IMM32.DLL
0x00007ffa35fa0000 - 0x00007ffa35fac000 	C:\Program Files\Java\jdk-21\bin\vcruntime140_1.dll
0x00007ffa32ae0000 - 0x00007ffa32b6e000 	C:\Program Files\Java\jdk-21\bin\msvcp140.dll
0x00007ffa31dc0000 - 0x00007ffa32ad8000 	C:\Program Files\Java\jdk-21\bin\server\jvm.dll
0x00007ffa505a0000 - 0x00007ffa50614000 	C:\WINDOWS\System32\WS2_32.dll
0x00007ffa4cfc0000 - 0x00007ffa4d01e000 	C:\WINDOWS\SYSTEM32\POWRPROF.dll
0x00007ffa470f0000 - 0x00007ffa47125000 	C:\WINDOWS\SYSTEM32\WINMM.dll
0x00007ffa4cfa0000 - 0x00007ffa4cfb4000 	C:\WINDOWS\SYSTEM32\UMPDC.dll
0x00007ffa4beb0000 - 0x00007ffa4becb000 	C:\WINDOWS\SYSTEM32\kernel.appcore.dll
0x00007ffa35f90000 - 0x00007ffa35f9a000 	C:\Program Files\Java\jdk-21\bin\jimage.dll
0x00007ffa40aa0000 - 0x00007ffa40ce2000 	C:\WINDOWS\SYSTEM32\DBGHELP.DLL
0x00007ffa4e640000 - 0x00007ffa4e9c2000 	C:\WINDOWS\System32\combase.dll
0x00007ffa4e9d0000 - 0x00007ffa4eaa7000 	C:\WINDOWS\System32\OLEAUT32.dll
0x00007ffa3b280000 - 0x00007ffa3b2bb000 	C:\WINDOWS\SYSTEM32\dbgcore.DLL
0x00007ffa4d140000 - 0x00007ffa4d1e5000 	C:\WINDOWS\System32\bcryptPrimitives.dll
0x00007ffa33440000 - 0x00007ffa3345f000 	C:\Program Files\Java\jdk-21\bin\java.dll
0x00007ffa4efc0000 - 0x00007ffa4f71f000 	C:\WINDOWS\System32\SHELL32.dll
0x00007ffa4e490000 - 0x00007ffa4e5fa000 	C:\WINDOWS\System32\wintypes.dll
0x00007ffa4d2e0000 - 0x00007ffa4db44000 	C:\WINDOWS\System32\windows.storage.dll
0x00007ffa50720000 - 0x00007ffa50817000 	C:\WINDOWS\System32\SHCORE.dll
0x00007ffa4f960000 - 0x00007ffa4f9c7000 	C:\WINDOWS\System32\shlwapi.dll
0x00007ffa4d060000 - 0x00007ffa4d089000 	C:\WINDOWS\SYSTEM32\profapi.dll
0x00007ffa315b0000 - 0x00007ffa31687000 	C:\Program Files\Java\jdk-21\bin\jsvml.dll
0x00007ffa3afa0000 - 0x00007ffa3afb0000 	C:\Program Files\Java\jdk-21\bin\net.dll
0x00007ffa445e0000 - 0x00007ffa44707000 	C:\WINDOWS\SYSTEM32\WINHTTP.dll
0x00007ffa4c440000 - 0x00007ffa4c4ab000 	C:\WINDOWS\system32\mswsock.dll
0x00007ffa3afc0000 - 0x00007ffa3afd6000 	C:\Program Files\Java\jdk-21\bin\nio.dll
0x00007ffa3aef0000 - 0x00007ffa3af08000 	C:\Program Files\Java\jdk-21\bin\zip.dll
0x00007ffa41be0000 - 0x00007ffa41be9000 	C:\Program Files\Java\jdk-21\bin\extnet.dll
0x00007ffa3ecb0000 - 0x00007ffa3ecbe000 	C:\Program Files\Java\jdk-21\bin\sunmscapi.dll
0x00007ffa4dc00000 - 0x00007ffa4dd77000 	C:\WINDOWS\System32\CRYPT32.dll
0x00007ffa4c940000 - 0x00007ffa4c970000 	C:\WINDOWS\SYSTEM32\ncrypt.dll
0x00007ffa4c8f0000 - 0x00007ffa4c92f000 	C:\WINDOWS\SYSTEM32\NTASN1.dll
0x00007ffa3af90000 - 0x00007ffa3af98000 	C:\WINDOWS\system32\wshunix.dll
0x00007ffa4c720000 - 0x00007ffa4c73b000 	C:\WINDOWS\SYSTEM32\CRYPTSP.dll
0x00007ffa4be10000 - 0x00007ffa4be49000 	C:\WINDOWS\system32\rsaenh.dll
0x00007ffa4c4f0000 - 0x00007ffa4c522000 	C:\WINDOWS\SYSTEM32\USERENV.dll
0x00007ffa4d030000 - 0x00007ffa4d05a000 	C:\WINDOWS\SYSTEM32\bcrypt.dll
0x00007ffa4c740000 - 0x00007ffa4c74c000 	C:\WINDOWS\SYSTEM32\CRYPTBASE.dll
0x00007ffa4b8e0000 - 0x00007ffa4b913000 	C:\WINDOWS\SYSTEM32\IPHLPAPI.DLL
0x00007ffa50590000 - 0x00007ffa5059a000 	C:\WINDOWS\System32\NSI.dll
0x00007ffa3fc70000 - 0x00007ffa3fc80000 	C:\Program Files\Java\jdk-21\bin\verify.dll

dbghelp: loaded successfully - version: 4.0.5 - missing functions: none
symbol engine: initialized successfully - sym options: 0x614 - pdb path: .;C:\Program Files\Java\jdk-21\bin;C:\WINDOWS\SYSTEM32;C:\WINDOWS\WinSxS\amd64_microsoft.windows.common-controls_6595b64144ccf1df_6.0.26100.8037_none_3e092faae333b53b;C:\Program Files\Java\jdk-21\bin\server

VM Arguments:
jvm_args: -Dorg.gradle.internal.worker.tmpdir=C:\Users\asus\Desktop\projet_benazouz\projet - Copie\build\tmp\test\work -Xmx512m -Dfile.encoding=UTF-8 -Duser.country=FR -Duser.language=fr -Duser.variant -ea 
java_command: worker.org.gradle.process.internal.worker.GradleWorkerMain 'Gradle Test Executor 3'
java_class_path (initial): C:\Users\asus\.gradle\caches\9.3.0\workerMain\gradle-worker.jar;C:\Users\asus\Desktop\projet_benazouz\projet - Copie\build\classes\java\test;C:\Users\asus\Desktop\projet_benazouz\projet - Copie\build\classes\java\main;C:\Users\asus\Desktop\projet_benazouz\projet - Copie\build\resources\main;C:\Users\asus\.gradle\caches\modules-2\files-2.1\org.springframework.boot\spring-boot-starter-data-jpa\4.0.2\9a0d38da3839a394509639490e6b9a359bfafdd6\spring-boot-starter-data-jpa-4.0.2.jar;C:\Users\asus\.gradle\caches\modules-2\files-2.1\org.springframework.boot\spring-boot-starter-security\4.0.2\a97d41ff391b6f55cba01d88234a61769f18e245\spring-boot-starter-security-4.0.2.jar;C:\Users\asus\.gradle\caches\modules-2\files-2.1\org.springframework.boot\spring-boot-starter-validation\4.0.2\f4f23a7ac8485d50ef613a2b06812fd0f43ee083\spring-boot-starter-validation-4.0.2.jar;C:\Users\asus\.gradle\caches\modules-2\files-2.1\org.springframework.boot\spring-boot-starter-test\4.0.2\7db044eeb1b61de514df1d129ab56e23cae4c08f\spring-boot-starter-test-4.0.2.jar;C:\Users\asus\.gradle\caches\modules-2\files-2.1\org.springframework.boot\spring-boot-starter-jdbc\4.0.2\efd302be4a4649886d65264cb919b124ade91d8f\spring-boot-starter-jdbc-4.0.2.jar;C:\Users\asus\.gradle\caches\modules-2\files-2.1\org.springframework.boot\spring-boot-starter-web\4.0.2\f4d2d262fd44b65469a1eb1e16717fb7680b16d9\spring-boot-starter-web-4.0.2.jar;C:\Users\asus\.gradle\caches\modules-2\files-2.1\org.springframework.boot\spring-boot-starter-jackson\4.0.2\9e75c7cb0b8ea189acb51cd2d2f25a165746b82b\spring-boot-starter-jackson-4.0.2.jar;C:\Users\asus\.gradle\caches\modules-2\files-2.1\org.springframework.boot\spring-boot-starter-tomcat\4.0.2\fbe3d2c53b91570c1570e3a6150df6373aa2aa93\spring-boot-starter-tomcat-4.0.2.jar;C:\Users\asus\.gradle\caches\modules-2\files-2.1\org.springframework.boot\spring-boot-starter\4.0.2\d31987d4c1f6af48db2a53605829780365354e85\spring-boot-starter-4.0.2.jar;C:\Users\asus\.gradle\caches\modules-2\files-2.1\io.jsonwebtoken\jjwt-impl\0.12.3\e850d2b3f53bd82355cd9ee1c471054aa602b320\jjwt-impl-0.12.3.jar;C:\Users\asus\.gradle\caches\modules-2\files-2.1\io.jsonwebtoken\jjwt-jackson\0.12.3\5e6d0e45441547d892d3273a4ce5dd042e91d162\jjwt-jackson-0.12.3.jar;C:\Users\asus\.gradle\caches\modules-2\files-2.1\io.jsonwebtoken\jjwt-api\0.12.3\30b7de9176d17fa347eef14b85480825dab76b58\jjwt-api-0.12.3.jar;C:\Users\asus\.gradle\caches\modules-2\files-2.1\com.mysql\mysql-connector-j\9.5.0\64153d7488bbf25c040f3b0f004177bc05b36b22\mysql-connector-j-9.5.0.jar;C:\Users\asus\.gradle\caches\modules-2\files-2.1\org.springframework.security\spring-security-test\7.0.2\9dd3125c328c046fc68f322e82ef26b9107739e\spring-security-test-7.0.2.jar;C:\Users\asus\.gradle\caches\modules-2\files-2.1\org.junit.jupiter\junit-jupiter\6.0.2\4178f527c0925fd5f5bc4995d226535f0a05abde\junit-jupiter-6.0.2.jar;C:\Users\asus\.gradle\caches\modules-2\files-2.1\org.junit.jupiter\junit-jupiter-engine\6.0.2\d2beca8e9e15c7f11898ce6f368450f95f2d3d94\junit-jupiter-engine-6.0.2.jar;C:\Users\asus\.gradle\caches\modules-2\files-2.1\org.junit.platform\junit-platform-engine\6.0.2\d652eea045999c54c5edc4fbf04e4612f9bf1421\junit-platform-engine-6.0.2.jar;C:\Users\asus\.gradle\caches\modules-2\files-2.1\org.mockito\mockito-junit-jupiter\5.20.0\58ed6603af5f8f53886d49be00264a3fdd1278d5\mockito-junit-jupiter-5.20.0.jar;C:\Users\asus\.gradle\caches\modules-2\files-2.1\org.junit.jupiter\junit-jupiter-params\6.0.2\960b882fd207c962066024b251699f2ca269dfac\junit-jupiter-params-6.0.2.jar;C:\Users\asus\.gradle\caches\modules-2\files-2.1\org.junit.jupiter\junit-jupiter-api\6.0.2\dc0f97bba32fe8c18c53b7435f16c497650725ba\junit-jupiter-api-6.0.2.jar;C:\Users\asus\.gradle\caches\modules-2\files-2.1\org.junit.platform\junit-platform-commons\6.0.2\8362b066c5ffd81ce59154f988e3a91f4a5578af\junit-platform-commons-6.0.2.jar;C:\Users\asus\.gradle\caches\modules-2\files-2.1\org.junit.platform\junit-platform-launcher\6.0.2\5e3a4f00d15162299a901bb3b1c1c328d580f046\junit-platform-launcher-6.0.2.jar;C:\Users\asus\.gradle\caches\modules-2\files-2.1\org.springframework.boot\spring-boot-starter-logging\4.0.2\96f2e505eb788327b3b170bf965427eecb0717f\spring-boot-starter-logging-4.0.2.jar;C:\Users\asus\.gradle\caches\modules-2\files-2.1\org.springframework.boot\spring-boot-autoconfigure\4.0.2\ce065b8656d0d5cdf845f1d03244f7199af806e8\spring-boot-autoconfigure-4.0.2.jar;C:\Users\asus\.gradle\caches\modules-2\files-2.1\org.springframework.boot\spring-boot-data-jpa\4.0.2\9764a8f9597078e4d1a04ee9cb7622ce5ef7ebf7\spring-boot-data-jpa-4.0.2.jar;C:\Users\asus\.gradle\caches\modules-2\files-2.1\org.springframework.data\spring-data-jpa\4.0.2\e59f0e479f49b4754b6c1cbb845534978fe2893c\spring-data-jpa-4.0.2.jar;C:\Users\asus\.gradle\caches\modules-2\files-2.1\org.springframework.boot\spring-boot-starter-tomcat-runtime\4.0.2\1721a88cfff65f7589b8078fa83722da787112a0\spring-boot-starter-tomcat-runtime-4.0.2.jar;C:\Users\asus\.gradle\caches\modules-2\files-2.1\org.springframework.boot\spring-boot-tomcat\4.0.2\11d5828b1a9efb6e256f145b1107cc46b64d41a\spring-boot-tomcat-4.0.2.jar;C:\Users\asus\.gradle\caches\modules-2\files-2.1\jakarta.annotation\jakarta.annotation-api\3.0.0\54f928fadec906a99d558536756d171917b9d936\jakarta.annotation-api-3.0.0.jar;C:\Users\asus\.gradle\caches\modules-2\files-2.1\org.yaml\snakeyaml\2.5\2d53ddec134280cb384c1e35d094e5f71c1f2316\snakeyaml-2.5.jar;C:\Users\asus\.gradle\caches\modules-2\files-2.1\org.springframework.boot\spring-boot-hibernate\4.0.2\f0d9e86181d0309e8fc0a691ff7ebc002f44044c\spring-boot-hibernate-4.0.2.jar;C:\Users\asus\.gradle\caches\modules-2\files-2.1\org.springframework.boot\spring-boot-jpa\4.0.2\8d720db0abba952808748f4e6afee8b36932e1ac\spring-boot-jpa-4.0.2.jar;C:\Users\asus\.gradle\caches\modules-2\files-2.1\org.springframework.boot\spring-boot-jdbc\4.0.2\7943e2876d6c214eefb13d4fa4af806d5efc4204\spring-boot-jdbc-4.0.2.jar;C:\Users\asus\.gradle\caches\modules-2\files-2.1\org.springframework.boot\spring-boot-webmvc\4.0.2\38e00eed171a003cd00ca1f55a453e0cc8c5529e\spring-boot-webmvc-4.0.2.jar;C:\Users\asus\.gradle\caches\modules-2\files-2.1\org.springframework.boot\spring-boot-http-converter\4.0.2\672071db26ae74b433505a3d52e45cf6effcff70\spring-boot-http-converter-4.0.2.jar;C:\Users\asus\.gradle\caches\modules-2\files-2.1\org.springframework.boot\spring-boot-security\4.0.2\8ff521bd19eb12588cde547150ca1a26c6a98db4\spring-boot-security-4.0.2.jar;C:\Users\asus\.gradle\caches\modules-2\files-2.1\org.springframework.security\spring-security-web\7.0.2\8d55b2164a866d932031b77ce21fed35a4a3bfe0\spring-security-web-7.0.2.jar;C:\Users\asus\.gradle\caches\modules-2\files-2.1\org.springframework.security\spring-security-config\7.0.2\d15ffd7762c07248e43ee153e27362e89ff8c6b4\spring-security-config-7.0.2.jar;C:\Users\asus\.gradle\caches\modules-2\files-2.1\org.springframework.security\spring-security-core\7.0.2\40317c3763917b061b912bd381bf8016e38eebde\spring-security-core-7.0.2.jar;C:\Users\asus\.gradle\caches\modules-2\files-2.1\org.springframework\spring-webmvc\7.0.3\8ceb3c7d21b317e87be72c0ba61fcab46b992b29\spring-webmvc-7.0.3.jar;C:\Users\asus\.gradle\caches\modules-2\files-2.1\org.springframework.boot\spring-boot-validation\4.0.2\f10acba71e076b3d3606ef334fe8d55de107cd2a\spring-boot-validation-4.0.2.jar;C:\Users\asus\.gradle\caches\modules-2\files-2.1\org.springframework.boot\spring-boot-test-autoconfigure\4.0.2\5d54635e17fe634f17684bec118a9d22325e6111\spring-boot-test-autoconfigure-4.0.2.jar;C:\Users\asus\.gradle\caches\modules-2\files-2.1\org.springframework.boot\spring-boot-test\4.0.2\bd0fea465cd9763ab0dc78cd622a581e1e24c038\spring-boot-test-4.0.2.jar;C:\Users\asus\.gradle\caches\modules-2\files-2.1\org.springframework.boot\spring-boot-data-commons\4.0.2\6d3335e2fe45e4b97eb4f43440643e109e3b5cf9\spring-boot-data-commons-4.0.2.jar;C:\Users\asus\.gradle\caches\modules-2\files-2.1\org.springframework.boot\spring-boot-sql\4.0.2\4261e51e004e30c1665aea02d6bc25f980954045\spring-boot-sql-4.0.2.jar;C:\Users\asus\.gradle\caches\modules-2\files-2.1\org.springframework.boot\spring-boot-transaction\4.0.2\44419ec1117ee2b0309bb904ccb26a285162e888\spring-boot-transaction-4.0.2.jar;C:\Users\asus\.gradle\caches\modules-2\files-2.1\org.springframework.boot\spring-boot-jackson\4.0.2\549b2611516613132380ba746326cf2222474c77\spring-boot-jackson-4.0.2.jar;C:\Users\asus\.gradle\caches\modules-2\files-2.1\org.springframework.boot\spring-boot-servlet\4.0.2\5cc904d6830095195c1d72b9425c670f45c9aaad\spring-boot-servlet-4.0.2.jar;C:\Users\asus\.gradle\caches\modules-2\files-2.1\org.springframework.boot\spring-boot-persistence\4.0.2\2a208820229627230468e49f2742fa990e1319b1\spring-boot-persistence-4.0.2.jar;C:\Users\asus\.gradle\caches\modules-2\files-2.1\org.springframework.boot\spring-boot-web-server\4.0.2\1cfc0adecf312f1d94a837d7a3adabe9ae8b5594\spring-boot-web-server-4.0.2.jar;C:\Users\asus\.gradle\caches\modules-2\files-2.1\org.springframework.boot\spring-boot\4.0.2\577e8d07510cf827be02b0dcd080356978b11616\spring-boot-4.0.2.jar;C:\Users\asus\.gradle\caches\modules-2\files-2.1\org.springframework\spring-context\7.0.3\cea94cbc6244f0b4632cb4bb7608a1e4fab8afea\spring-context-7.0.3.jar;C:\Users\asus\.gradle\caches\modules-2\files-2.1\org.springframework\spring-aop\7.0.3\b5eb117b9e8a84075a3db6e7e52ef2bc7b54163f\spring-aop-7.0.3.jar;C:\Users\asus\.gradle\caches\modules-2\files-2.1\com.fasterxml.jackson.core\jackson-core\2.20.2\615d3bd6d47b569e93d2ad45423f93ca9b002d73\jackson-core-2.20.2.jar;C:\Users\asus\.gradle\caches\modules-2\files-2.1\com.fasterxml.jackson.core\jackson-databind\2.20.2\257229ed4142d1b01a46b71105fd016e9cf7063e\jackson-databind-2.20.2.jar;C:\Users\asus\.gradle\caches\modules-2\files-2.1\com.jayway.jsonpath\json-path\2.10.0\e1a0b2e6db75401181c9c1c64c6d155ca5c6d608\json-path-2.10.0.jar;C:\Users\asus\.gradle\caches\modules-2\files-2.1\org.hibernate.orm\hibernate-core\7.2.1.Final\f51fc8e618bce4aeab0e848e84e6fa4e22a2cb64\hibernate-core-7.2.1.Final.jar;C:\Users\asus\.gradle\caches\modules-2\files-2.1\org.glassfish.jaxb\jaxb-runtime\4.0.6\fb95ebb62564657b2fedfe165b859789ef3a8711\jaxb-runtime-4.0.6.jar;C:\Users\asus\.gradle\caches\modules-2\files-2.1\org.glassfish.jaxb\jaxb-core\4.0.6\8e61282303777fc98a00cc3affd0560d68748a75\jaxb-core-4.0.6.jar;C:\Users\asus\.gradle\caches\modules-2\files-2.1\jakarta.xml.bind\jakarta.xml.bind-api\4.0.4\d6d2327f3817d9a33a3b6b8f2e15a96bc2e7afdc\jakarta.xml.bind-api-4.0.4.jar;C:\Users\asus\.gradle\caches\modules-2\files-2.1\net.minidev\json-smart\2.6.0\5f858a43a325a8673da6869ab2bc787a1bcb2244\json-smart-2.6.0.jar;C:\Users\asus\.gradle\caches\modules-2\files-2.1\org.assertj\assertj-core\3.27.6\8f34ccd6808899ad1d0aac6a770b73191f2f2a53\assertj-core-3.27.6.jar;C:\Users\asus\.gradle\caches\modules-2\files-2.1\org.awaitility\awaitility\4.3.0\f0c0bc1e404e500bab3f498b922eaedeae1c0207\awaitility-4.3.0.jar;C:\Users\asus\.gradle\caches\modules-2\files-2.1\org.hamcrest\hamcrest\3.0\8fd9b78a8e6a6510a078a9e30e9e86a6035cfaf7\hamcrest-3.0.jar;C:\Users\asus\.gradle\caches\modules-2\files-2.1\org.mockito\mockito-core\5.20.0\a32f446f38acf636363c5693db6498047731b9e0\mockito-core-5.20.0.jar;C:\Users\asus\.gradle\caches\modules-2\files-2.1\org.skyscreamer\jsonassert\1.5.3\aaa43e0823d2a0e106e8754d6a9c4ab24e05e9bc\jsonassert-1.5.3.jar;C:\Users\asus\.gradle\caches\modules-2\files-2.1\org.springframework\spring-test\7.0.3\1dca5b5694c352f0fc11a5f33a568e1017d06119\spring-test-7.0.3.jar;C:\Users\asus\.gradle\caches\modules-2\files-2.1\org.springframework\spring-orm\7.0.3\e082a6e2548b3dbd918d4d8ee67572a330087aa1\spring-orm-7.0.3.jar;C:\Users\asus\.gradle\caches\modules-2\files-2.1\org.springframework\spring-jdbc\7.0.3\2027c81e12ec380ece0148b7afb59ce11b6762a6\spring-jdbc-7.0.3.jar;C:\Users\asus\.gradle\caches\modules-2\files-2.1\org.springframework\spring-web\7.0.3\3bcdb4075e17a56b148f69fe0d83a4c0662d9258\spring-web-7.0.3.jar;C:\Users\asus\.gradle\caches\modules-2\files-2.1\org.springframework.data\spring-data-commons\4.0.2\833a27ea75a6b41786f7dc959fea24c00bfc46fd\spring-data-commons-4.0.2.jar;C:\Users\asus\.gradle\caches\modules-2\files-2.1\org.springframework\spring-tx\7.0.3\20da860c4c795f5c9f5dd1f3b2dbc4518cd724a6\spring-tx-7.0.3.jar;C:\Users\asus\.gradle\caches\modules-2\files-2.1\org.springframework\spring-beans\7.0.3\b3b43093088fe139d78643bcfe8ee9374a0dd892\spring-beans-7.0.3.jar;C:\Users\asus\.gradle\caches\modules-2\files-2.1\org.springframework\spring-expression\7.0.3\3fbdf8dc6a84d1f2c43c48c97e8220f29fab19d6\spring-expression-7.0.3.jar;C:\Users\asus\.gradle\caches\modules-2\files-2.1\org.springframework\spring-core\7.0.3\2072a89e347c63567a83349eb5908131ce6ea601\spring-core-7.0.3.jar;C:\Users\asus\.gradle\caches\modules-2\files-2.1\org.xmlunit\xmlunit-core\2.10.4\eff1eddcdb52fdeaa7e28ca68301db49361d8bec\xmlunit-core-2.10.4.jar;C:\Users\asus\.gradle\caches\modules-2\files-2.1\ch.qos.logback\logback-classic\1.5.25\20c4bbe98fb58f50ee1ca6befd7e7731f13a19d3\logback-classic-1.5.25.jar;C:\Users\asus\.gradle\caches\modules-2\files-2.1\org.apache.logging.log4j\log4j-to-slf4j\2.25.3\30adfb40cca243ec88cf7ec1fddb411ab55faa4f\log4j-to-slf4j-2.25.3.jar;C:\Users\asus\.gradle\caches\modules-2\files-2.1\org.slf4j\jul-to-slf4j\2.0.17\524cb6ccc2b68a57604750e1ab8b13b5a786a6aa\jul-to-slf4j-2.0.17.jar;C:\Users\asus\.gradle\caches\modules-2\files-2.1\com.zaxxer\HikariCP\7.0.2\c2b43c946b86a14a96342379e22b004c56c6166d\HikariCP-7.0.2.jar;C:\Users\asus\.gradle\caches\modules-2\files-2.1\org.springframework\spring-aspects\7.0.3\f457f2a458f24ce92abc8f9874e975e301c995e\spring-aspects-7.0.3.jar;C:\Users\asus\.gradle\caches\modules-2\files-2.1\org.apache.tomcat.embed\tomcat-embed-el\11.0.15\f20bc5f17baa18abeca76a640ad774d6f80a265b\tomcat-embed-el-11.0.15.jar;C:\Users\asus\.gradle\caches\modules-2\files-2.1\org.hibernate.validator\hibernate-validator\9.0.1.Final\28c0e41ecc84d1f0b8b6d81d16e0784e63364e68\hibernate-validator-9.0.1.Final.jar;C:\Users\asus\.gradle\caches\modules-2\files-2.1\tools.jackson.core\jackson-core\3.0.4\c5be0f5814e161030c29fc48b92c27331729ab7f\jackson-core-3.0.4.jar;C:\Users\asus\.gradle\caches\modules-2\files-2.1\tools.jackson.core\jackson-databind\3.0.4\b5f818b0b9c79d344aede4b87064cc0e323f9ef2\jackson-databind-3.0.4.jar;C:\Users\asus\.gradle\caches\modules-2\files-2.1\com.fasterxml.jackson.core\jackson-annotations\2.20\6a5e7291ea3f2b590a7ce400adb7b3aea4d7e12c\jackson-annotations-2.20.jar;C:\Users\asus\.gradle\caches\modules-2\files-2.1\org.slf4j\slf4j-api\2.0.17\d9e58ac9c7779ba3bf8142aff6c830617a7fe60f\slf4j-api-2.0.17.jar;C:\Users\asus\.gradle\caches\modules-2\files-2.1\org.eclipse.angus\angus-activation\2.0.3\7f80607ea5014fef0b1779e6c33d63a88a45a563\angus-activation-2.0.3.jar;C:\Users\asus\.gradle\caches\modules-2\files-2.1\jakarta.activation\jakarta.activation-api\2.1.4\9e5c2a0d75dde71a0bedc4dbdbe47b78a5dc50f8\jakarta.activation-api-2.1.4.jar;C:\Users\asus\.gradle\caches\modules-2\files-2.1\net.minidev\accessors-smart\2.6.0\2d96f1d9b6ab7f13261aa81b15703574185747a0\accessors-smart-2.6.0.jar;C:\Users\asus\.gradle\caches\modules-2\files-2.1\net.bytebuddy\byte-buddy\1.17.8\af5735f63d00ca47a9375fae5c7471a36331c6ed\byte-buddy-1.17.8.jar;C:\Users\asus\.gradle\caches\modules-2\files-2.1\net.bytebuddy\byte-buddy-agent\1.17.8\f09415827a71be7ed621c7bd02550678f28bc81c\byte-buddy-agent-1.17.8.jar;C:\Users\asus\.gradle\caches\modules-2\files-2.1\org.objenesis\objenesis\3.3\1049c09f1de4331e8193e579448d0916d75b7631\objenesis-3.3.jar;C:\Users\asus\.gradle\caches\modules-2\files-2.1\com.vaadin.external.google\android-json\0.0.20131108.vaadin1\fa26d351fe62a6a17f5cda1287c1c6110dec413f\android-json-0.0.20131108.vaadin1.jar;C:\Users\asus\.gradle\caches\modules-2\files-2.1\commons-logging\commons-logging\1.3.5\a3fcc5d3c29b2b03433aa2d2f2d2c1b1638924a1\commons-logging-1.3.5.jar;C:\Users\asus\.gradle\caches\modules-2\files-2.1\io.micrometer\micrometer-observation\1.16.2\c076389e612fe3702628527c21a13743acafddfc\micrometer-observation-1.16.2.jar;C:\Users\asus\.gradle\caches\modules-2\files-2.1\io.micrometer\micrometer-commons\1.16.2\58670637cb6e0c5fc855950fed827149779da226\micrometer-commons-1.16.2.jar;C:\Users\asus\.gradle\caches\modules-2\files-2.1\org.jspecify\jspecify\1.0.0\7425a601c1c7ec76645a78d22b8c6a627edee507\jspecify-1.0.0.jar;C:\Users\asus\.gradle\caches\modules-2\files-2.1\org.springframework.security\spring-security-crypto\7.0.2\8cec3433f111e21d6349a9788a1efcf547b8db03\spring-security-crypto-7.0.2.jar;C:\Users\asus\.gradle\caches\modules-2\files-2.1\org.opentest4j\opentest4j\1.3.0\152ea56b3a72f655d4fd677fc0ef2596c3dd5e6e\opentest4j-1.3.0.jar;C:\Users\asus\.gradle\caches\modules-2\files-2.1\ch.qos.logback\logback-core\1.5.25\137f4ae0af7acaa0f9600a2ca18ddc9f3a0b899b\logback-core-1.5.25.jar;C:\Users\asus\.gradle\caches\modules-2\files-2.1\org.apache.logging.log4j\log4j-api\2.25.3\fb385330d89c2d61058ef649403f214633569205\log4j-api-2.25.3.jar;C:\Users\asus\.gradle\caches\modules-2\files-2.1\org.antlr\antlr4-runtime\4.13.2\fc3db6d844df652a3d5db31c87fa12757f13691d\antlr4-runtime-4.13.2.jar;C:\Users\asus\.gradle\caches\modules-2\files-2.1\org.aspectj\aspectjweaver\1.9.25.1\a713c790da4d794c7dfb542b550d4e44898d5e23\aspectjweaver-1.9.25.1.jar;C:\Users\asus\.gradle\caches\modules-2\files-2.1\org.apache.tomcat.embed\tomcat-embed-websocket\11.0.15\4c0eced7d97fe8404c722d5ff02757a05a6d5033\tomcat-embed-websocket-11.0.15.jar;C:\Users\asus\.gradle\caches\modules-2\files-2.1\org.apache.tomcat.embed\tomcat-embed-core\11.0.15\aa20506537e3efa61afd6b57d79f9da6a55f37ae\tomcat-embed-core-11.0.15.jar;C:\Users\asus\.gradle\caches\modules-2\files-2.1\jakarta.validation\jakarta.validation-api\3.1.1\ec8622148afc5564235d17af80ea80288d0e7f92\jakarta.validation-api-3.1.1.jar;C:\Users\asus\.gradle\caches\modules-2\files-2.1\org.hibernate.models\hibernate-models\1.0.1\3158c5f9309494b905de62c72f6f02d108aea651\hibernate-models-1.0.1.jar;C:\Users\asus\.gradle\caches\modules-2\files-2.1\org.jboss.logging\jboss-logging\3.6.1.Final\886afbb445b4016a37c8960a7aef6ebd769ce7e5\jboss-logging-3.6.1.Final.jar;C:\Users\asus\.gradle\caches\modules-2\files-2.1\com.fasterxml\classmate\1.7.3\f61c7e7b81e9249b0f6a05914eff9d54fb09f4a0\classmate-1.7.3.jar;C:\Users\asus\.gradle\caches\modules-2\files-2.1\org.ow2.asm\asm\9.7.1\f0ed132a49244b042cd0e15702ab9f2ce3cc8436\asm-9.7.1.jar;C:\Users\asus\.gradle\caches\modules-2\files-2.1\jakarta.persistence\jakarta.persistence-api\3.2.0\bb75a113f3fa191c2c7ee7b206d8e674251b3129\jakarta.persistence-api-3.2.0.jar;C:\Users\asus\.gradle\caches\modules-2\files-2.1\jakarta.transaction\jakarta.transaction-api\2.0.1\51a520e3fae406abb84e2e1148e6746ce3f80a1a\jakarta.transaction-api-2.0.1.jar;C:\Users\asus\.gradle\caches\modules-2\files-2.1\jakarta.inject\jakarta.inject-api\2.0.1\4c28afe1991a941d7702fe1362c365f0a8641d1e\jakarta.inject-api-2.0.1.jar;C:\Users\asus\.gradle\caches\modules-2\files-2.1\org.glassfish.jaxb\txw2\4.0.6\4f4cd53b5ff9a2c5aa1211f15ed2569c57dfb044\txw2-4.0.6.jar;C:\Users\asus\.gradle\caches\modules-2\files-2.1\com.sun.istack\istack-commons-runtime\4.1.2\18ec117c85f3ba0ac65409136afa8e42bc74e739\istack-commons-runtime-4.1.2.jar
Launcher Type: SUN_STANDARD

[Global flags]
     intx CICompilerCount                          = 4                                         {product} {ergonomic}
     uint ConcGCThreads                            = 2                                         {product} {ergonomic}
     uint G1ConcRefinementThreads                  = 8                                         {product} {ergonomic}
   size_t G1HeapRegionSize                         = 1048576                                   {product} {ergonomic}
    uintx GCDrainStackTargetSize                   = 64                                        {product} {ergonomic}
   size_t InitialHeapSize                          = 100663296                                 {product} {ergonomic}
   size_t MarkStackSize                            = 4194304                                   {product} {ergonomic}
   size_t MaxHeapSize                              = 536870912                                 {product} {command line}
   size_t MaxNewSize                               = 321912832                                 {product} {ergonomic}
   size_t MinHeapDeltaBytes                        = 1048576                                   {product} {ergonomic}
   size_t MinHeapSize                              = 8388608                                   {product} {ergonomic}
    uintx NonNMethodCodeHeapSize                   = 5839372                                {pd product} {ergonomic}
    uintx NonProfiledCodeHeapSize                  = 122909434                              {pd product} {ergonomic}
    uintx ProfiledCodeHeapSize                     = 122909434                              {pd product} {ergonomic}
    uintx ReservedCodeCacheSize                    = 251658240                              {pd product} {ergonomic}
     bool SegmentedCodeCache                       = true                                      {product} {ergonomic}
   size_t SoftMaxHeapSize                          = 536870912                              {manageable} {ergonomic}
     bool UseCompressedOops                        = true                           {product lp64_product} {ergonomic}
     bool UseG1GC                                  = true                                      {product} {ergonomic}
     bool UseLargePagesIndividualAllocation        = false                                  {pd product} {ergonomic}

Logging:
Log output configuration:
 #0: stdout all=warning uptime,level,tags foldmultilines=false
 #1: stderr all=off uptime,level,tags foldmultilines=false

Environment Variables:
JAVA_HOME=C:\Program Files\Java\jdk-21.
PATH=C:\Program Files\Common Files\Oracle\Java\javapath;C:\WINDOWS\system32;C:\WINDOWS;C:\WINDOWS\System32\Wbem;C:\WINDOWS\System32\WindowsPowerShell\v1.0\;C:\WINDOWS\System32\OpenSSH\;C:\Program Files\TortoiseGit\bin;C:\Program Files\Git\cmd;C:\Program Files\nodejs\;C:\Program Files\Go\bin;C:\Program Files\MongoDB\Server\8.0\bin;C:\Users\asus\Downloads\gradle-8.13-bin\gradle-8.13\bin;;C:\Program Files\Docker\Docker\resources\bin;C:\Users\asus\anaconda3;C:\Users\asus\anaconda3\Library\mingw-w64\bin;C:\Users\asus\anaconda3\Library\usr\bin;C:\Users\asus\anaconda3\Library\bin;C:\Users\asus\anaconda3\Scripts;C:\Users\asus\AppData\Local\Programs\Python\Python39\Scripts\;C:\Users\asus\AppData\Local\Programs\Python\Python39\;C:\Users\asus\AppData\Local\Microsoft\WindowsApps;C:\Users\asus\Desktop\Microsoft VS Code\bin;C:\Users\asus\AppData\Roaming\npm;C:\Users\asus\go\bin;C:\Program Files\Apache\Maven\bin;C:\Users\asus\AppData\Local\Programs\mongosh\;C:\Users\asus\AppData\Local\Programs\Antigravity\bin
USERNAME=asus
OS=Windows_NT
PROCESSOR_IDENTIFIER=AMD64 Family 23 Model 24 Stepping 1, AuthenticAMD
TMP=C:\Users\asus\AppData\Local\Temp
TEMP=C:\Users\asus\AppData\Local\Temp




Periodic native trim disabled

---------------  S Y S T E M  ---------------

OS:
 Windows 11 , 64 bit Build 26100 (10.0.26100.7920)
OS uptime: 0 days 5:00 hours
Hyper-V role detected

CPU: total 8 (initial active 8) (8 cores per cpu, 2 threads per core) family 23 model 24 stepping 1 microcode 0x8108102, cx8, cmov, fxsr, ht, mmx, 3dnowpref, sse, sse2, sse3, ssse3, sse4a, sse4.1, sse4.2, popcnt, lzcnt, tsc, tscinvbit, avx, avx2, aes, clmul, bmi1, bmi2, adx, sha, fma, vzeroupper, clflush, clflushopt, hv, rdtscp, f16c
Processor Information for all 8 processors :
  Max Mhz: 2100, Current Mhz: 2100, Mhz Limit: 2100

Memory: 4k page, system-wide physical 6091M (1828M free)
TotalPageFile size 21660M (AvailPageFile size 107M)
current process WorkingSet (physical memory assigned to process): 164M, peak: 165M
current process commit charge ("private bytes"): 248M, peak: 252M

vm_info: Java HotSpot(TM) 64-Bit Server VM (21.0.5+9-LTS-239) for windows-amd64 JRE (21.0.5+9-LTS-239), built on 2024-09-30T05:17:38Z by "mach5one" with MS VC++ 17.6 (VS2022)

END.
